method,precision,recall,f1,coverage,runtime_sec
TFIDF,1.0,0.0015888778550148957,0.003172714653975808,1678.3333333333333,0.010610580444335938
SBERT,1.0,0.05958291956305859,0.11246485473289597,1678.3333333333333,0.27712130546569824
BERT,1.0,1.0,1.0,1678.3333333333333,29.673210859298706
