src_id,tgt_id,bge_score,predicted_rel
5.3-11,5.3.1-2.2,0.7644,OVERLAP
5.2-1,5.2.2-4,0.7513,OVERLAP
5.3-8,5.4.1-1,0.7401,OVERLAP
5.3-11,5.4.1-1,0.733,OVERLAP
5.3-11,5.2.3-4,0.7287,OVERLAP
5.3-11,5.1.1-2.1,0.7206,OVERLAP
5.8-3,5.2.2-4,0.7174,OVERLAP
5.3-2,5.4.1-1.1,0.7151,OVERLAP
5.3-11,5.2.4-1.1,0.7137,OVERLAP
5.5-8,5.2.3-1,0.7108,OVERLAP
5.9-2,5.2.1-3.1,0.7106,OVERLAP
5.6-9,5.2.1-2,0.7072,OVERLAP
5.2-3,5.4.2-4,0.7067,OVERLAP
5.3-4A,5.4.1-1.1,0.7026,OVERLAP
5.3-8,5.1.1-2.1,0.7023,OVERLAP
5.6-9,5.2.3-1,0.6955,COMPLEMENTARITY
5.3-11,5.2.2-4,0.6937,COMPLEMENTARITY
5.11-3,5.5.1-2,0.6928,COMPLEMENTARITY
5.3-5,5.4.2-4,0.6927,COMPLEMENTARITY
5.0-1,5.2.1-4.1,0.6917,COMPLEMENTARITY
5.3-5,5.4.1-1,0.6913,COMPLEMENTARITY
5.5-6,5.1.2-5,0.6898,COMPLEMENTARITY
5.3-11,5.1.4-4,0.6883,COMPLEMENTARITY
5.3-4A,5.4.1-1,0.6871,COMPLEMENTARITY
5.10-1,5.4.2-2,0.6864,COMPLEMENTARITY
5.8-3,5.2.3-2.2,0.6831,COMPLEMENTARITY
5.8-3,5.3.1-2.2,0.6817,COMPLEMENTARITY
5.2-3,5.4.2-3,0.6813,COMPLEMENTARITY
5.6-9,5.2.4-1,0.6807,COMPLEMENTARITY
5.2-3,5.4.2-2,0.68,COMPLEMENTARITY
5.6-7,5.1.2-5,0.6799,COMPLEMENTARITY
5.5-8,5.1.3-1.1,0.6786,COMPLEMENTARITY
5.3-5,5.1.4-4,0.6776,COMPLEMENTARITY
5.3-6B,5.4.1-1,0.6773,COMPLEMENTARITY
5.3-11,5.1.2-7,0.676,COMPLEMENTARITY
5.6-9,5.1.3-1.2,0.6758,COMPLEMENTARITY
5.10-1,5.4.2-4,0.6752,COMPLEMENTARITY
5.3-1,5.4.1-1.1,0.6751,COMPLEMENTARITY
5.3-11,5.4.1-2,0.6743,COMPLEMENTARITY
5.3-11,5.1.2-5,0.6736,COMPLEMENTARITY
5.11-4,5.1.4-4,0.6726,COMPLEMENTARITY
5.13-1A,5.1.4-4,0.6723,COMPLEMENTARITY
5.2-3,5.2.3-1,0.6717,COMPLEMENTARITY
5.7-2,5.2.1-3.1,0.6705,COMPLEMENTARITY
5.3-5,5.2.1-3.1,0.67,COMPLEMENTARITY
5.13-1A,5.1.2-2,0.6694,COMPLEMENTARITY
5.3-11,5.4.2-4,0.6689,COMPLEMENTARITY
5.2-2,5.1.3-1.1,0.6684,COMPLEMENTARITY
5.6-9,5.1.2-4,0.6681,COMPLEMENTARITY
5.3-1,5.2.4-1.2,0.6678,COMPLEMENTARITY
5.1-5,5.4.1-1.1,0.6674,COMPLEMENTARITY
5.3-7,5.2.4-1.2,0.6674,COMPLEMENTARITY
5.6-8,5.2.2-2,0.6673,COMPLEMENTARITY
5.5-6,5.2.1-4.2,0.6672,COMPLEMENTARITY
5.3-11,5.1.2-5.1,0.6661,COMPLEMENTARITY
5.11-4,5.2.1-3.1,0.6656,COMPLEMENTARITY
5.2-3,5.2.1-2,0.6655,COMPLEMENTARITY
5.3-11,5.1.3-2,0.6653,COMPLEMENTARITY
5.13-1B,5.1.4-4,0.6653,COMPLEMENTARITY
5.8-2,5.1.2-5,0.665,COMPLEMENTARITY
5.9-3,5.2.1-3.1,0.6645,COMPLEMENTARITY
5.2-2,5.3.1-3,0.6639,COMPLEMENTARITY
5.13-1A,5.2.1-4.1,0.6635,COMPLEMENTARITY
5.13-1A,5.1.2-5,0.663,COMPLEMENTARITY
5.6-9,5.2.1-4.1,0.6625,COMPLEMENTARITY
5.3-4A,5.1.4-4,0.6624,COMPLEMENTARITY
5.6-4B,5.1.4-4,0.662,COMPLEMENTARITY
5.2-3,5.1.3-3,0.6619,COMPLEMENTARITY
5.6-7,5.1.2-6,0.6614,COMPLEMENTARITY
5.0-1,5.1.2-3,0.66,COMPLEMENTARITY
5.3-4A,5.2.3-1,0.6599,COMPLEMENTARITY
5.3-8,5.3.1-3,0.6595,COMPLEMENTARITY
5.4-1,5.1.2-5,0.6595,COMPLEMENTARITY
5.8-1,5.1.2-5,0.6586,COMPLEMENTARITY
5.6-9,5.3.1-3,0.6583,COMPLEMENTARITY
5.10-1,5.4.2-3,0.6573,COMPLEMENTARITY
5.2-3,5.1.2-5.1,0.6573,COMPLEMENTARITY
5.13-1B,5.1.2-5,0.6572,COMPLEMENTARITY
5.3-11,5.4.2-1,0.657,COMPLEMENTARITY
5.2-3,5.4.2-1,0.6569,COMPLEMENTARITY
5.9-3,5.2.1-1,0.6569,COMPLEMENTARITY
5.5-8,5.2.5-1,0.6566,COMPLEMENTARITY
5.3-4A,5.2.1-2,0.656,COMPLEMENTARITY
5.6-9,5.1.3-4,0.6559,COMPLEMENTARITY
5.3-5,5.4.2-3,0.6549,COMPLEMENTARITY
5.3-11,5.2.4-1,0.6547,COMPLEMENTARITY
5.13-1B,5.1.2-2,0.6537,COMPLEMENTARITY
5.3-11,5.2.1-3.1,0.6532,COMPLEMENTARITY
5.3-5,5.4.1-2,0.6526,COMPLEMENTARITY
5.3-4A,5.3.1-2.2,0.6526,COMPLEMENTARITY
5.8-2,5.2.1-4,0.6523,COMPLEMENTARITY
5.6-9,5.1.1-2.2,0.6523,COMPLEMENTARITY
5.5-8,5.1.2-5,0.6521,COMPLEMENTARITY
5.3-12,5.4.1-1,0.6519,COMPLEMENTARITY
5.8-3,5.2.4-1,0.6519,COMPLEMENTARITY
5.3-11,5.1.1-2,0.6518,COMPLEMENTARITY
5.3-11,5.2.4-3,0.6514,COMPLEMENTARITY
5.3-11,5.4.1-1.1,0.6509,COMPLEMENTARITY
5.3-4B,5.4.1-1,0.6506,COMPLEMENTARITY
5.0-1,5.3.1-3,0.6499,COMPLEMENTARITY
5.3-4A,5.2.3-4,0.6497,COMPLEMENTARITY
5.3-5,5.2.5-1,0.6497,COMPLEMENTARITY
5.3-11,5.2.5-1,0.6492,COMPLEMENTARITY
5.3-4A,5.4.1-2,0.6481,COMPLEMENTARITY
5.5-8,5.1.4-4,0.6479,COMPLEMENTARITY
5.3-4A,5.4.2-3,0.6479,COMPLEMENTARITY
5.3-15B,5.4.1-1.1,0.6476,COMPLEMENTARITY
5.5-8,5.2.1-2,0.6475,COMPLEMENTARITY
5.6-4A,5.2.2-2,0.6474,COMPLEMENTARITY
5.0-1,5.1.3-1,0.6473,COMPLEMENTARITY
5.3-11,5.1.3-3,0.6473,COMPLEMENTARITY
5.10-1,5.1.4-4,0.6473,COMPLEMENTARITY
5.6-9,5.1.4-4,0.6471,COMPLEMENTARITY
5.9-3,5.2.2-6,0.6471,COMPLEMENTARITY
5.6-9,5.2.2-2,0.647,COMPLEMENTARITY
5.2-3,5.2.2-6,0.6467,COMPLEMENTARITY
5.4-4,5.2.4-1.2,0.6466,COMPLEMENTARITY
5.3-8,5.1.3-2,0.6466,COMPLEMENTARITY
5.4-4,5.1.3-1.2,0.6462,COMPLEMENTARITY
5.3-11,5.2.5-3,0.6461,COMPLEMENTARITY
5.6-9,5.4.1-1,0.6461,COMPLEMENTARITY
5.6-1,5.2.2-2,0.646,COMPLEMENTARITY
5.10-1,5.1.2-5,0.646,COMPLEMENTARITY
5.2-3,5.2.1-1,0.646,COMPLEMENTARITY
5.0-1,5.2.3-2,0.6459,COMPLEMENTARITY
5.0-1,5.2.4-3,0.6452,COMPLEMENTARITY
5.5-8,5.2.1-1,0.6451,COMPLEMENTARITY
5.4-4,5.4.1-1.1,0.645,COMPLEMENTARITY
5.6-7,5.4.1-1.1,0.6449,COMPLEMENTARITY
5.11-4,5.1.2-5,0.6443,COMPLEMENTARITY
5.6-9,5.2.5-1,0.6441,COMPLEMENTARITY
5.3-7,5.2.3-1,0.6441,COMPLEMENTARITY
5.6-7,5.1.4-4,0.644,COMPLEMENTARITY
5.3-10,5.4.1-1,0.644,COMPLEMENTARITY
5.3-11,5.3.1-3,0.6438,COMPLEMENTARITY
5.0-1,5.1.3-2,0.6433,COMPLEMENTARITY
5.6-4B,5.2.5-2,0.6429,COMPLEMENTARITY
5.11-1,5.5.1-2,0.6422,COMPLEMENTARITY
5.2-3,5.1.2-2,0.6421,COMPLEMENTARITY
5.3-10,5.2.2-6,0.6419,COMPLEMENTARITY
5.8-1,5.2.1-4,0.6419,COMPLEMENTARITY
5.3-11,5.2.3-2.1,0.6419,COMPLEMENTARITY
5.5-2,5.2.1-4.1,0.6416,COMPLEMENTARITY
5.13-1A,5.1.4-5,0.6415,COMPLEMENTARITY
5.11-4,5.5.1-2,0.6415,COMPLEMENTARITY
5.6-7,5.2.1-4,0.6414,COMPLEMENTARITY
5.3-11,5.4.2-3,0.6412,COMPLEMENTARITY
5.3-4A,5.2.2-4,0.6411,COMPLEMENTARITY
5.6-9,5.4.1-1.1,0.6409,COMPLEMENTARITY
5.3-15A,5.2.1-3.1,0.6404,COMPLEMENTARITY
5.3-14,5.2.3-4,0.6403,COMPLEMENTARITY
5.3-13,5.2.3-4,0.6401,COMPLEMENTARITY
5.6-9,5.4.2-4,0.64,COMPLEMENTARITY
5.0-1,5.2.2-2,0.6399,COMPLEMENTARITY
5.13-1B,5.2.1-4.1,0.6397,COMPLEMENTARITY
5.6-9,5.2.4-1.2,0.6396,COMPLEMENTARITY
5.4-3,5.2.2-2,0.6395,COMPLEMENTARITY
5.3-5,5.2.3-4,0.6394,COMPLEMENTARITY
5.6-9,5.1.2-3,0.6392,COMPLEMENTARITY
5.0-1,5.1.3-1.2,0.639,COMPLEMENTARITY
5.3-4A,5.1.1-2.1,0.6387,COMPLEMENTARITY
5.3-14,5.4.1-1.1,0.6387,COMPLEMENTARITY
5.13-1A,5.2.1-4,0.6385,COMPLEMENTARITY
5.3-9,5.4.1-1,0.6384,COMPLEMENTARITY
5.9-3,5.1.2-5,0.6384,COMPLEMENTARITY
5.3-6A,5.4.1-1.1,0.638,COMPLEMENTARITY
5.3-4A,5.4.2-4,0.6378,COMPLEMENTARITY
5.0-1,5.2.4-1.1,0.6378,COMPLEMENTARITY
5.1-5,5.1.3-1.2,0.6378,COMPLEMENTARITY
5.5-8,5.1.2-4,0.6378,COMPLEMENTARITY
5.5-3,5.2.4-1.2,0.6378,COMPLEMENTARITY
5.3-15A,5.4.1-1.1,0.6377,COMPLEMENTARITY
5.6-9,5.4.1-2,0.6376,COMPLEMENTARITY
5.3-11,5.3.1-2.1,0.6373,COMPLEMENTARITY
5.3-4A,5.2.4-1.2,0.6372,COMPLEMENTARITY
5.1-5,5.2.2-2,0.637,COMPLEMENTARITY
5.2-3,5.3.1-3,0.6366,COMPLEMENTARITY
5.3-11,5.2.2-6,0.6366,COMPLEMENTARITY
5.13-1A,5.3.1-3,0.6362,COMPLEMENTARITY
5.3-10,5.2.3-1,0.6361,COMPLEMENTARITY
5.3-4A,5.1.2-5,0.6361,COMPLEMENTARITY
5.3-4A,5.2.1-3.1,0.6359,COMPLEMENTARITY
5.3-11,5.2.3-2.2,0.6358,COMPLEMENTARITY
5.2-3,5.4.1-1,0.6355,COMPLEMENTARITY
5.3-4A,5.1.1-2.2,0.6353,COMPLEMENTARITY
5.0-1,5.2.4-1,0.6351,COMPLEMENTARITY
5.3-8,5.2.3-4,0.635,COMPLEMENTARITY
5.4-2,5.2.1-4,0.6347,COMPLEMENTARITY
5.4-1,5.2.1-4,0.6345,COMPLEMENTARITY
5.2-3,5.1.3-4,0.6337,COMPLEMENTARITY
5.3-10,5.1.2-7,0.6335,COMPLEMENTARITY
5.2-3,5.1.4-4,0.6333,COMPLEMENTARITY
5.6-9,5.1.3-1,0.6331,COMPLEMENTARITY
5.2-2,5.2.2-4,0.6331,COMPLEMENTARITY
5.3-4A,5.1.2-2,0.633,COMPLEMENTARITY
5.3-11,5.1.3-1.1,0.6327,COMPLEMENTARITY
5.3-11,5.1.2-1,0.6327,COMPLEMENTARITY
5.3-11,5.1.4-5,0.6326,COMPLEMENTARITY
5.3-6A,5.4.1-1,0.6324,COMPLEMENTARITY
5.0-1,5.1.3-1.1,0.6322,COMPLEMENTARITY
5.3-11,5.1.1-1,0.6322,COMPLEMENTARITY
5.3-11,5.2.1-1,0.6322,COMPLEMENTARITY
5.3-5,5.1.2-7,0.6321,COMPLEMENTARITY
5.4-4,5.2.1-4.1,0.6321,COMPLEMENTARITY
5.3-1,5.2.5-1,0.6317,COMPLEMENTARITY
5.3-14,5.2.4-1,0.6316,COMPLEMENTARITY
5.5-1,5.1.3-1.2,0.6315,COMPLEMENTARITY
5.2-3,5.1.2-5,0.6315,COMPLEMENTARITY
5.4-4,5.2.1-2,0.6314,COMPLEMENTARITY
5.6-9,5.5.1-1,0.6311,COMPLEMENTARITY
5.8-2,5.2.1-4.2,0.6308,COMPLEMENTARITY
5.3-7,5.1.2-5,0.6307,COMPLEMENTARITY
5.2-3,5.2.5-1,0.6305,COMPLEMENTARITY
5.13-1A,5.2.5-2,0.6304,COMPLEMENTARITY
5.5-8,5.2.3-2.1,0.6304,COMPLEMENTARITY
5.5-8,5.4.2-4,0.6304,COMPLEMENTARITY
5.6-9,5.2.4-3,0.6302,COMPLEMENTARITY
5.6-2,5.1.3-2,0.63,COMPLEMENTARITY
5.3-13,5.2.4-1,0.6299,COMPLEMENTARITY
5.13-1B,5.3.1-3,0.6299,COMPLEMENTARITY
5.11-3,5.1.2-5,0.6299,COMPLEMENTARITY
5.5-2,5.3.1-1,0.6298,COMPLEMENTARITY
5.3-4A,5.1.4-1,0.6298,COMPLEMENTARITY
5.13-1A,5.2.4-3,0.6297,COMPLEMENTARITY
5.3-9,5.2.1-4.1,0.6297,COMPLEMENTARITY
5.4-4,5.1.1-2.2,0.6297,COMPLEMENTARITY
5.6-4B,5.2.1-3.1,0.6296,COMPLEMENTARITY
5.6-7,5.2.1-2,0.6295,COMPLEMENTARITY
5.3-6A,5.2.3-4,0.6293,COMPLEMENTARITY
5.3-4A,5.1.3-1.2,0.6291,COMPLEMENTARITY
5.3-4A,5.1.1-1,0.629,COMPLEMENTARITY
5.6-7,5.2.1-3.1,0.629,COMPLEMENTARITY
5.3-5,5.3.1-2.2,0.6288,COMPLEMENTARITY
5.6-7,5.2.3-2.1,0.6286,COMPLEMENTARITY
5.13-1B,5.2.1-4,0.628,COMPLEMENTARITY
5.2-3,5.1.2-4,0.628,COMPLEMENTARITY
5.6-9,5.1.3-2,0.6276,COMPLEMENTARITY
5.12-2,5.3.1-3,0.6276,COMPLEMENTARITY
5.13-1A,5.4.2-2,0.6275,COMPLEMENTARITY
5.3-10,5.2.4-1.2,0.6274,COMPLEMENTARITY
5.3-5,5.2.4-3,0.6268,COMPLEMENTARITY
5.3-11,5.2.1-2,0.6267,COMPLEMENTARITY
5.3-4A,5.1.3-1.1,0.6267,COMPLEMENTARITY
5.13-1B,5.2.5-2,0.6265,COMPLEMENTARITY
5.4-1,5.2.2-4,0.6264,COMPLEMENTARITY
5.6-9,5.1.3-1.1,0.6263,COMPLEMENTARITY
5.3-2,5.1.3-1.2,0.6262,COMPLEMENTARITY
5.3-10,5.2.1-1,0.6262,COMPLEMENTARITY
5.12-2,5.1.3-2,0.6262,COMPLEMENTARITY
5.13-1B,5.4.2-2,0.6259,COMPLEMENTARITY
5.2-3,5.1.3-1.1,0.6258,COMPLEMENTARITY
5.6-7,5.2.2-1,0.6258,COMPLEMENTARITY
5.4-4,5.1.2-5,0.6254,COMPLEMENTARITY
5.4-1,5.1.4-4,0.6253,COMPLEMENTARITY
5.4-2,5.1.2-5,0.6253,COMPLEMENTARITY
5.8-2,5.2.2-4,0.6252,COMPLEMENTARITY
5.6-9,5.2.2-3,0.6252,COMPLEMENTARITY
5.2-3,5.4.1-2,0.6251,COMPLEMENTARITY
5.3-8,5.4.1-2,0.6248,COMPLEMENTARITY
5.13-1A,5.1.2-6,0.6246,COMPLEMENTARITY
5.4-4,5.2.1-4,0.6246,COMPLEMENTARITY
5.3-1,5.4.1-1,0.6246,COMPLEMENTARITY
5.4-4,5.2.3-1,0.6245,COMPLEMENTARITY
5.11-3,5.2.1-3.1,0.6244,COMPLEMENTARITY
5.3-10,5.1.3-3,0.6243,COMPLEMENTARITY
5.13-1B,5.4.2-1,0.6243,COMPLEMENTARITY
5.8-1,5.2.1-4.2,0.6243,COMPLEMENTARITY
5.11-4,5.2.4-1,0.6242,COMPLEMENTARITY
5.3-5,5.2.4-1,0.6241,COMPLEMENTARITY
5.13-1A,5.4.2-4,0.6237,COMPLEMENTARITY
5.3-4B,5.4.1-1.1,0.6237,COMPLEMENTARITY
5.7-2,5.2.4-3,0.6237,COMPLEMENTARITY
5.5-6,5.2.1-4,0.6236,COMPLEMENTARITY
5.5-6,5.1.4-4,0.6235,COMPLEMENTARITY
5.3-14,5.4.1-1,0.6231,COMPLEMENTARITY
5.6-7,5.4.1-1,0.623,COMPLEMENTARITY
5.13-1A,5.4.2-1,0.6228,COMPLEMENTARITY
5.3-13,5.2.1-4.1,0.6226,COMPLEMENTARITY
5.5-6,5.2.2-4,0.6226,COMPLEMENTARITY
5.13-1A,5.2.5-3,0.6225,COMPLEMENTARITY
5.2-2,5.1.3-1,0.6224,COMPLEMENTARITY
5.5-3,5.1.2-2,0.6223,COMPLEMENTARITY
5.2-1,5.2.4-1.1,0.6223,COMPLEMENTARITY
5.3-11,5.2.4-1.2,0.6222,COMPLEMENTARITY
5.0-1,5.3.1-2.1,0.6219,COMPLEMENTARITY
5.3-4B,5.2.2-2,0.6219,COMPLEMENTARITY
5.0-1,5.1.3-4,0.6219,COMPLEMENTARITY
5.2-2,5.1.1-2,0.6219,COMPLEMENTARITY
5.3-12,5.3.1-3,0.6216,COMPLEMENTARITY
5.4-4,5.2.2-2,0.6216,COMPLEMENTARITY
5.3-10,5.1.4-4,0.6214,COMPLEMENTARITY
5.2-3,5.2.3-2.1,0.6212,COMPLEMENTARITY
5.3-4B,5.2.1-4.1,0.6211,COMPLEMENTARITY
5.2-1,5.2.4-3,0.621,COMPLEMENTARITY
5.12-2,5.4.1-1,0.621,COMPLEMENTARITY
5.3-5,5.2.5-2,0.621,COMPLEMENTARITY
5.3-4A,5.2.1-4.2,0.6208,COMPLEMENTARITY
5.6-7,5.2.1-4.2,0.6208,COMPLEMENTARITY
5.1-2,5.2.1-4,0.6206,COMPLEMENTARITY
5.3-11,5.1.2-4,0.6203,COMPLEMENTARITY
5.6-4B,5.2.5-3,0.6203,COMPLEMENTARITY
5.3-15B,5.2.1-3.1,0.6203,COMPLEMENTARITY
5.3-14,5.4.1-3,0.6201,COMPLEMENTARITY
5.3-12,5.2.4-3,0.62,COMPLEMENTARITY
5.3-4A,5.5.1-2,0.6195,COMPLEMENTARITY
5.3-3,5.4.1-1,0.6195,COMPLEMENTARITY
5.10-1,5.2.5-3,0.6195,COMPLEMENTARITY
5.13-1B,5.4.2-4,0.6195,COMPLEMENTARITY
5.5-8,5.1.2-1,0.6193,COMPLEMENTARITY
5.6-9,5.2.3-2.1,0.6192,COMPLEMENTARITY
5.8-3,5.2.1-1,0.6192,COMPLEMENTARITY
5.8-3,5.2.3-4,0.6191,COMPLEMENTARITY
5.2-1,5.2.4-2.1,0.6191,COMPLEMENTARITY
5.0-1,5.1.2-5,0.619,COMPLEMENTARITY
5.3-1,5.2.3-1,0.619,COMPLEMENTARITY
5.5-3,5.5.1-2,0.6189,COMPLEMENTARITY
5.13-1A,5.2.5-1,0.6189,COMPLEMENTARITY
5.12-2,5.1.3-4,0.6187,COMPLEMENTARITY
5.3-4A,5.2.1-3,0.6187,COMPLEMENTARITY
5.3-8,5.4.2-4,0.6186,COMPLEMENTARITY
5.6-7,5.2.2-4,0.6186,COMPLEMENTARITY
5.6-4B,5.2.4-1,0.6186,COMPLEMENTARITY
5.2-3,5.2.2-1,0.6185,COMPLEMENTARITY
5.13-1A,5.2.5-4.1,0.6185,COMPLEMENTARITY
5.4-4,5.1.2-2,0.6183,COMPLEMENTARITY
5.2-3,5.1.3-1,0.6182,COMPLEMENTARITY
5.3-9,5.2.4-1.2,0.6182,COMPLEMENTARITY
5.12-1,5.1.2-5,0.6181,COMPLEMENTARITY
5.3-1,5.2.2-4,0.618,COMPLEMENTARITY
5.2-3,5.1.4-1,0.618,COMPLEMENTARITY
5.11-2,5.5.1-2,0.6179,COMPLEMENTARITY
5.2-2,5.1.3-2,0.6179,COMPLEMENTARITY
5.6-7,5.1.2-4,0.6173,COMPLEMENTARITY
5.2-3,5.1.2-1,0.6172,COMPLEMENTARITY
5.4-4,5.1.2-4,0.6171,COMPLEMENTARITY
5.5-8,5.5.1-2,0.617,COMPLEMENTARITY
5.2-1,5.3.1-3,0.617,COMPLEMENTARITY
5.2-3,5.2.2-4,0.6169,COMPLEMENTARITY
5.3-11,5.2.5-2,0.6169,COMPLEMENTARITY
5.3-5,5.2.1-4.1,0.6169,COMPLEMENTARITY
5.11-2,5.1.2-5,0.6169,COMPLEMENTARITY
5.6-4B,5.2.5-1,0.6169,COMPLEMENTARITY
5.6-7,5.2.5-1,0.6167,COMPLEMENTARITY
5.3-8,5.2.4-3,0.6163,COMPLEMENTARITY
5.3-13,5.4.1-1,0.6162,COMPLEMENTARITY
5.3-10,5.2.1-2,0.6159,COMPLEMENTARITY
5.3-7,5.4.1-1.1,0.6159,COMPLEMENTARITY
5.3-1,5.2.1-3.1,0.6158,COMPLEMENTARITY
5.4-2,5.1.1-2.2,0.6158,COMPLEMENTARITY
5.3-2,5.2.1-3.1,0.6158,COMPLEMENTARITY
5.9-1,5.1.2-2,0.6157,COMPLEMENTARITY
5.5-8,5.1.2-5.1,0.6156,COMPLEMENTARITY
5.1-3,5.2.1-4,0.6156,COMPLEMENTARITY
5.6-9,5.1.4-3,0.6156,COMPLEMENTARITY
5.2-3,5.2.1-3.1,0.6151,COMPLEMENTARITY
5.9-3,5.4.2-3,0.6149,COMPLEMENTARITY
5.9-1,5.2.1-3.1,0.6149,COMPLEMENTARITY
5.5-8,5.1.3-3,0.6149,COMPLEMENTARITY
5.5-8,5.1.2-3,0.6148,COMPLEMENTARITY
5.13-1B,5.1.4-5,0.6147,COMPLEMENTARITY
5.3-12,5.4.2-4,0.6146,COMPLEMENTARITY
5.9-3,5.2.3-1,0.6146,COMPLEMENTARITY
5.12-2,5.1.2-5,0.6145,COMPLEMENTARITY
5.3-14,5.2.4-3,0.6144,COMPLEMENTARITY
5.13-1A,5.2.3-2.1,0.6143,COMPLEMENTARITY
5.0-1,5.5.1-1,0.6143,COMPLEMENTARITY
5.3-11,5.4.2-2,0.6143,COMPLEMENTARITY
5.3-9,5.2.4-1,0.6142,COMPLEMENTARITY
5.3-8,5.4.1-1.1,0.6141,COMPLEMENTARITY
5.12-2,5.1.3-1.2,0.6137,COMPLEMENTARITY
5.13-1A,5.2.1-3.1,0.6137,COMPLEMENTARITY
5.3-5,5.4.2-2,0.6135,COMPLEMENTARITY
5.9-3,5.1.4-1,0.6135,COMPLEMENTARITY
5.7-2,5.4.2-4,0.6135,COMPLEMENTARITY
5.6-4B,5.2.3-2.1,0.6132,COMPLEMENTARITY
5.4-2,5.2.1-2,0.6131,COMPLEMENTARITY
5.10-1,5.1.3-4,0.6131,COMPLEMENTARITY
5.3-13,5.2.4-3,0.6129,COMPLEMENTARITY
5.1-2,5.2.2-2,0.6128,COMPLEMENTARITY
5.4-3,5.2.1-4.1,0.6127,COMPLEMENTARITY
5.3-5,5.4.1-3,0.6127,COMPLEMENTARITY
5.1-5,5.1.4-5,0.6125,COMPLEMENTARITY
5.0-1,5.1.2-1,0.6125,COMPLEMENTARITY
5.3-4A,5.2.5-1,0.6122,COMPLEMENTARITY
5.12-2,5.2.1-4.1,0.6121,COMPLEMENTARITY
5.3-5,5.2.2-6,0.6121,COMPLEMENTARITY
5.3-11,5.1.3-1,0.6119,COMPLEMENTARITY
5.2-3,5.1.4-5,0.6119,COMPLEMENTARITY
5.12-2,5.2.2-2,0.6118,COMPLEMENTARITY
5.2-3,5.2.1-4,0.6117,COMPLEMENTARITY
5.6-7,5.2.3-1,0.6116,COMPLEMENTARITY
5.5-1,5.1.2-5,0.6116,COMPLEMENTARITY
5.2-1,5.1.3-2,0.6115,COMPLEMENTARITY
5.2-2,5.1.3-1.2,0.6115,COMPLEMENTARITY
5.3-11,5.3.1-1,0.6113,COMPLEMENTARITY
5.9-3,5.1.3-4,0.6113,COMPLEMENTARITY
5.11-3,5.1.4-4,0.6113,COMPLEMENTARITY
5.3-10,5.2.5-1,0.6112,COMPLEMENTARITY
5.4-4,5.1.3-1.1,0.6112,COMPLEMENTARITY
5.10-1,5.4.2-1,0.6111,COMPLEMENTARITY
5.2-1,5.2.4-1,0.6111,COMPLEMENTARITY
5.2-3,5.3.1-2.2,0.611,COMPLEMENTARITY
5.6-3,5.2.2-2,0.611,COMPLEMENTARITY
5.9-3,5.1.3-3,0.611,COMPLEMENTARITY
5.3-5,5.4.1-1.1,0.6108,COMPLEMENTARITY
5.4-2,5.1.2-2,0.6107,COMPLEMENTARITY
5.3-5,5.1.2-5,0.6107,COMPLEMENTARITY
5.3-14,5.2.1-3.1,0.6106,COMPLEMENTARITY
5.6-9,5.2.4-1.1,0.6106,COMPLEMENTARITY
5.6-2,5.3.1-1,0.6106,COMPLEMENTARITY
5.13-1B,5.1.2-6,0.6105,COMPLEMENTARITY
5.13-1A,5.2.4-1.1,0.6105,COMPLEMENTARITY
5.5-2,5.4.1-1,0.6104,COMPLEMENTARITY
5.6-6,5.1.2-5,0.6104,COMPLEMENTARITY
5.2-1,5.2.1-4.1,0.6103,COMPLEMENTARITY
5.3-2,5.1.4-5,0.6102,COMPLEMENTARITY
5.3-1,5.1.3-1.2,0.6101,COMPLEMENTARITY
5.5-6,5.2.4-1.2,0.6101,COMPLEMENTARITY
5.5-8,5.2.4-1,0.61,COMPLEMENTARITY
5.11-2,5.2.1-3.1,0.61,COMPLEMENTARITY
5.13-1B,5.2.5-3,0.61,COMPLEMENTARITY
5.5-6,5.2.4-1.1,0.6099,COMPLEMENTARITY
5.10-1,5.1.2-5.1,0.6099,COMPLEMENTARITY
5.6-4B,5.1.2-5,0.6099,COMPLEMENTARITY
5.5-8,5.2.4-1.2,0.6098,COMPLEMENTARITY
5.5-2,5.2.2-2,0.6097,COMPLEMENTARITY
5.3-11,5.2.3-1,0.6097,COMPLEMENTARITY
5.3-2,5.2.2-2,0.6096,COMPLEMENTARITY
5.3-4A,5.2.1-1,0.6095,COMPLEMENTARITY
5.6-4B,5.2.2-4,0.6095,COMPLEMENTARITY
5.5-3,5.1.3-1.2,0.6094,COMPLEMENTARITY
5.6-7,5.2.4-1.1,0.6094,COMPLEMENTARITY
5.3-11,5.4.1-3,0.6094,COMPLEMENTARITY
5.3-4B,5.2.4-3,0.6094,COMPLEMENTARITY
5.3-7,5.3.1-2.2,0.6093,COMPLEMENTARITY
5.3-5,5.2.4-1.2,0.609,COMPLEMENTARITY
5.5-2,5.1.3-1.2,0.609,COMPLEMENTARITY
5.2-2,5.4.1-1.1,0.6089,COMPLEMENTARITY
5.3-5,5.1.3-4,0.6089,COMPLEMENTARITY
5.2-1,5.2.2-2,0.6088,COMPLEMENTARITY
5.0-1,5.2.3-2.1,0.6087,COMPLEMENTARITY
5.3-10,5.1.2-5,0.6087,COMPLEMENTARITY
5.3-11,5.2.2-1,0.6086,COMPLEMENTARITY
5.2-3,5.2.1-4.1,0.6086,COMPLEMENTARITY
5.13-1A,5.1.2-3,0.6085,COMPLEMENTARITY
5.3-5,5.2.3-3,0.6084,COMPLEMENTARITY
5.3-7,5.1.4-4,0.6083,COMPLEMENTARITY
5.6-7,5.4.2-4,0.6082,COMPLEMENTARITY
5.3-4B,5.5.1-1,0.6082,COMPLEMENTARITY
5.13-1B,5.2.1-3.1,0.608,COMPLEMENTARITY
5.5-1,5.1.3-4,0.6079,COMPLEMENTARITY
5.1-2,5.5.1-1,0.6079,COMPLEMENTARITY
5.2-2,5.4.1-1,0.6079,COMPLEMENTARITY
5.6-7,5.4.2-3,0.6079,COMPLEMENTARITY
5.3-4B,5.3.1-3,0.6078,COMPLEMENTARITY
5.9-3,5.1.2-2,0.6078,COMPLEMENTARITY
5.4-2,5.1.4-4,0.6077,COMPLEMENTARITY
5.3-4B,5.1.3-1.2,0.6077,COMPLEMENTARITY
5.3-11,5.1.3-4,0.6077,COMPLEMENTARITY
5.13-1B,5.2.3-2.1,0.6076,COMPLEMENTARITY
5.3-5,5.2.2-1,0.6075,COMPLEMENTARITY
5.6-7,5.5.1-2,0.6075,COMPLEMENTARITY
5.3-7,5.2.2-4,0.6072,COMPLEMENTARITY
5.0-1,5.4.2-4,0.6071,COMPLEMENTARITY
5.6-8,5.1.3-1.2,0.6069,COMPLEMENTARITY
5.5-7,5.2.2-2,0.6069,COMPLEMENTARITY
5.12-3,5.2.1-4.1,0.6069,COMPLEMENTARITY
5.3-5,5.3.1-3,0.6067,COMPLEMENTARITY
5.10-1,5.2.5-2.1,0.6067,COMPLEMENTARITY
5.3-4A,5.2.5-2.1,0.6067,COMPLEMENTARITY
5.6-1,5.5.1-1,0.6067,COMPLEMENTARITY
5.3-11,5.1.3-1.3,0.6066,COMPLEMENTARITY
5.12-2,5.2.4-3,0.6066,COMPLEMENTARITY
5.3-8,5.3.1-2.2,0.6065,COMPLEMENTARITY
5.7-2,5.3.1-3,0.6065,COMPLEMENTARITY
5.3-13,5.3.1-1,0.6065,COMPLEMENTARITY
5.6-2,5.2.2-2,0.6064,COMPLEMENTARITY
5.3-13,5.1.1-2.1,0.6064,COMPLEMENTARITY
5.2-3,5.4.1-1.1,0.6063,COMPLEMENTARITY
5.13-1A,5.2.2-2,0.6063,COMPLEMENTARITY
5.13-1B,5.2.5-4.1,0.6063,COMPLEMENTARITY
5.6-4B,5.2.4-3,0.6063,COMPLEMENTARITY
5.6-7,5.1.1-2.2,0.6062,COMPLEMENTARITY
5.3-10,5.2.3-4,0.6062,COMPLEMENTARITY
5.5-3,5.2.1-4.2,0.6061,COMPLEMENTARITY
5.3-1,5.1.2-2,0.6061,COMPLEMENTARITY
5.4-1,5.2.1-3.1,0.6059,COMPLEMENTARITY
5.3-4A,5.2.3-2.1,0.6058,COMPLEMENTARITY
5.3-7,5.2.2-1,0.6058,COMPLEMENTARITY
5.3-11,5.1.2-6,0.6058,COMPLEMENTARITY
5.6-6,5.1.1-2.2,0.6056,COMPLEMENTARITY
5.3-7,5.4.1-1,0.6056,COMPLEMENTARITY
5.13-1B,5.2.4-3,0.6055,COMPLEMENTARITY
5.5-8,5.2.2-1,0.6055,COMPLEMENTARITY
5.3-10,5.1.1-2.1,0.6054,COMPLEMENTARITY
5.4-4,5.2.3-2.1,0.6052,COMPLEMENTARITY
5.2-1,5.2.3-4,0.6052,COMPLEMENTARITY
5.4-3,5.2.2-3,0.605,COMPLEMENTARITY
5.3-4B,5.4.2-4,0.605,COMPLEMENTARITY
5.3-1,5.1.4-4,0.6049,COMPLEMENTARITY
5.2-3,5.2.4-1.2,0.6048,COMPLEMENTARITY
5.13-1B,5.1.3-3,0.6048,COMPLEMENTARITY
5.13-1B,5.2.5-1,0.6047,COMPLEMENTARITY
5.1-3,5.1.3-1.2,0.6047,COMPLEMENTARITY
5.13-1A,5.3.1-1,0.6047,COMPLEMENTARITY
5.3-3,5.2.1-4.1,0.6047,COMPLEMENTARITY
5.4-4,5.2.2-4,0.6045,COMPLEMENTARITY
5.3-11,5.1.2-1.1,0.6045,COMPLEMENTARITY
5.13-1A,5.1.2-5.1,0.6044,COMPLEMENTARITY
5.3-14,5.1.1-2.1,0.6043,COMPLEMENTARITY
5.4-4,5.2.5-1,0.6043,COMPLEMENTARITY
5.2-3,5.2.5-2.1,0.6042,COMPLEMENTARITY
5.13-1A,5.3.1-2.1,0.6041,COMPLEMENTARITY
5.3-2,5.1.2-6,0.604,COMPLEMENTARITY
5.3-11,5.5.1-2,0.6039,COMPLEMENTARITY
5.4-4,5.1.3-1,0.6038,COMPLEMENTARITY
5.6-2,5.5.1-1,0.6036,COMPLEMENTARITY
5.8-1,5.2.2-4,0.6036,COMPLEMENTARITY
5.6-9,5.4.2-3,0.6036,COMPLEMENTARITY
5.10-1,5.2.5-1,0.6036,COMPLEMENTARITY
5.3-4A,5.1.3-4,0.6036,COMPLEMENTARITY
5.5-3,5.4.1-1.1,0.6035,COMPLEMENTARITY
5.3-2,5.2.1-4.1,0.6035,COMPLEMENTARITY
5.6-4B,5.2.1-4,0.6035,COMPLEMENTARITY
5.3-5,5.1.2-1,0.6034,COMPLEMENTARITY
5.4-1,5.2.1-4.2,0.6033,COMPLEMENTARITY
5.6-6,5.2.2-2,0.6033,COMPLEMENTARITY
5.3-13,5.4.1-3,0.6032,COMPLEMENTARITY
5.5-6,5.2.3-1,0.603,COMPLEMENTARITY
5.5-8,5.4.2-1,0.6029,COMPLEMENTARITY
5.6-7,5.1.4-1,0.6029,COMPLEMENTARITY
5.8-1,5.1.3-3,0.6029,COMPLEMENTARITY
5.10-1,5.2.2-1,0.6028,COMPLEMENTARITY
5.7-2,5.2.1-4.1,0.6028,COMPLEMENTARITY
5.10-1,5.4.1-2,0.6027,COMPLEMENTARITY
5.13-1A,5.1.3-2,0.6027,COMPLEMENTARITY
5.6-2,5.1.2-5,0.6026,COMPLEMENTARITY
5.3-10,5.2.1-3.1,0.6026,COMPLEMENTARITY
5.2-3,5.1.3-1.2,0.6026,COMPLEMENTARITY
5.6-7,5.2.5-4.1,0.6025,COMPLEMENTARITY
5.3-8,5.1.3-1.2,0.6024,COMPLEMENTARITY
5.6-8,5.2.1-4.1,0.6023,COMPLEMENTARITY
5.0-1,5.3.1-1,0.6023,COMPLEMENTARITY
5.6-7,5.2.5-2,0.6023,COMPLEMENTARITY
5.5-2,5.1.3-4,0.6023,COMPLEMENTARITY
5.1-5,5.1.2-2,0.6022,COMPLEMENTARITY
5.6-7,5.1.3-1.2,0.6022,COMPLEMENTARITY
5.3-14,5.3.1-2.2,0.6021,COMPLEMENTARITY
5.3-6B,5.1.1-2.1,0.6021,COMPLEMENTARITY
5.10-1,5.1.4-5,0.6021,COMPLEMENTARITY
5.12-3,5.1.3-4,0.602,COMPLEMENTARITY
5.11-3,5.3.1-2.2,0.602,COMPLEMENTARITY
5.3-10,5.3.1-2.2,0.6019,COMPLEMENTARITY
5.3-6B,5.2.2-2,0.6019,COMPLEMENTARITY
5.5-8,5.4.1-1,0.6018,COMPLEMENTARITY
5.5-2,5.3.1-3,0.6017,COMPLEMENTARITY
5.5-3,5.2.1-3.1,0.6017,COMPLEMENTARITY
5.3-8,5.1.1-2,0.6017,COMPLEMENTARITY
5.2-3,5.1.2-7,0.6017,COMPLEMENTARITY
5.10-1,5.2.1-2,0.6017,COMPLEMENTARITY
5.13-1A,5.1.2-1.1,0.6015,COMPLEMENTARITY
5.6-4B,5.2.1-1,0.6014,COMPLEMENTARITY
5.3-5,5.1.2-4,0.6014,COMPLEMENTARITY
5.3-5,5.1.3-3,0.6013,COMPLEMENTARITY
5.3-9,5.2.1-3.1,0.6013,COMPLEMENTARITY
5.1-2,5.1.3-1.2,0.6012,COMPLEMENTARITY
5.13-1A,5.2.1-2,0.6012,COMPLEMENTARITY
5.3-4A,5.1.1-2,0.6011,COMPLEMENTARITY
5.1-1,5.2.1-4,0.6011,COMPLEMENTARITY
5.3-2,5.2.3-2,0.6011,COMPLEMENTARITY
5.5-2,5.1.3-1,0.6011,COMPLEMENTARITY
5.3-11,5.2.1-4.1,0.6008,COMPLEMENTARITY
5.2-3,5.1.3-2,0.6008,COMPLEMENTARITY
5.6-3,5.1.3-1.2,0.6007,COMPLEMENTARITY
5.4-4,5.5.1-1,0.6007,COMPLEMENTARITY
5.2-1,5.2.4-2,0.6007,COMPLEMENTARITY
5.3-7,5.2.1-4.2,0.6006,COMPLEMENTARITY
5.3-2,5.4.1-1,0.6005,COMPLEMENTARITY
5.3-4B,5.1.3-4,0.6005,COMPLEMENTARITY
5.5-8,5.3.1-3,0.6005,COMPLEMENTARITY
5.5-5,5.3.1-3,0.6005,COMPLEMENTARITY
5.3-5,5.4.2-1,0.6003,COMPLEMENTARITY
5.5-1,5.3.1-3,0.6003,COMPLEMENTARITY
5.1-3,5.1.2-5,0.6003,COMPLEMENTARITY
5.3-4B,5.2.1-3.1,0.6002,COMPLEMENTARITY
5.13-1A,5.1.2-1,0.6002,COMPLEMENTARITY
5.6-4B,5.4.2-4,0.6001,COMPLEMENTARITY
5.2-3,5.2.4-1,0.5998,COMPLEMENTARITY
5.11-1,5.1.2-5,0.5998,COMPLEMENTARITY
5.4-4,5.1.3-2,0.5998,COMPLEMENTARITY
5.9-1,5.2.1-3,0.5997,COMPLEMENTARITY
5.6-8,5.5.1-1,0.5993,COMPLEMENTARITY
5.2-2,5.4.2-1,0.5993,COMPLEMENTARITY
5.5-8,5.1.2-2,0.5993,COMPLEMENTARITY
5.10-1,5.2.4-2,0.5992,COMPLEMENTARITY
5.5-1,5.2.2-2,0.5991,COMPLEMENTARITY
5.3-8,5.1.3-4,0.5991,COMPLEMENTARITY
5.3-16,5.1.3-2,0.5989,COMPLEMENTARITY
5.12-3,5.4.2-4,0.5989,COMPLEMENTARITY
5.6-9,5.2.2-1,0.5988,COMPLEMENTARITY
5.4-4,5.4.2-4,0.5988,COMPLEMENTARITY
5.13-1B,5.2.4-1.1,0.5987,COMPLEMENTARITY
5.6-6,5.2.3-2.1,0.5986,COMPLEMENTARITY
5.3-5,5.1.1-2.1,0.5985,COMPLEMENTARITY
5.6-7,5.2.5-2.1,0.5985,COMPLEMENTARITY
5.8-1,5.5.1-1,0.5985,COMPLEMENTARITY
5.3-11,5.1.4-3,0.5985,COMPLEMENTARITY
5.3-10,5.4.1-2,0.5984,COMPLEMENTARITY
5.5-3,5.2.5-2.1,0.5984,COMPLEMENTARITY
5.7-2,5.5.1-1,0.5983,COMPLEMENTARITY
5.4-1,5.2.3-1,0.5983,COMPLEMENTARITY
5.3-9,5.3.1-3,0.5982,COMPLEMENTARITY
5.3-4A,5.2.2-1,0.5981,COMPLEMENTARITY
5.1-4,5.2.2-2,0.598,COMPLEMENTARITY
5.2-3,5.2.2-2,0.598,COMPLEMENTARITY
5.3-11,5.2.1-4.2,0.5979,COMPLEMENTARITY
5.13-1B,5.2.1-2,0.5979,COMPLEMENTARITY
5.8-3,5.3.1-1,0.5978,COMPLEMENTARITY
5.5-7,5.2.1-4,0.5977,COMPLEMENTARITY
5.13-1B,5.1.3-2,0.5977,COMPLEMENTARITY
5.6-9,5.1.2-1,0.5977,COMPLEMENTARITY
5.3-8,5.1.3-1,0.5976,COMPLEMENTARITY
5.3-9,5.2.4-3,0.5976,COMPLEMENTARITY
5.3-5,5.2.5-3,0.5976,COMPLEMENTARITY
5.5-8,5.1.3-1.2,0.5975,COMPLEMENTARITY
5.8-1,5.2.2-6,0.5975,COMPLEMENTARITY
5.6-9,5.1.2-7,0.5975,COMPLEMENTARITY
5.3-4A,5.2.4-1.1,0.5975,COMPLEMENTARITY
5.2-1,5.1.1-2.1,0.5975,COMPLEMENTARITY
5.6-7,5.2.2-3,0.5973,COMPLEMENTARITY
5.2-3,5.1.1-1,0.5973,COMPLEMENTARITY
5.3-4A,5.2.4-3,0.5972,COMPLEMENTARITY
5.3-4A,5.1.1-1.1,0.5972,COMPLEMENTARITY
5.2-3,5.1.4-3,0.5972,COMPLEMENTARITY
5.4-3,5.1.1-2.2,0.5971,COMPLEMENTARITY
5.13-1A,5.3.1-2,0.5971,COMPLEMENTARITY
5.11-1,5.2.1-3.1,0.5971,COMPLEMENTARITY
5.0-1,5.4.2-2,0.5971,COMPLEMENTARITY
5.7-2,5.4.1-1,0.597,COMPLEMENTARITY
5.4-4,5.1.3-3,0.597,COMPLEMENTARITY
5.3-4A,5.1.4-3,0.597,COMPLEMENTARITY
5.10-1,5.2.1-4.1,0.5969,COMPLEMENTARITY
5.8-3,5.1.2-5,0.5969,COMPLEMENTARITY
5.9-2,5.1.2-5,0.5969,COMPLEMENTARITY
5.3-1,5.4.1-2,0.5969,COMPLEMENTARITY
5.10-1,5.2.1-4,0.5967,COMPLEMENTARITY
5.13-1A,5.4.1-3,0.5967,COMPLEMENTARITY
5.12-3,5.1.4-4,0.5967,COMPLEMENTARITY
5.3-2,5.1.3-3,0.5967,COMPLEMENTARITY
5.3-13,5.2.2-4,0.5967,COMPLEMENTARITY
5.6-9,5.2.2-6,0.5965,COMPLEMENTARITY
5.3-11,5.2.1-4,0.5965,COMPLEMENTARITY
5.3-13,5.3.1-3,0.5964,COMPLEMENTARITY
5.6-9,5.1.2-2,0.5964,COMPLEMENTARITY
5.13-1B,5.3.1-2.1,0.5964,COMPLEMENTARITY
5.2-1,5.2.4-1.2,0.5964,COMPLEMENTARITY
5.3-2,5.1.3-4,0.5963,COMPLEMENTARITY
5.5-6,5.2.1-1,0.5963,COMPLEMENTARITY
5.6-4A,5.2.4-3,0.596,COMPLEMENTARITY
5.11-3,5.2.2-4,0.5959,COMPLEMENTARITY
5.6-9,5.1.3-3,0.5959,COMPLEMENTARITY
5.3-4A,5.2.4-1,0.5959,COMPLEMENTARITY
5.3-7,5.2.1-2,0.5958,COMPLEMENTARITY
5.11-4,5.3.1-3,0.5957,COMPLEMENTARITY
5.9-1,5.1.3-4,0.5957,COMPLEMENTARITY
5.6-1,5.1.3-1.2,0.5956,COMPLEMENTARITY
5.0-1,5.1.2-7,0.5956,COMPLEMENTARITY
5.5-8,5.1.2-7,0.5956,COMPLEMENTARITY
5.3-4B,5.2.3-4,0.5955,COMPLEMENTARITY
5.6-4B,5.3.1-3,0.5955,COMPLEMENTARITY
5.5-8,5.2.2-6,0.5955,COMPLEMENTARITY
5.5-3,5.1.4-5,0.5954,COMPLEMENTARITY
5.2-1,5.1.2-3,0.5954,COMPLEMENTARITY
5.6-7,5.1.2-1,0.5954,COMPLEMENTARITY
5.5-6,5.4.1-1.1,0.5953,COMPLEMENTARITY
5.5-8,5.2.2-5,0.5953,COMPLEMENTARITY
5.5-8,5.4.1-2,0.5953,COMPLEMENTARITY
5.8-3,5.1.4-4,0.5953,COMPLEMENTARITY
5.3-3,5.2.3-4,0.5952,COMPLEMENTARITY
5.4-4,5.4.1-1,0.5951,COMPLEMENTARITY
5.3-10,5.2.4-1,0.5951,COMPLEMENTARITY
5.10-1,5.2.4-3,0.595,COMPLEMENTARITY
5.3-4A,5.1.3-3,0.5949,COMPLEMENTARITY
5.11-4,5.2.4-3,0.5949,COMPLEMENTARITY
5.4-4,5.1.4-4,0.5949,COMPLEMENTARITY
5.6-6,5.4.1-1.1,0.5948,COMPLEMENTARITY
5.3-8,5.1.3-1.1,0.5948,COMPLEMENTARITY
5.12-3,5.1.2-5,0.5948,COMPLEMENTARITY
5.2-2,5.4.2-4,0.5947,COMPLEMENTARITY
5.11-4,5.2.1-1,0.5947,COMPLEMENTARITY
5.13-1B,5.1.2-7,0.5947,COMPLEMENTARITY
5.12-1,5.1.4-1,0.5947,COMPLEMENTARITY
5.3-14,5.2.3-2,0.5947,COMPLEMENTARITY
5.3-7,5.2.2-6,0.5945,COMPLEMENTARITY
5.2-2,5.1.2-3,0.5945,COMPLEMENTARITY
5.8-2,5.5.1-1,0.5943,COMPLEMENTARITY
5.13-1B,5.1.2-3,0.5942,COMPLEMENTARITY
5.13-1A,5.5.1-1,0.5941,COMPLEMENTARITY
5.5-6,5.2.3-2.1,0.594,COMPLEMENTARITY
5.13-1B,5.2.2-2,0.594,COMPLEMENTARITY
5.4-4,5.1.2-6,0.5939,COMPLEMENTARITY
5.6-9,5.4.2-2,0.5939,COMPLEMENTARITY
5.3-16,5.3.1-1,0.5939,COMPLEMENTARITY
5.4-1,5.5.1-1,0.5939,COMPLEMENTARITY
5.2-2,5.1.1-2.1,0.5939,COMPLEMENTARITY
5.3-1,5.2.1-4.2,0.5937,COMPLEMENTARITY
5.5-6,5.2.2-1,0.5936,COMPLEMENTARITY
5.8-3,5.1.4-2,0.5936,COMPLEMENTARITY
5.6-7,5.1.4-3,0.5936,COMPLEMENTARITY
5.3-2,5.2.3-2.1,0.5935,COMPLEMENTARITY
5.0-1,5.1.2-4,0.5934,COMPLEMENTARITY
5.11-4,5.2.1-4.1,0.5933,COMPLEMENTARITY
5.9-3,5.1.4-4,0.5932,COMPLEMENTARITY
5.7-2,5.1.3-4,0.5931,COMPLEMENTARITY
5.5-1,5.2.1-4.1,0.593,COMPLEMENTARITY
5.3-4B,5.2.4-1,0.593,COMPLEMENTARITY
5.3-5,5.2.3-1,0.593,COMPLEMENTARITY
5.6-8,5.1.3-4,0.5929,COMPLEMENTARITY
5.5-6,5.2.1-3.1,0.5929,COMPLEMENTARITY
5.6-7,5.1.3-3,0.5929,COMPLEMENTARITY
5.3-2,5.2.2-6,0.5929,COMPLEMENTARITY
5.4-4,5.1.3-4,0.5928,COMPLEMENTARITY
5.6-9,5.1.2-5.1,0.5928,COMPLEMENTARITY
5.9-1,5.4.2-3,0.5927,COMPLEMENTARITY
5.3-4A,5.2.2-5,0.5927,COMPLEMENTARITY
5.4-4,5.2.1-4.2,0.5926,COMPLEMENTARITY
5.3-15A,5.2.2-6,0.5925,COMPLEMENTARITY
5.5-8,5.1.2-1.1,0.5925,COMPLEMENTARITY
5.9-3,5.4.2-4,0.5925,COMPLEMENTARITY
5.3-9,5.1.4-4,0.5925,COMPLEMENTARITY
5.3-11,5.1.4-2,0.5924,COMPLEMENTARITY
5.1-2,5.2.1-4.1,0.5923,COMPLEMENTARITY
5.5-5,5.2.2-2,0.5923,COMPLEMENTARITY
5.3-14,5.1.3-2,0.5922,COMPLEMENTARITY
5.3-4B,5.4.1-2,0.5922,COMPLEMENTARITY
5.3-4A,5.4.1-3,0.5922,COMPLEMENTARITY
5.5-7,5.1.3-1.2,0.5922,COMPLEMENTARITY
5.4-4,5.3.1-3,0.5921,COMPLEMENTARITY
5.2-1,5.1.1-2,0.5921,COMPLEMENTARITY
5.13-1B,5.1.2-5.1,0.5921,COMPLEMENTARITY
5.0-1,5.2.4-2,0.5921,COMPLEMENTARITY
5.3-15A,5.2.4-1.2,0.5921,COMPLEMENTARITY
5.6-2,5.2.1-4.1,0.592,COMPLEMENTARITY
5.3-11,5.1.2-3,0.5919,COMPLEMENTARITY
5.5-8,5.2.4-1.1,0.5919,COMPLEMENTARITY
5.6-7,5.2.1-1,0.5918,COMPLEMENTARITY
5.6-4B,5.4.1-1,0.5918,COMPLEMENTARITY
5.9-3,5.4.1-1,0.5917,COMPLEMENTARITY
5.3-11,5.1.2-2,0.5916,COMPLEMENTARITY
5.3-4A,5.2.2-6,0.5916,COMPLEMENTARITY
5.2-2,5.1.2-4,0.5915,COMPLEMENTARITY
5.4-4,5.2.4-1.1,0.5915,COMPLEMENTARITY
5.0-1,5.4.1-1.1,0.5914,COMPLEMENTARITY
5.3-8,5.2.4-1.1,0.5914,COMPLEMENTARITY
5.11-4,5.3.1-2.2,0.5913,COMPLEMENTARITY
5.3-1,5.2.3-4,0.5913,COMPLEMENTARITY
5.6-4B,5.4.2-1,0.5913,COMPLEMENTARITY
5.2-1,5.1.2-5,0.5913,COMPLEMENTARITY
5.12-2,5.5.1-1,0.5912,COMPLEMENTARITY
5.12-2,5.1.3-1.1,0.5912,COMPLEMENTARITY
5.3-5,5.2.1-1,0.5912,COMPLEMENTARITY
5.0-1,5.1.2-6,0.5912,COMPLEMENTARITY
5.3-1,5.2.1-1,0.5912,COMPLEMENTARITY
5.13-1A,5.1.2-7,0.5911,COMPLEMENTARITY
5.3-1,5.3.1-2.2,0.591,COMPLEMENTARITY
5.3-4A,5.1.2-6,0.591,COMPLEMENTARITY
5.3-1,5.2.1-2,0.5909,COMPLEMENTARITY
5.3-4B,5.1.2-3,0.5909,COMPLEMENTARITY
5.0-1,5.1.3-3,0.5909,COMPLEMENTARITY
5.11-3,5.2.4-1,0.5908,COMPLEMENTARITY
5.3-3,5.2.2-2,0.5908,COMPLEMENTARITY
5.13-1A,5.1.2-4,0.5908,COMPLEMENTARITY
5.13-1A,5.2.5-4,0.5907,COMPLEMENTARITY
5.12-1,5.2.1-3.1,0.5907,COMPLEMENTARITY
5.11-4,5.2.2-4,0.5906,COMPLEMENTARITY
5.3-6B,5.1.3-2,0.5906,COMPLEMENTARITY
5.3-4A,5.1.2-1,0.5905,COMPLEMENTARITY
5.1-2,5.2.1-2,0.5905,COMPLEMENTARITY
5.13-1B,5.1.2-1.1,0.5904,COMPLEMENTARITY
5.4-4,5.5.1-2,0.5902,COMPLEMENTARITY
5.3-4B,5.1.1-2.1,0.5901,COMPLEMENTARITY
5.8-3,5.2.5-3,0.59,COMPLEMENTARITY
5.3-13,5.2.2-3,0.59,COMPLEMENTARITY
5.2-3,5.4.1-3,0.5899,COMPLEMENTARITY
5.2-3,5.2.1-3,0.5898,COMPLEMENTARITY
5.4-3,5.1.3-1.2,0.5898,COMPLEMENTARITY
5.4-1,5.2.4-1.2,0.5898,COMPLEMENTARITY
5.3-7,5.2.1-4,0.5898,COMPLEMENTARITY
5.1-2A,5.5.1-1,0.5897,COMPLEMENTARITY
5.8-2,5.1.3-3,0.5897,COMPLEMENTARITY
5.12-1,5.2.3-1,0.5897,COMPLEMENTARITY
5.10-1,5.2.1-4.2,0.5896,COMPLEMENTARITY
5.13-1B,5.2.2-1,0.5896,COMPLEMENTARITY
5.13-1A,5.1.3-3,0.5894,COMPLEMENTARITY
5.3-8,5.3.1-1,0.589,COMPLEMENTARITY
5.6-5,5.1.2-6,0.589,COMPLEMENTARITY
5.3-11,5.3.1-2,0.589,COMPLEMENTARITY
5.1-4,5.2.3-4,0.589,COMPLEMENTARITY
5.3-14,5.3.1-1,0.5889,COMPLEMENTARITY
5.1-5,5.1.3-3,0.5889,COMPLEMENTARITY
5.5-5,5.1.3-1.2,0.5889,COMPLEMENTARITY
5.13-1A,5.1.3-1.1,0.5888,COMPLEMENTARITY
5.2-3,5.2.5-2,0.5888,COMPLEMENTARITY
5.3-11,5.2.5-2.1,0.5888,COMPLEMENTARITY
5.6-9,5.1.2-6,0.5888,COMPLEMENTARITY
5.3-14,5.2.1-4.1,0.5888,COMPLEMENTARITY
5.5-8,5.4.1-1.1,0.5886,COMPLEMENTARITY
5.13-1B,5.3.1-1,0.5886,COMPLEMENTARITY
5.13-1A,5.4.1-1.1,0.5885,COMPLEMENTARITY
5.1-2,5.4.1-1.1,0.5885,COMPLEMENTARITY
5.5-2,5.2.4-1,0.5884,COMPLEMENTARITY
5.3-7,5.1.1-2.2,0.5884,COMPLEMENTARITY
5.6-7,5.1.3-4,0.5884,COMPLEMENTARITY
5.3-5,5.2.1-2,0.5884,COMPLEMENTARITY
5.6-6,5.2.1-3.1,0.5883,COMPLEMENTARITY
5.7-2,5.2.2-2,0.5883,COMPLEMENTARITY
5.3-10,5.2.1-4.1,0.5883,COMPLEMENTARITY
5.3-4A,5.2.1-4.1,0.5883,COMPLEMENTARITY
5.5-1,5.1.3-2,0.5882,COMPLEMENTARITY
5.5-2,5.2.3-3,0.5882,COMPLEMENTARITY
5.5-2,5.4.2-4,0.5882,COMPLEMENTARITY
5.10-1,5.1.2-4,0.5881,COMPLEMENTARITY
5.5-6,5.1.3-3,0.5881,COMPLEMENTARITY
5.8-1,5.2.2-1,0.5881,COMPLEMENTARITY
5.4-4,5.1.2-1,0.5881,COMPLEMENTARITY
5.11-4,5.2.5-1,0.5881,COMPLEMENTARITY
5.6-6,5.1.3-1.2,0.588,COMPLEMENTARITY
5.6-6,5.1.4-5,0.588,COMPLEMENTARITY
5.3-4A,5.2.3-3,0.588,COMPLEMENTARITY
5.4-2,5.2.4-1.2,0.5879,COMPLEMENTARITY
5.12-2,5.3.1-2,0.5879,COMPLEMENTARITY
5.2-1,5.4.1-1,0.5879,COMPLEMENTARITY
5.2-3,5.1.3-1.3,0.5878,COMPLEMENTARITY
5.2-3,5.1.1-2,0.5878,COMPLEMENTARITY
5.2-3,5.1.2-3,0.5877,COMPLEMENTARITY
5.13-1B,5.4.1-1.1,0.5877,COMPLEMENTARITY
5.6-2,5.3.1-3,0.5877,COMPLEMENTARITY
5.12-1,5.1.2-6,0.5877,COMPLEMENTARITY
5.5-8,5.1.3-4,0.5876,COMPLEMENTARITY
5.9-2,5.1.3-4,0.5876,COMPLEMENTARITY
5.13-1B,5.4.1-3,0.5876,COMPLEMENTARITY
5.2-3,5.2.4-1.1,0.5876,COMPLEMENTARITY
5.12-3,5.2.2-2,0.5875,COMPLEMENTARITY
5.3-2,5.1.2-7,0.5875,COMPLEMENTARITY
5.3-7,5.2.1-3.1,0.5875,COMPLEMENTARITY
5.5-3,5.4.2-3,0.5875,COMPLEMENTARITY
5.12-2,5.3.1-1,0.5875,COMPLEMENTARITY
5.3-7,5.2.5-1,0.5874,COMPLEMENTARITY
5.3-2,5.5.1-2,0.5873,COMPLEMENTARITY
5.6-1,5.1.3-2,0.5873,COMPLEMENTARITY
5.3-15B,5.1.4-5,0.5873,COMPLEMENTARITY
5.6-4B,5.4.2-3,0.5873,COMPLEMENTARITY
5.4-4,5.2.5-2.1,0.5873,COMPLEMENTARITY
5.5-2,5.4.2-3,0.5872,COMPLEMENTARITY
5.3-7,5.1.3-1.2,0.5872,COMPLEMENTARITY
5.6-7,5.2.2-6,0.5872,COMPLEMENTARITY
5.5-2,5.2.2-1,0.5871,COMPLEMENTARITY
5.3-4A,5.2.3-2.2,0.5871,COMPLEMENTARITY
5.3-6B,5.2.3-4,0.5871,COMPLEMENTARITY
5.5-2,5.1.2-1,0.5871,COMPLEMENTARITY
5.13-1A,5.2.2-1,0.5869,COMPLEMENTARITY
5.3-6A,5.4.1-2,0.5868,COMPLEMENTARITY
5.11-1,5.5.1-1,0.5867,COMPLEMENTARITY
5.1-3,5.2.1-2,0.5866,COMPLEMENTARITY
5.4-4,5.4.2-3,0.5866,COMPLEMENTARITY
5.4-4,5.4.1-2,0.5866,COMPLEMENTARITY
5.3-5,5.1.3-1.1,0.5864,COMPLEMENTARITY
5.9-2,5.2.1-1,0.5864,COMPLEMENTARITY
5.3-7,5.4.1-2,0.5863,COMPLEMENTARITY
5.8-1,5.1.4-4,0.5863,COMPLEMENTARITY
5.9-1,5.3.1-3,0.5862,COMPLEMENTARITY
5.3-10,5.2.5-3,0.5861,COMPLEMENTARITY
5.2-1,5.2.1-4.2,0.5861,COMPLEMENTARITY
5.5-8,5.2.1-4.1,0.5861,COMPLEMENTARITY
5.4-2,5.2.1-4.1,0.586,COMPLEMENTARITY
5.3-4A,5.2.1-4,0.586,COMPLEMENTARITY
5.3-16,5.2.1-4.1,0.5859,COMPLEMENTARITY
5.6-9,5.1.4-1,0.5859,COMPLEMENTARITY
5.4-1,5.2.1-1,0.5859,COMPLEMENTARITY
5.5-6,5.2.2-6,0.5859,COMPLEMENTARITY
5.3-2,5.1.2-5,0.5859,COMPLEMENTARITY
5.3-2,5.1.2-2,0.5859,COMPLEMENTARITY
5.9-3,5.2.4-1,0.5858,COMPLEMENTARITY
5.3-5,5.1.3-2,0.5857,COMPLEMENTARITY
5.13-1B,5.1.2-1,0.5857,COMPLEMENTARITY
5.13-1A,5.4.2-3,0.5855,COMPLEMENTARITY
5.3-6B,5.2.4-3,0.5854,COMPLEMENTARITY
5.12-2,5.1.3-1,0.5853,COMPLEMENTARITY
5.3-6B,5.1.3-4,0.5853,COMPLEMENTARITY
5.5-8,5.1.3-1,0.5853,COMPLEMENTARITY
5.10-1,5.2.4-1.2,0.5853,COMPLEMENTARITY
5.3-9,5.2.5-1,0.5851,COMPLEMENTARITY
5.3-7,5.1.2-2,0.5851,COMPLEMENTARITY
5.3-14,5.2.2-4,0.585,COMPLEMENTARITY
5.4-4,5.2.4-3,0.585,COMPLEMENTARITY
5.10-1,5.2.3-2.1,0.585,COMPLEMENTARITY
5.10-1,5.2.5-4.1,0.585,COMPLEMENTARITY
5.13-1B,5.2.5-4,0.5849,COMPLEMENTARITY
5.1-3,5.1.1-2.2,0.5849,COMPLEMENTARITY
5.10-1,5.2.4-1.1,0.5849,COMPLEMENTARITY
5.3-2,5.2.1-4.2,0.5847,COMPLEMENTARITY
5.0-1,5.2.2-3,0.5846,COMPLEMENTARITY
5.6-6,5.1.4-4,0.5846,COMPLEMENTARITY
5.8-2,5.1.1-2.2,0.5845,COMPLEMENTARITY
5.3-4B,5.2.1-2,0.5845,COMPLEMENTARITY
5.3-11,5.2.3-2,0.5845,COMPLEMENTARITY
5.5-2,5.1.2-4,0.5844,COMPLEMENTARITY
5.8-1,5.2.3-1,0.5844,COMPLEMENTARITY
5.4-1,5.2.1-2,0.5844,COMPLEMENTARITY
5.2-3,5.2.4-3,0.5844,COMPLEMENTARITY
5.6-7,5.1.4-5,0.5844,COMPLEMENTARITY
5.6-7,5.2.1-4.1,0.5844,COMPLEMENTARITY
5.3-12,5.2.4-1,0.5842,COMPLEMENTARITY
5.3-9,5.1.2-7,0.5842,COMPLEMENTARITY
5.5-7,5.1.3-2,0.5842,COMPLEMENTARITY
5.3-4A,5.1.3-1,0.5841,COMPLEMENTARITY
5.3-13,5.2.5-2,0.5841,COMPLEMENTARITY
5.2-2,5.1.3-4,0.584,COMPLEMENTARITY
5.3-11,5.1.4-1,0.584,COMPLEMENTARITY
5.12-1,5.1.4-5,0.5839,COMPLEMENTARITY
5.1-3,5.4.1-1.1,0.5839,COMPLEMENTARITY
5.4-2,5.2.1-4.2,0.5839,COMPLEMENTARITY
5.5-8,5.1.4-3,0.5839,COMPLEMENTARITY
5.3-1,5.4.2-3,0.5838,COMPLEMENTARITY
5.3-16,5.2.3-4,0.5837,COMPLEMENTARITY
5.3-11,5.2.3-3,0.5837,COMPLEMENTARITY
5.0-1,5.1.3-1.3,0.5837,COMPLEMENTARITY
5.3-10,5.4.2-4,0.5837,COMPLEMENTARITY
5.3-6B,5.2.1-4.1,0.5836,COMPLEMENTARITY
5.13-1A,5.1.3-1.2,0.5836,COMPLEMENTARITY
5.1-4,5.4.1-1,0.5836,COMPLEMENTARITY
5.3-14,5.2.2-6,0.5836,COMPLEMENTARITY
5.8-1,5.3.1-3,0.5835,COMPLEMENTARITY
5.5-3,5.2.1-4.1,0.5835,COMPLEMENTARITY
5.5-8,5.2.2-4,0.5835,COMPLEMENTARITY
5.3-2,5.5.1-1,0.5835,COMPLEMENTARITY
5.6-6,5.2.2-6,0.5834,COMPLEMENTARITY
5.3-9,5.4.2-4,0.5834,COMPLEMENTARITY
5.2-2,5.2.1-2,0.5833,COMPLEMENTARITY
5.3-4B,5.1.3-2,0.5833,COMPLEMENTARITY
5.3-11,5.1.3-1.2,0.5833,COMPLEMENTARITY
5.6-9,5.1.1-2,0.5833,COMPLEMENTARITY
5.3-12,5.1.1-2.1,0.5832,COMPLEMENTARITY
5.6-1,5.1.2-6,0.5831,COMPLEMENTARITY
5.6-4B,5.2.5-2.1,0.5831,COMPLEMENTARITY
5.1-2,5.1.1-2.2,0.5831,COMPLEMENTARITY
5.3-4A,5.5.1-1,0.583,COMPLEMENTARITY
5.3-4B,5.3.1-2.2,0.583,COMPLEMENTARITY
5.8-1,5.2.4-1.1,0.583,COMPLEMENTARITY
5.12-1,5.4.2-3,0.5829,COMPLEMENTARITY
5.12-1,5.1.2-4,0.5829,COMPLEMENTARITY
5.6-9,5.2.5-4.1,0.5828,COMPLEMENTARITY
5.6-1,5.3.1-1,0.5827,COMPLEMENTARITY
5.8-3,5.1.2-7,0.5827,COMPLEMENTARITY
5.3-10,5.1.2-6,0.5827,COMPLEMENTARITY
5.4-3,5.5.1-1,0.5826,COMPLEMENTARITY
5.8-2,5.2.2-6,0.5826,COMPLEMENTARITY
5.8-3,5.2.5-1,0.5826,COMPLEMENTARITY
5.3-14,5.1.4-5,0.5826,COMPLEMENTARITY
5.3-10,5.1.2-2,0.5825,COMPLEMENTARITY
5.12-3,5.1.3-1.2,0.5825,COMPLEMENTARITY
5.3-4B,5.1.3-1.1,0.5824,COMPLEMENTARITY
5.3-7,5.2.1-4.1,0.5824,COMPLEMENTARITY
5.3-3,5.1.1-2.1,0.5824,COMPLEMENTARITY
5.13-1A,5.2.4-1,0.5824,COMPLEMENTARITY
5.6-9,5.2.4-2,0.5824,COMPLEMENTARITY
5.6-9,5.2.1-4,0.5824,COMPLEMENTARITY
5.2-2,5.2.4-3,0.5823,COMPLEMENTARITY
5.4-2,5.2.3-1,0.5823,COMPLEMENTARITY
5.2-3,5.1.2-1.1,0.5823,COMPLEMENTARITY
5.6-9,5.1.1-2.1,0.5823,COMPLEMENTARITY
5.11-2,5.2.2-4,0.5822,COMPLEMENTARITY
5.3-2,5.2.4-1.2,0.5822,COMPLEMENTARITY
5.3-4A,5.1.2-4,0.5822,COMPLEMENTARITY
5.3-2,5.2.3-1,0.5822,COMPLEMENTARITY
5.1-2,5.1.2-5,0.5821,COMPLEMENTARITY
5.9-3,5.1.2-7,0.5821,COMPLEMENTARITY
5.9-1,5.1.3-3,0.582,COMPLEMENTARITY
5.8-1,5.2.4-1.2,0.582,COMPLEMENTARITY
5.6-3,5.3.1-1,0.582,COMPLEMENTARITY
5.1-5,5.1.3-4,0.582,COMPLEMENTARITY
5.5-6,5.1.3-4,0.5819,COMPLEMENTARITY
5.9-1,5.2.1-1,0.5818,COMPLEMENTARITY
5.13-1B,5.2.5-2.1,0.5818,COMPLEMENTARITY
5.5-3,5.1.1-2.2,0.5817,COMPLEMENTARITY
5.6-4B,5.1.4-5,0.5817,COMPLEMENTARITY
5.0-1,5.1.1-2,0.5817,COMPLEMENTARITY
5.9-3,5.2.2-4,0.5815,COMPLEMENTARITY
5.5-6,5.2.5-2.1,0.5815,COMPLEMENTARITY
5.11-4,5.2.4-2.1,0.5815,COMPLEMENTARITY
5.3-7,5.4.2-4,0.5814,COMPLEMENTARITY
5.6-9,5.2.5-2,0.5814,COMPLEMENTARITY
5.2-3,5.2.5-3,0.5814,COMPLEMENTARITY
5.5-8,5.4.2-3,0.5814,COMPLEMENTARITY
5.0-1,5.1.4-4,0.5812,COMPLEMENTARITY
5.6-8,5.2.1-2,0.5812,COMPLEMENTARITY
5.5-2,5.2.4-1.2,0.5812,COMPLEMENTARITY
5.3-4A,5.2.5-2,0.5812,COMPLEMENTARITY
5.0-1,5.2.4-2.1,0.5811,COMPLEMENTARITY
5.3-5,5.1.4-5,0.5811,COMPLEMENTARITY
5.2-3,5.3.1-2.1,0.5811,COMPLEMENTARITY
5.6-7,5.2.2-2,0.581,COMPLEMENTARITY
5.1-3,5.2.4-1.2,0.581,COMPLEMENTARITY
5.13-1B,5.2.2-6,0.581,COMPLEMENTARITY
5.13-1B,5.1.2-4,0.5809,COMPLEMENTARITY
5.3-2,5.1.3-1.1,0.5809,COMPLEMENTARITY
5.3-6B,5.4.1-1.1,0.5809,COMPLEMENTARITY
5.5-2,5.2.3-2,0.5809,COMPLEMENTARITY
5.3-2,5.3.1-2.1,0.5808,COMPLEMENTARITY
5.0-1,5.2.1-4,0.5807,COMPLEMENTARITY
5.3-1,5.2.1-4.1,0.5807,COMPLEMENTARITY
5.5-5,5.2.1-4.1,0.5807,COMPLEMENTARITY
5.6-4A,5.1.3-2,0.5806,COMPLEMENTARITY
5.10-1,5.1.2-6,0.5805,COMPLEMENTARITY
5.10-1,5.1.2-1,0.5805,COMPLEMENTARITY
5.6-4B,5.1.3-3,0.5804,COMPLEMENTARITY
5.6-7,5.1.2-7,0.5804,COMPLEMENTARITY
5.3-10,5.4.2-2,0.5804,COMPLEMENTARITY
5.5-1,5.5.1-1,0.5803,COMPLEMENTARITY
5.2-3,5.2.3-3,0.5803,COMPLEMENTARITY
5.5-8,5.4.2-2,0.5803,COMPLEMENTARITY
5.8-1,5.2.5-1,0.5803,COMPLEMENTARITY
5.8-1,5.1.1-2.2,0.5803,COMPLEMENTARITY
5.3-5,5.1.2-5.1,0.5802,COMPLEMENTARITY
5.12-1,5.1.4-3,0.5802,COMPLEMENTARITY
5.3-2,5.2.1-4,0.5802,COMPLEMENTARITY
5.3-7,5.1.1-2.1,0.5801,COMPLEMENTARITY
5.13-1B,5.5.1-1,0.5801,COMPLEMENTARITY
5.3-1,5.5.1-2,0.58,COMPLEMENTARITY
5.4-3,5.2.4-2,0.58,COMPLEMENTARITY
5.3-15A,5.4.1-1,0.5799,COMPLEMENTARITY
5.13-1A,5.2.5-2.1,0.5799,COMPLEMENTARITY
5.13-1B,5.4.2-3,0.5799,COMPLEMENTARITY
5.8-3,5.1.2-3,0.5798,COMPLEMENTARITY
5.6-3,5.2.1-4.1,0.5798,COMPLEMENTARITY
5.6-6,5.4.2-3,0.5798,COMPLEMENTARITY
5.3-7,5.4.2-3,0.5798,COMPLEMENTARITY
5.2-3,5.1.2-6,0.5797,COMPLEMENTARITY
5.3-15A,5.2.3-4,0.5797,COMPLEMENTARITY
5.3-7,5.2.3-4,0.5797,COMPLEMENTARITY
5.3-6B,5.3.1-3,0.5796,COMPLEMENTARITY
5.9-2,5.3.1-3,0.5795,COMPLEMENTARITY
5.3-9,5.2.2-6,0.5795,COMPLEMENTARITY
5.6-7,5.2.4-1,0.5795,COMPLEMENTARITY
5.3-11,5.1.1-1.1,0.5795,COMPLEMENTARITY
5.11-4,5.2.5-3,0.5795,COMPLEMENTARITY
5.2-3,5.2.2-5,0.5795,COMPLEMENTARITY
5.3-1,5.2.2-6,0.5794,COMPLEMENTARITY
5.9-2,5.2.2-6,0.5793,COMPLEMENTARITY
5.3-15B,5.4.1-1,0.5793,COMPLEMENTARITY
5.6-8,5.3.1-1,0.5793,COMPLEMENTARITY
5.8-1,5.2.1-4.1,0.5793,COMPLEMENTARITY
5.3-5,5.3.1-1,0.5793,COMPLEMENTARITY
5.4-2,5.5.1-1,0.5792,COMPLEMENTARITY
5.13-1A,5.2.2-4,0.5791,COMPLEMENTARITY
5.6-8,5.1.3-2,0.5791,COMPLEMENTARITY
5.2-3,5.1.1-2.2,0.579,COMPLEMENTARITY
5.8-2,5.2.4-1.2,0.579,COMPLEMENTARITY
5.1-2,5.2.5-2.1,0.579,COMPLEMENTARITY
5.6-9,5.3.1-1,0.579,COMPLEMENTARITY
5.6-4B,5.2.2-2,0.5789,COMPLEMENTARITY
5.8-2,5.2.1-4.1,0.5789,COMPLEMENTARITY
5.3-7,5.1.3-3,0.5789,COMPLEMENTARITY
5.6-4B,5.2.1-4.2,0.5788,COMPLEMENTARITY
5.3-15A,5.1.4-5,0.5788,COMPLEMENTARITY
5.4-2,5.1.3-1.2,0.5788,COMPLEMENTARITY
5.5-8,5.2.1-4.2,0.5787,COMPLEMENTARITY
5.12-1,5.1.4-2,0.5787,COMPLEMENTARITY
5.3-11,5.2.1-3,0.5787,COMPLEMENTARITY
5.11-3,5.5.1-1,0.5786,COMPLEMENTARITY
5.5-2,5.1.2-7,0.5786,COMPLEMENTARITY
5.10-1,5.3.1-3,0.5785,COMPLEMENTARITY
5.1-3,5.1.3-3,0.5785,COMPLEMENTARITY
5.11-2,5.1.4-4,0.5785,COMPLEMENTARITY
5.4-4,5.1.1-2,0.5785,COMPLEMENTARITY
5.5-6,5.1.2-5.1,0.5785,COMPLEMENTARITY
5.8-1,5.1.3-1.2,0.5785,COMPLEMENTARITY
5.6-4A,5.1.3-1.2,0.5784,COMPLEMENTARITY
5.9-2,5.1.2-2,0.5784,COMPLEMENTARITY
5.3-8,5.2.5-1,0.5783,COMPLEMENTARITY
5.8-3,5.2.2-6,0.5783,COMPLEMENTARITY
5.9-3,5.2.3-2.1,0.5783,COMPLEMENTARITY
5.3-15A,5.1.2-7,0.5782,COMPLEMENTARITY
5.8-2,5.2.4-1.1,0.5782,COMPLEMENTARITY
5.3-13,5.3.1-2.2,0.5782,COMPLEMENTARITY
5.0-1,5.2.2-6,0.5782,COMPLEMENTARITY
5.1-3,5.2.2-1,0.5782,COMPLEMENTARITY
5.12-2,5.2.2-3,0.5781,COMPLEMENTARITY
5.12-3,5.2.4-3,0.5781,COMPLEMENTARITY
5.1-4,5.1.2-5,0.5781,COMPLEMENTARITY
5.11-2,5.5.1-1,0.578,COMPLEMENTARITY
5.4-2,5.2.2-2,0.578,COMPLEMENTARITY
5.6-4B,5.1.3-2,0.578,COMPLEMENTARITY
5.3-5,5.1.2-6,0.5779,COMPLEMENTARITY
5.13-1A,5.2.4-2.1,0.5778,COMPLEMENTARITY
5.2-1,5.2.2-3,0.5778,COMPLEMENTARITY
5.3-10,5.2.2-4,0.5778,COMPLEMENTARITY
5.2-1,5.1.4-4,0.5777,COMPLEMENTARITY
5.6-7,5.3.1-2.2,0.5777,COMPLEMENTARITY
5.6-5,5.1.4-5,0.5777,COMPLEMENTARITY
5.9-3,5.2.3-4,0.5777,COMPLEMENTARITY
5.3-4A,5.4.2-1,0.5776,COMPLEMENTARITY
5.4-2,5.2.2-6,0.5776,COMPLEMENTARITY
5.4-4,5.1.2-5.1,0.5775,COMPLEMENTARITY
5.3-6A,5.2.2-2,0.5775,COMPLEMENTARITY
5.8-1,5.2.1-3.1,0.5775,COMPLEMENTARITY
5.3-14,5.3.1-3,0.5775,COMPLEMENTARITY
5.6-2,5.2.4-1.1,0.5775,COMPLEMENTARITY
5.1-5,5.1.2-6,0.5774,COMPLEMENTARITY
5.11-4,5.5.1-1,0.5773,COMPLEMENTARITY
5.3-14,5.3.1-2.1,0.5773,COMPLEMENTARITY
5.6-6,5.1.2-7,0.5773,COMPLEMENTARITY
5.2-3,5.1.1-2.1,0.5773,COMPLEMENTARITY
5.5-8,5.2.1-3.1,0.5772,COMPLEMENTARITY
5.6-9,5.4.1-3,0.5772,COMPLEMENTARITY
5.12-2,5.1.2-3,0.5771,COMPLEMENTARITY
5.4-3,5.3.1-1,0.5771,COMPLEMENTARITY
5.7-1,5.2.1-3.1,0.5771,COMPLEMENTARITY
5.6-9,5.1.2-1.1,0.577,COMPLEMENTARITY
5.1-4,5.2.1-4,0.577,COMPLEMENTARITY
5.6-7,5.1.3-1,0.5769,COMPLEMENTARITY
5.6-4B,5.1.2-6,0.5769,COMPLEMENTARITY
5.3-10,5.3.1-1,0.5768,COMPLEMENTARITY
5.6-7,5.2.3-2.2,0.5768,COMPLEMENTARITY
5.3-8,5.2.4-1,0.5768,COMPLEMENTARITY
5.3-1,5.1.4-5,0.5768,COMPLEMENTARITY
5.13-1B,5.3.1-2,0.5768,COMPLEMENTARITY
5.3-2,5.2.3-4,0.5767,COMPLEMENTARITY
5.3-10,5.3.1-3,0.5767,COMPLEMENTARITY
5.4-4,5.2.2-1,0.5765,COMPLEMENTARITY
5.2-1,5.4.1-1.1,0.5765,COMPLEMENTARITY
5.5-3,5.2.3-2,0.5765,COMPLEMENTARITY
5.13-1A,5.4.1-2,0.5764,COMPLEMENTARITY
5.9-3,5.3.1-2.2,0.5764,COMPLEMENTARITY
5.11-2,5.2.2-6,0.5763,COMPLEMENTARITY
5.5-3,5.2.2-4,0.5763,COMPLEMENTARITY
5.3-12,5.1.3-2,0.5762,COMPLEMENTARITY
5.4-4,5.2.2-6,0.5762,COMPLEMENTARITY
5.12-1,5.1.2-2,0.5762,COMPLEMENTARITY
5.2-1,5.1.3-1.1,0.5762,COMPLEMENTARITY
5.3-14,5.4.2-3,0.5762,COMPLEMENTARITY
5.3-4A,5.1.2-5.1,0.5761,COMPLEMENTARITY
5.10-1,5.1.3-3,0.5761,COMPLEMENTARITY
5.5-6,5.1.2-2,0.5761,COMPLEMENTARITY
5.3-14,5.2.4-1.2,0.5761,COMPLEMENTARITY
5.3-14,5.2.3-2.2,0.576,COMPLEMENTARITY
5.12-2,5.2.3-1,0.5759,COMPLEMENTARITY
5.7-2,5.1.3-1.2,0.5759,COMPLEMENTARITY
5.12-3,5.5.1-1,0.5758,COMPLEMENTARITY
5.2-2,5.2.2-2,0.5758,COMPLEMENTARITY
5.6-6,5.4.1-1,0.5757,COMPLEMENTARITY
5.3-4A,5.2.2-3,0.5757,COMPLEMENTARITY
5.6-9,5.2.3-2,0.5757,COMPLEMENTARITY
5.5-3,5.5.1-1,0.5757,COMPLEMENTARITY
5.3-14,5.1.4-2,0.5756,COMPLEMENTARITY
5.5-6,5.2.1-3,0.5756,COMPLEMENTARITY
5.13-1B,5.1.3-1.1,0.5756,COMPLEMENTARITY
5.13-1A,5.5.1-2,0.5755,COMPLEMENTARITY
5.3-4A,5.2.2-2,0.5755,COMPLEMENTARITY
5.0-1,5.1.2-5.1,0.5755,COMPLEMENTARITY
5.12-2,5.2.4-1,0.5755,COMPLEMENTARITY
5.3-15A,5.4.1-2,0.5754,COMPLEMENTARITY
5.9-1,5.2.2-6,0.5754,COMPLEMENTARITY
5.6-6,5.1.4-1,0.5754,COMPLEMENTARITY
5.6-8,5.4.1-1.1,0.5754,COMPLEMENTARITY
5.10-1,5.1.3-1,0.5753,COMPLEMENTARITY
5.12-2,5.4.2-4,0.5753,COMPLEMENTARITY
5.4-2,5.2.2-4,0.5753,COMPLEMENTARITY
5.8-2,5.1.4-4,0.5753,COMPLEMENTARITY
5.2-2,5.2.5-1,0.5753,COMPLEMENTARITY
5.6-9,5.1.2-5,0.5752,COMPLEMENTARITY
5.11-1,5.2.2-4,0.5752,COMPLEMENTARITY
5.6-9,5.2.1-4.2,0.5752,COMPLEMENTARITY
5.3-14,5.4.1-2,0.5752,COMPLEMENTARITY
5.3-6B,5.1.3-1.2,0.5751,COMPLEMENTARITY
5.13-1B,5.5.1-2,0.5751,COMPLEMENTARITY
5.13-1B,5.2.2-4,0.5751,COMPLEMENTARITY
5.13-1B,5.2.4-2.1,0.575,COMPLEMENTARITY
5.5-2,5.1.3-2,0.575,COMPLEMENTARITY
5.5-8,5.2.1-4,0.575,COMPLEMENTARITY
5.13-1B,5.2.4-1,0.575,COMPLEMENTARITY
5.5-7,5.2.1-4.2,0.575,COMPLEMENTARITY
5.6-2,5.1.3-4,0.575,COMPLEMENTARITY
5.4-4,5.1.2-3,0.5749,COMPLEMENTARITY
5.13-1A,5.1.3-4,0.5749,COMPLEMENTARITY
5.6-7,5.2.3-2,0.5748,COMPLEMENTARITY
5.3-10,5.1.2-4,0.5748,COMPLEMENTARITY
5.12-2,5.2.1-2,0.5748,COMPLEMENTARITY
5.5-6,5.1.1-2.2,0.5747,COMPLEMENTARITY
5.9-3,5.2.5-1,0.5747,COMPLEMENTARITY
5.13-1A,5.1.4-2,0.5746,COMPLEMENTARITY
5.6-9,5.2.5-3,0.5746,COMPLEMENTARITY
5.5-8,5.1.2-6,0.5744,COMPLEMENTARITY
5.5-6,5.4.2-3,0.5744,COMPLEMENTARITY
5.12-1,5.4.2-4,0.5743,COMPLEMENTARITY
5.9-2,5.4.2-4,0.5743,COMPLEMENTARITY
5.1-3,5.5.1-1,0.5743,COMPLEMENTARITY
5.5-8,5.2.4-3,0.5743,COMPLEMENTARITY
5.6-7,5.1.1-2,0.5742,COMPLEMENTARITY
5.3-1,5.1.2-6,0.5742,COMPLEMENTARITY
5.2-2,5.1.1-2.2,0.5741,COMPLEMENTARITY
5.2-1,5.2.5-1,0.5741,COMPLEMENTARITY
5.8-1,5.2.1-2,0.5741,COMPLEMENTARITY
5.8-3,5.1.4-1,0.574,COMPLEMENTARITY
5.5-6,5.5.1-2,0.574,COMPLEMENTARITY
5.3-2,5.1.3-2,0.574,COMPLEMENTARITY
5.13-1A,5.2.2-6,0.5739,COMPLEMENTARITY
5.9-1,5.1.2-5,0.5739,COMPLEMENTARITY
5.6-4B,5.4.1-1.1,0.5739,COMPLEMENTARITY
5.3-4B,5.2.4-1.2,0.5738,COMPLEMENTARITY
5.3-14,5.1.3-1.2,0.5738,COMPLEMENTARITY
5.3-6A,5.3.1-2.2,0.5738,COMPLEMENTARITY
5.4-4,5.2.4-1,0.5738,COMPLEMENTARITY
5.1-5,5.2.3-2,0.5738,COMPLEMENTARITY
5.3-11,5.2.4-2.1,0.5737,COMPLEMENTARITY
5.6-4B,5.1.2-7,0.5736,COMPLEMENTARITY
5.5-3,5.1.2-5,0.5736,COMPLEMENTARITY
5.4-3,5.2.1-2,0.5735,COMPLEMENTARITY
5.5-4,5.2.2-2,0.5735,COMPLEMENTARITY
5.6-4B,5.2.1-2,0.5735,COMPLEMENTARITY
5.8-2,5.2.3-1,0.5735,COMPLEMENTARITY
5.12-1,5.2.2-4,0.5735,COMPLEMENTARITY
5.9-1,5.4.1-1.1,0.5734,COMPLEMENTARITY
5.6-4A,5.3.1-3,0.5734,COMPLEMENTARITY
5.3-15B,5.2.4-1.2,0.5734,COMPLEMENTARITY
5.8-2,5.1.3-1.2,0.5732,COMPLEMENTARITY
5.2-2,5.1.3-3,0.5732,COMPLEMENTARITY
5.9-3,5.1.4-2,0.5732,COMPLEMENTARITY
5.12-1,5.3.1-2.2,0.5731,COMPLEMENTARITY
5.10-1,5.2.5-4,0.5731,COMPLEMENTARITY
5.6-7,5.4.2-1,0.5731,COMPLEMENTARITY
5.2-3,5.2.1-4.2,0.5731,COMPLEMENTARITY
5.4-3,5.2.4-1.2,0.5729,COMPLEMENTARITY
5.5-8,5.1.4-1,0.5728,COMPLEMENTARITY
5.12-1,5.2.4-1,0.5728,COMPLEMENTARITY
5.3-14,5.2.3-3,0.5728,COMPLEMENTARITY
5.3-1,5.1.3-4,0.5728,COMPLEMENTARITY
5.6-6,5.2.3-4,0.5727,COMPLEMENTARITY
5.3-2,5.2.5-4.1,0.5727,COMPLEMENTARITY
5.3-4B,5.1.3-1,0.5726,COMPLEMENTARITY
5.6-1,5.4.1-1.1,0.5726,COMPLEMENTARITY
5.1-4,5.3.1-3,0.5725,COMPLEMENTARITY
5.4-2,5.1.3-3,0.5725,COMPLEMENTARITY
5.6-3,5.1.3-2,0.5724,COMPLEMENTARITY
5.5-5,5.3.1-1,0.5724,COMPLEMENTARITY
5.6-2,5.2.2-3,0.5724,COMPLEMENTARITY
5.2-1,5.1.3-1.2,0.5724,COMPLEMENTARITY
5.6-4B,5.1.2-2,0.5723,COMPLEMENTARITY
5.0-1,5.1.2-2,0.5723,COMPLEMENTARITY
5.5-2,5.2.5-1,0.5723,COMPLEMENTARITY
5.3-8,5.2.1-3.1,0.5723,COMPLEMENTARITY
5.0-1,5.2.5-1,0.5723,COMPLEMENTARITY
5.8-2,5.2.2-1,0.5723,COMPLEMENTARITY
5.3-4A,5.1.4-5,0.5723,COMPLEMENTARITY
5.4-4,5.1.4-5,0.5723,COMPLEMENTARITY
5.5-2,5.4.1-2,0.5722,COMPLEMENTARITY
5.1-3,5.3.1-3,0.5722,COMPLEMENTARITY
5.3-4A,5.1.2-1.1,0.5721,COMPLEMENTARITY
5.8-3,5.2.2-1,0.5721,COMPLEMENTARITY
5.6-7,5.2.4-3,0.5721,COMPLEMENTARITY
5.3-12,5.1.3-1.2,0.572,COMPLEMENTARITY
5.4-3,5.2.1-4,0.572,COMPLEMENTARITY
5.2-1,5.1.2-5.1,0.572,COMPLEMENTARITY
5.9-3,5.2.5-3,0.572,COMPLEMENTARITY
5.3-2,5.1.2-4,0.572,COMPLEMENTARITY
5.6-7,5.3.1-3,0.5719,COMPLEMENTARITY
5.4-1,5.1.2-2,0.5718,COMPLEMENTARITY
5.3-4A,5.1.4-2,0.5718,COMPLEMENTARITY
5.2-2,5.2.3-2.1,0.5718,COMPLEMENTARITY
5.3-5,5.2.4-1.1,0.5718,COMPLEMENTARITY
5.3-14,5.4.2-4,0.5717,COMPLEMENTARITY
5.11-3,5.2.1-4.1,0.5717,COMPLEMENTARITY
5.3-1,5.1.2-5,0.5717,COMPLEMENTARITY
5.9-3,5.2.2-5,0.5717,COMPLEMENTARITY
5.4-4,5.1.1-1,0.5717,COMPLEMENTARITY
5.8-3,5.2.1-4.2,0.5716,COMPLEMENTARITY
5.3-7,5.1.3-1.1,0.5716,COMPLEMENTARITY
5.5-1,5.2.4-1.1,0.5715,COMPLEMENTARITY
5.6-6,5.2.1-4.1,0.5715,COMPLEMENTARITY
5.6-9,5.5.1-2,0.5715,COMPLEMENTARITY
5.3-1,5.1.1-2.2,0.5714,COMPLEMENTARITY
5.3-1,5.2.3-2,0.5714,COMPLEMENTARITY
5.3-4A,5.4.2-2,0.5713,COMPLEMENTARITY
5.10-1,5.1.3-1.2,0.5713,COMPLEMENTARITY
5.4-3,5.2.4-3,0.5713,COMPLEMENTARITY
5.3-1,5.2.1-4,0.5712,COMPLEMENTARITY
5.3-2,5.1.4-4,0.5711,COMPLEMENTARITY
5.3-10,5.4.2-1,0.5711,COMPLEMENTARITY
5.11-3,5.2.1-1,0.5711,COMPLEMENTARITY
5.8-2,5.2.5-1,0.5711,COMPLEMENTARITY
5.11-1,5.1.4-4,0.571,COMPLEMENTARITY
5.5-2,5.2.5-3,0.571,COMPLEMENTARITY
5.6-4B,5.2.1-4.1,0.571,COMPLEMENTARITY
5.3-5,5.2.5-2.1,0.571,COMPLEMENTARITY
5.6-7,5.3.1-1,0.571,COMPLEMENTARITY
5.3-9,5.4.1-2,0.571,COMPLEMENTARITY
5.3-8,5.2.1-4.1,0.5709,COMPLEMENTARITY
5.3-3,5.4.1-2,0.5709,COMPLEMENTARITY
5.8-3,5.4.2-1,0.5709,COMPLEMENTARITY
5.5-7,5.5.1-1,0.5708,COMPLEMENTARITY
5.1-4,5.3.1-1,0.5708,COMPLEMENTARITY
5.5-6,5.2.1-2,0.5708,COMPLEMENTARITY
5.5-3,5.4.1-2,0.5708,COMPLEMENTARITY
5.4-1,5.5.1-2,0.5707,COMPLEMENTARITY
5.1-4,5.1.3-3,0.5707,COMPLEMENTARITY
5.6-7,5.3.1-2,0.5707,COMPLEMENTARITY
5.5-8,5.1.3-1.3,0.5707,COMPLEMENTARITY
5.1-2,5.2.4-1.2,0.5706,COMPLEMENTARITY
5.5-7,5.1.1-2.2,0.5705,COMPLEMENTARITY
5.3-1,5.4.2-4,0.5705,COMPLEMENTARITY
5.4-2,5.2.4-1.1,0.5705,COMPLEMENTARITY
5.6-4B,5.2.5-4.1,0.5705,COMPLEMENTARITY
5.5-6,5.1.3-1.1,0.5704,COMPLEMENTARITY
5.3-2,5.4.1-2,0.5704,COMPLEMENTARITY
5.6-5,5.2.2-2,0.5704,COMPLEMENTARITY
5.3-12,5.2.3-4,0.5704,COMPLEMENTARITY
5.6-6,5.1.2-4,0.5704,COMPLEMENTARITY
5.3-1,5.1.2-4,0.5704,COMPLEMENTARITY
5.10-1,5.1.2-3,0.5703,COMPLEMENTARITY
5.13-1B,5.2.1-1,0.5703,COMPLEMENTARITY
5.3-15B,5.5.1-2,0.5702,COMPLEMENTARITY
5.3-5,5.2.3-2.1,0.5702,COMPLEMENTARITY
5.5-8,5.1.1-2,0.5701,COMPLEMENTARITY
5.0-1,5.2.3-3,0.5701,COMPLEMENTARITY
5.5-2,5.3.1-2,0.57,COMPLEMENTARITY
5.6-6,5.1.4-2,0.57,COMPLEMENTARITY
5.6-3,5.1.3-4,0.57,COMPLEMENTARITY
5.5-2,5.1.3-3,0.57,COMPLEMENTARITY
5.12-2,5.1.1-2,0.57,COMPLEMENTARITY
5.3-6B,5.3.1-1,0.5699,COMPLEMENTARITY
5.3-13,5.2.3-3,0.5699,COMPLEMENTARITY
5.6-4B,5.1.2-4,0.5699,COMPLEMENTARITY
5.11-1,5.2.1-4.1,0.5699,COMPLEMENTARITY
5.6-9,5.2.1-3.1,0.5698,COMPLEMENTARITY
5.9-2,5.2.4-1,0.5698,COMPLEMENTARITY
5.3-1,5.2.4-1,0.5697,COMPLEMENTARITY
5.3-1,5.2.3-2.1,0.5697,COMPLEMENTARITY
5.6-7,5.1.2-2,0.5697,COMPLEMENTARITY
5.3-10,5.4.2-3,0.5697,COMPLEMENTARITY
5.3-4A,5.3.1-2,0.5696,COMPLEMENTARITY
5.3-6A,5.1.4-5,0.5695,COMPLEMENTARITY
5.11-2,5.2.1-4.1,0.5695,COMPLEMENTARITY
5.6-9,5.2.3-3,0.5695,COMPLEMENTARITY
5.3-11,5.2.5-4.1,0.5694,COMPLEMENTARITY
5.3-14,5.3.1-2,0.5694,COMPLEMENTARITY
5.13-1B,5.1.3-4,0.5694,COMPLEMENTARITY
5.1-3,5.2.2-2,0.5693,COMPLEMENTARITY
5.3-12,5.4.1-2,0.5693,COMPLEMENTARITY
5.2-1,5.4.2-1,0.5693,COMPLEMENTARITY
5.0-1,5.4.2-1,0.5693,COMPLEMENTARITY
5.6-9,5.1.4-2,0.5693,COMPLEMENTARITY
5.13-1A,5.1.3-1,0.5692,COMPLEMENTARITY
5.3-12,5.1.3-4,0.5692,COMPLEMENTARITY
5.3-1,5.1.3-1.1,0.5692,COMPLEMENTARITY
5.3-2,5.2.1-2,0.5692,COMPLEMENTARITY
5.3-15A,5.2.5-4.1,0.5692,COMPLEMENTARITY
5.12-2,5.4.1-1.1,0.5691,COMPLEMENTARITY
5.3-1,5.1.1-2.1,0.5691,COMPLEMENTARITY
5.3-16,5.1.3-1.2,0.5691,COMPLEMENTARITY
5.5-8,5.2.1-3,0.5691,COMPLEMENTARITY
5.5-6,5.2.5-1,0.5691,COMPLEMENTARITY
5.10-1,5.1.4-3,0.5691,COMPLEMENTARITY
5.5-6,5.1.1-1,0.569,COMPLEMENTARITY
5.12-1,5.1.3-4,0.5689,COMPLEMENTARITY
5.8-2,5.1.2-6,0.5689,COMPLEMENTARITY
5.12-1,5.2.1-4.1,0.5689,COMPLEMENTARITY
5.8-3,5.1.3-3,0.5689,COMPLEMENTARITY
5.13-1A,5.4.1-1,0.5688,COMPLEMENTARITY
5.1-5,5.1.3-2,0.5687,COMPLEMENTARITY
5.12-2,5.2.1-4,0.5686,COMPLEMENTARITY
5.5-8,5.5.1-1,0.5686,COMPLEMENTARITY
5.3-1,5.1.3-3,0.5686,COMPLEMENTARITY
5.6-7,5.1.1-1.1,0.5686,COMPLEMENTARITY
5.3-11,5.1.1-2.2,0.5686,COMPLEMENTARITY
5.1-2,5.1.2-2,0.5685,COMPLEMENTARITY
5.6-1,5.2.1-4.1,0.5685,COMPLEMENTARITY
5.6-8,5.2.2-3,0.5685,COMPLEMENTARITY
5.3-13,5.2.3-2.2,0.5685,COMPLEMENTARITY
5.6-6,5.1.2-6,0.5685,COMPLEMENTARITY
5.6-6,5.4.2-4,0.5684,COMPLEMENTARITY
5.11-3,5.2.4-1.1,0.5684,COMPLEMENTARITY
5.9-3,5.1.2-1,0.5683,COMPLEMENTARITY
5.3-1,5.1.1-2,0.5683,COMPLEMENTARITY
5.13-1A,5.2.2-3,0.5682,COMPLEMENTARITY
5.3-5,5.5.1-1,0.5682,COMPLEMENTARITY
5.3-13,5.1.2-7,0.5681,COMPLEMENTARITY
5.3-10,5.2.1-4,0.5681,COMPLEMENTARITY
5.3-10,5.1.2-1.1,0.568,COMPLEMENTARITY
5.6-6,5.1.2-1,0.5679,COMPLEMENTARITY
5.6-6,5.2.4-1,0.5679,COMPLEMENTARITY
5.4-4,5.2.1-3.1,0.5678,COMPLEMENTARITY
5.3-4A,5.1.2-3,0.5677,COMPLEMENTARITY
5.3-7,5.1.2-4,0.5676,COMPLEMENTARITY
5.3-7,5.2.5-2.1,0.5676,COMPLEMENTARITY
5.13-1A,5.2.3-4,0.5675,COMPLEMENTARITY
5.10-1,5.1.4-2,0.5675,COMPLEMENTARITY
5.0-1,5.5.1-2,0.5675,COMPLEMENTARITY
5.6-5,5.2.3-2.1,0.5675,COMPLEMENTARITY
5.3-11,5.2.2-5,0.5674,COMPLEMENTARITY
5.3-15B,5.2.3-2,0.5674,COMPLEMENTARITY
5.9-3,5.2.2-1,0.5674,COMPLEMENTARITY
5.6-6,5.2.2-4,0.5674,COMPLEMENTARITY
5.3-2,5.3.1-3,0.5674,COMPLEMENTARITY
5.6-7,5.5.1-1,0.5673,COMPLEMENTARITY
5.1-3,5.2.1-4.1,0.5673,COMPLEMENTARITY
5.3-5,5.1.2-1.1,0.5672,COMPLEMENTARITY
5.3-15B,5.4.1-2,0.5671,COMPLEMENTARITY
5.3-10,5.2.2-1,0.5671,COMPLEMENTARITY
5.6-4B,5.2.3-2.2,0.567,COMPLEMENTARITY
5.9-3,5.1.2-5.1,0.567,COMPLEMENTARITY
5.6-4A,5.2.2-3,0.5669,COMPLEMENTARITY
5.12-1,5.1.2-1,0.5669,COMPLEMENTARITY
5.13-1A,5.2.2-5,0.5669,COMPLEMENTARITY
5.3-5,5.2.5-4.1,0.5668,COMPLEMENTARITY
5.6-6,5.3.1-2.1,0.5667,COMPLEMENTARITY
5.3-10,5.1.2-1,0.5667,COMPLEMENTARITY
5.6-6,5.1.3-4,0.5667,COMPLEMENTARITY
5.5-2,5.1.2-6,0.5666,COMPLEMENTARITY
5.5-8,5.1.1-1.1,0.5666,COMPLEMENTARITY
5.12-2,5.1.2-1,0.5666,COMPLEMENTARITY
5.13-1A,5.1.4-1,0.5665,COMPLEMENTARITY
5.1-1,5.2.1-4.1,0.5665,COMPLEMENTARITY
5.10-1,5.1.2-1.1,0.5664,COMPLEMENTARITY
5.12-3,5.2.5-1,0.5664,COMPLEMENTARITY
5.3-4A,5.3.1-3,0.5664,COMPLEMENTARITY
5.4-4,5.2.2-3,0.5664,COMPLEMENTARITY
5.5-5,5.2.4-3,0.5664,COMPLEMENTARITY
5.8-3,5.2.1-3.1,0.5663,COMPLEMENTARITY
5.2-3,5.5.1-2,0.5663,COMPLEMENTARITY
5.8-1,5.1.2-6,0.5663,COMPLEMENTARITY
5.12-3,5.2.1-3.1,0.5663,COMPLEMENTARITY
5.1-2,5.2.4-3,0.5663,COMPLEMENTARITY
5.6-9,5.2.5-2.1,0.5661,COMPLEMENTARITY
5.12-1,5.2.2-6,0.5661,COMPLEMENTARITY
5.8-3,5.2.4-1.2,0.5661,COMPLEMENTARITY
5.12-3,5.1.3-2,0.5661,COMPLEMENTARITY
5.8-1,5.2.3-2.1,0.566,COMPLEMENTARITY
5.11-4,5.1.2-3,0.566,COMPLEMENTARITY
5.3-15B,5.2.3-3,0.5659,COMPLEMENTARITY
5.9-3,5.4.2-2,0.5659,COMPLEMENTARITY
5.0-1,5.2.3-4,0.5658,COMPLEMENTARITY
5.12-1,5.3.1-2.1,0.5658,COMPLEMENTARITY
5.8-1,5.2.4-1,0.5658,COMPLEMENTARITY
5.12-1,5.1.2-7,0.5657,COMPLEMENTARITY
5.1-5,5.2.1-3.1,0.5657,COMPLEMENTARITY
5.6-4A,5.2.1-4.1,0.5657,COMPLEMENTARITY
5.4-4,5.4.2-2,0.5657,COMPLEMENTARITY
5.4-2,5.3.1-3,0.5656,COMPLEMENTARITY
5.3-15A,5.2.4-1,0.5656,COMPLEMENTARITY
5.1-3,5.1.3-2,0.5656,COMPLEMENTARITY
5.13-1B,5.1.3-1,0.5655,COMPLEMENTARITY
5.1-2,5.4.1-1,0.5655,COMPLEMENTARITY
5.3-14,5.2.2-3,0.5654,COMPLEMENTARITY
5.2-2,5.2.4-2,0.5654,COMPLEMENTARITY
5.9-3,5.1.2-1.1,0.5654,COMPLEMENTARITY
5.3-9,5.1.1-2.1,0.5653,COMPLEMENTARITY
5.12-1,5.2.2-1,0.5653,COMPLEMENTARITY
5.9-2,5.4.2-2,0.5653,COMPLEMENTARITY
5.6-6,5.3.1-3,0.5653,COMPLEMENTARITY
5.6-4B,5.1.3-4,0.5653,COMPLEMENTARITY
5.3-12,5.2.2-2,0.5653,COMPLEMENTARITY
5.4-2,5.4.1-1.1,0.5653,COMPLEMENTARITY
5.6-5,5.2.2-6,0.5652,COMPLEMENTARITY
5.3-5,5.2.2-4,0.5652,COMPLEMENTARITY
5.5-8,5.1.1-2.2,0.5652,COMPLEMENTARITY
5.6-8,5.1.2-6,0.5652,COMPLEMENTARITY
5.2-1,5.1.3-3,0.565,COMPLEMENTARITY
5.12-3,5.2.1-2,0.565,COMPLEMENTARITY
5.10-1,5.2.4-1,0.565,COMPLEMENTARITY
5.6-2,5.1.3-1.2,0.565,COMPLEMENTARITY
5.4-1,5.2.1-4.1,0.565,COMPLEMENTARITY
5.8-1,5.2.5-2.1,0.5649,COMPLEMENTARITY
5.2-2,5.2.4-1,0.5649,COMPLEMENTARITY
5.4-4,5.1.4-3,0.5648,COMPLEMENTARITY
5.3-14,5.2.2-2,0.5648,COMPLEMENTARITY
5.12-1,5.1.3-1.2,0.5648,COMPLEMENTARITY
5.7-2,5.2.4-2,0.5648,COMPLEMENTARITY
5.8-1,5.4.2-4,0.5648,COMPLEMENTARITY
5.4-2,5.2.4-1,0.5648,COMPLEMENTARITY
5.6-2,5.2.4-3,0.5648,COMPLEMENTARITY
5.2-2,5.4.1-2,0.5647,COMPLEMENTARITY
5.13-1A,5.2.1-1,0.5647,COMPLEMENTARITY
5.3-5,5.2.2-2,0.5646,COMPLEMENTARITY
5.13-1A,5.2.4-2,0.5646,COMPLEMENTARITY
5.13-1A,5.3.1-2.2,0.5646,COMPLEMENTARITY
5.3-4A,5.1.2-7,0.5646,COMPLEMENTARITY
5.3-6A,5.1.4-1,0.5645,COMPLEMENTARITY
5.5-8,5.3.1-2.1,0.5645,COMPLEMENTARITY
5.3-3,5.1.3-1.2,0.5645,COMPLEMENTARITY
5.0-1,5.4.1-2,0.5645,COMPLEMENTARITY
5.11-3,5.3.1-1,0.5645,COMPLEMENTARITY
5.3-10,5.4.1-1.1,0.5644,COMPLEMENTARITY
5.0-1,5.1.2-1.1,0.5644,COMPLEMENTARITY
5.3-14,5.2.5-2,0.5644,COMPLEMENTARITY
5.1-3,5.1.2-6,0.5644,COMPLEMENTARITY
5.4-2,5.5.1-2,0.5644,COMPLEMENTARITY
5.6-4B,5.2.4-1.1,0.5642,COMPLEMENTARITY
5.4-1,5.1.3-3,0.5642,COMPLEMENTARITY
5.13-1A,5.1.3-1.3,0.5642,COMPLEMENTARITY
5.10-1,5.2.3-1,0.5642,COMPLEMENTARITY
5.10-1,5.2.2-2,0.5642,COMPLEMENTARITY
5.3-16,5.2.2-2,0.5641,COMPLEMENTARITY
5.1-4,5.1.2-6,0.564,COMPLEMENTARITY
5.5-6,5.4.2-1,0.564,COMPLEMENTARITY
5.8-2,5.3.1-3,0.5639,COMPLEMENTARITY
5.3-7,5.1.1-1,0.5639,COMPLEMENTARITY
5.3-4B,5.4.2-2,0.5639,COMPLEMENTARITY
5.3-2,5.4.2-4,0.5639,COMPLEMENTARITY
5.3-5,5.1.2-2,0.5639,COMPLEMENTARITY
5.3-12,5.3.1-1,0.5639,COMPLEMENTARITY
5.3-14,5.2.5-4.1,0.5638,COMPLEMENTARITY
5.5-6,5.1.3-1.2,0.5638,COMPLEMENTARITY
5.9-1,5.4.2-4,0.5637,COMPLEMENTARITY
5.3-15A,5.2.1-4.1,0.5637,COMPLEMENTARITY
5.6-4B,5.2.2-6,0.5637,COMPLEMENTARITY
5.1-3,5.1.2-2,0.5636,COMPLEMENTARITY
5.12-2,5.1.4-4,0.5636,COMPLEMENTARITY
5.5-7,5.2.1-4.1,0.5636,COMPLEMENTARITY
5.7-1,5.2.4-1.2,0.5636,COMPLEMENTARITY
5.8-1,5.1.3-4,0.5635,COMPLEMENTARITY
5.12-1,5.2.5-1,0.5635,COMPLEMENTARITY
5.13-1B,5.1.3-1.3,0.5634,COMPLEMENTARITY
5.6-6,5.3.1-2,0.5634,COMPLEMENTARITY
5.2-2,5.2.1-4.1,0.5634,COMPLEMENTARITY
5.5-2,5.1.1-2.1,0.5634,COMPLEMENTARITY
5.13-1B,5.2.2-5,0.5633,COMPLEMENTARITY
5.3-6A,5.1.1-2.1,0.5633,COMPLEMENTARITY
5.8-1,5.1.3-1.1,0.5633,COMPLEMENTARITY
5.0-1,5.2.1-2,0.5633,COMPLEMENTARITY
5.6-6,5.2.4-3,0.5632,COMPLEMENTARITY
5.3-9,5.4.2-2,0.5632,COMPLEMENTARITY
5.3-7,5.2.1-1,0.5632,COMPLEMENTARITY
5.6-7,5.4.1-2,0.5632,COMPLEMENTARITY
5.7-2,5.4.2-2,0.5631,COMPLEMENTARITY
5.6-6,5.2.3-1,0.5631,COMPLEMENTARITY
5.8-3,5.2.4-1.1,0.5631,COMPLEMENTARITY
5.2-1,5.2.5-3,0.5631,COMPLEMENTARITY
5.12-1,5.1.2-5.1,0.563,COMPLEMENTARITY
5.3-7,5.5.1-2,0.563,COMPLEMENTARITY
5.1-3,5.3.1-1,0.563,COMPLEMENTARITY
5.7-1,5.2.1-4.1,0.563,COMPLEMENTARITY
5.3-12,5.2.1-4.1,0.563,COMPLEMENTARITY
5.5-1,5.2.2-3,0.5629,COMPLEMENTARITY
5.11-4,5.2.4-1.1,0.5629,COMPLEMENTARITY
5.6-7,5.1.2-5.1,0.5628,COMPLEMENTARITY
5.10-1,5.1.2-2,0.5627,COMPLEMENTARITY
5.2-1,5.1.2-4,0.5627,COMPLEMENTARITY
5.3-14,5.1.2-7,0.5626,COMPLEMENTARITY
5.3-7,5.2.3-2.1,0.5626,COMPLEMENTARITY
5.3-4B,5.1.4-4,0.5626,COMPLEMENTARITY
5.12-1,5.4.1-1,0.5626,COMPLEMENTARITY
5.4-4,5.1.4-1,0.5625,COMPLEMENTARITY
5.2-1,5.2.3-2.1,0.5625,COMPLEMENTARITY
5.6-7,5.3.1-2.1,0.5625,COMPLEMENTARITY
5.6-5,5.2.5-4.1,0.5625,COMPLEMENTARITY
5.1-4,5.4.2-4,0.5624,COMPLEMENTARITY
5.11-1,5.2.1-4,0.5624,COMPLEMENTARITY
5.3-14,5.1.3-3,0.5624,COMPLEMENTARITY
5.3-5,5.2.1-4,0.5624,COMPLEMENTARITY
5.3-8,5.2.1-1,0.5624,COMPLEMENTARITY
5.6-7,5.2.5-3,0.5624,COMPLEMENTARITY
5.6-4A,5.3.1-1,0.5624,COMPLEMENTARITY
5.4-2,5.1.2-4,0.5623,COMPLEMENTARITY
5.13-1B,5.4.1-1,0.5623,COMPLEMENTARITY
5.5-8,5.2.3-4,0.5622,COMPLEMENTARITY
5.2-1,5.1.3-1,0.5622,COMPLEMENTARITY
5.6-9,5.3.1-2,0.5621,COMPLEMENTARITY
5.8-1,5.2.1-1,0.5621,COMPLEMENTARITY
5.3-15A,5.2.3-3,0.5621,COMPLEMENTARITY
5.13-1B,5.4.1-2,0.5621,COMPLEMENTARITY
5.5-3,5.1.2-6,0.562,COMPLEMENTARITY
5.3-7,5.1.4-5,0.562,COMPLEMENTARITY
5.11-3,5.2.3-4,0.562,COMPLEMENTARITY
5.13-1B,5.1.3-1.2,0.5619,COMPLEMENTARITY
5.6-9,5.2.2-4,0.5619,COMPLEMENTARITY
5.8-1,5.1.2-2,0.5619,COMPLEMENTARITY
5.4-4,5.2.1-3,0.5618,COMPLEMENTARITY
5.0-1,5.2.1-4.2,0.5617,COMPLEMENTARITY
5.5-5,5.1.3-4,0.5617,COMPLEMENTARITY
5.13-1B,5.3.1-2.2,0.5616,COMPLEMENTARITY
5.9-3,5.1.1-2.1,0.5616,COMPLEMENTARITY
5.3-6A,5.2.4-3,0.5615,COMPLEMENTARITY
5.11-4,5.2.3-4,0.5615,COMPLEMENTARITY
5.9-3,5.3.1-3,0.5615,COMPLEMENTARITY
5.1-5,5.2.4-1.2,0.5615,COMPLEMENTARITY
5.12-2,5.1.2-4,0.5615,COMPLEMENTARITY
5.3-8,5.2.1-2,0.5614,COMPLEMENTARITY
5.1-3,5.1.3-1.1,0.5614,COMPLEMENTARITY
5.12-1,5.4.1-1.1,0.5614,COMPLEMENTARITY
5.0-1,5.2.4-1.2,0.5614,COMPLEMENTARITY
5.7-1,5.5.1-1,0.5614,COMPLEMENTARITY
5.5-8,5.3.1-2.2,0.5613,COMPLEMENTARITY
5.5-3,5.2.1-2,0.5613,COMPLEMENTARITY
5.3-4B,5.3.1-1,0.5613,COMPLEMENTARITY
5.1-4,5.2.4-1.2,0.5612,COMPLEMENTARITY
5.3-14,5.1.3-4,0.5612,COMPLEMENTARITY
5.3-2,5.1.2-1.1,0.5612,COMPLEMENTARITY
5.6-3,5.5.1-1,0.5611,COMPLEMENTARITY
5.5-4,5.2.1-3.1,0.5611,COMPLEMENTARITY
5.5-6,5.1.1-1.1,0.561,COMPLEMENTARITY
5.6-9,5.1.4-5,0.561,COMPLEMENTARITY
5.3-8,5.1.2-7,0.561,COMPLEMENTARITY
5.6-6,5.1.2-2,0.561,COMPLEMENTARITY
5.3-7,5.2.4-1.1,0.5608,COMPLEMENTARITY
5.3-5,5.1.3-1.2,0.5608,COMPLEMENTARITY
5.6-2,5.4.2-3,0.5608,COMPLEMENTARITY
5.4-2,5.1.2-7,0.5608,COMPLEMENTARITY
5.12-2,5.1.1-2.2,0.5608,COMPLEMENTARITY
5.12-2,5.2.4-1.1,0.5608,COMPLEMENTARITY
5.8-3,5.4.2-3,0.5607,COMPLEMENTARITY
5.2-1,5.3.1-1,0.5607,COMPLEMENTARITY
5.3-6A,5.4.2-3,0.5607,COMPLEMENTARITY
5.5-2,5.2.2-3,0.5606,COMPLEMENTARITY
5.3-5,5.3.1-2.1,0.5606,COMPLEMENTARITY
5.7-2,5.4.1-1.1,0.5606,COMPLEMENTARITY
5.11-3,5.2.1-4,0.5606,COMPLEMENTARITY
5.10-1,5.2.4-2.1,0.5605,COMPLEMENTARITY
5.12-3,5.3.1-3,0.5605,COMPLEMENTARITY
5.1-2A,5.3.1-1,0.5605,COMPLEMENTARITY
5.3-2,5.2.4-3,0.5605,COMPLEMENTARITY
5.11-1,5.2.1-4.2,0.5604,COMPLEMENTARITY
5.2-3,5.5.1-1,0.5604,COMPLEMENTARITY
5.6-4B,5.5.1-2,0.5604,COMPLEMENTARITY
5.1-5,5.3.1-2.1,0.5603,COMPLEMENTARITY
5.11-4,5.2.4-2,0.5603,COMPLEMENTARITY
5.11-3,5.4.1-1,0.5603,COMPLEMENTARITY
5.7-2,5.2.1-2,0.5602,COMPLEMENTARITY
5.9-2,5.1.3-3,0.5602,COMPLEMENTARITY
5.11-3,5.3.1-3,0.5602,COMPLEMENTARITY
5.3-13,5.2.2-6,0.5601,COMPLEMENTARITY
5.3-4B,5.4.2-3,0.5601,COMPLEMENTARITY
5.3-6A,5.1.3-1.2,0.5601,COMPLEMENTARITY
5.5-2,5.2.5-4.1,0.5601,COMPLEMENTARITY
5.1-2,5.1.2-6,0.56,COMPLEMENTARITY
5.12-1,5.2.3-2.1,0.56,COMPLEMENTARITY
5.3-6A,5.4.2-4,0.56,COMPLEMENTARITY
5.5-3,5.1.1-2,0.56,COMPLEMENTARITY
5.1-5,5.2.1-4.1,0.5599,COMPLEMENTARITY
5.3-15A,5.4.1-3,0.5599,COMPLEMENTARITY
5.4-2,5.4.1-1,0.5599,COMPLEMENTARITY
5.3-15A,5.2.1-1,0.5599,COMPLEMENTARITY
5.3-1,5.5.1-1,0.5599,COMPLEMENTARITY
5.2-3,5.1.4-2,0.5599,COMPLEMENTARITY
5.12-2,5.2.2-6,0.5599,COMPLEMENTARITY
5.8-2,5.1.3-2,0.5598,COMPLEMENTARITY
5.3-7,5.1.2-7,0.5598,COMPLEMENTARITY
5.10-1,5.1.3-2,0.5598,COMPLEMENTARITY
5.11-4,5.2.1-4,0.5598,COMPLEMENTARITY
5.2-1,5.1.2-7,0.5597,COMPLEMENTARITY
5.5-3,5.1.4-4,0.5597,COMPLEMENTARITY
5.2-2,5.2.4-1.1,0.5597,COMPLEMENTARITY
5.1-5,5.2.1-2,0.5597,COMPLEMENTARITY
5.3-7,5.2.4-1,0.5597,COMPLEMENTARITY
5.3-5,5.1.3-1,0.5597,COMPLEMENTARITY
5.5-1,5.2.1-4,0.5596,COMPLEMENTARITY
5.8-2,5.1.3-1.1,0.5596,COMPLEMENTARITY
5.12-1,5.3.1-3,0.5596,COMPLEMENTARITY
5.3-9,5.3.1-1,0.5596,COMPLEMENTARITY
5.6-3,5.3.1-3,0.5595,COMPLEMENTARITY
5.12-1,5.1.3-3,0.5595,COMPLEMENTARITY
5.4-4,5.4.2-1,0.5595,COMPLEMENTARITY
5.6-2,5.1.1-2,0.5594,COMPLEMENTARITY
5.11-2,5.2.1-4.2,0.5594,COMPLEMENTARITY
5.1-4,5.2.1-4.1,0.5594,COMPLEMENTARITY
5.6-8,5.2.1-4,0.5594,COMPLEMENTARITY
5.6-2,5.2.4-2,0.5593,COMPLEMENTARITY
5.6-8,5.1.3-1,0.5593,COMPLEMENTARITY
5.3-5,5.1.2-3,0.5593,COMPLEMENTARITY
5.8-1,5.1.2-4,0.5591,COMPLEMENTARITY
5.12-3,5.1.2-4,0.5591,COMPLEMENTARITY
5.12-1,5.2.5-4.1,0.5591,COMPLEMENTARITY
5.5-8,5.1.1-2.1,0.559,COMPLEMENTARITY
5.7-2,5.1.2-5,0.559,COMPLEMENTARITY
5.6-6,5.2.5-2,0.559,COMPLEMENTARITY
5.0-1,5.2.5-4.1,0.5589,COMPLEMENTARITY
5.7-2,5.3.1-1,0.5589,COMPLEMENTARITY
5.6-4A,5.5.1-1,0.5589,COMPLEMENTARITY
5.4-1,5.1.1-2.2,0.5589,COMPLEMENTARITY
5.13-1A,5.1.1-2.2,0.5588,COMPLEMENTARITY
5.6-1,5.1.4-5,0.5588,COMPLEMENTARITY
5.3-15B,5.2.5-4.1,0.5588,COMPLEMENTARITY
5.1-4,5.1.2-7,0.5587,COMPLEMENTARITY
5.8-2,5.3.1-1,0.5587,COMPLEMENTARITY
5.11-2,5.1.4-2,0.5587,COMPLEMENTARITY
5.12-2,5.1.2-2,0.5587,COMPLEMENTARITY
5.1-1,5.2.2-2,0.5586,COMPLEMENTARITY
5.3-8,5.4.2-1,0.5586,COMPLEMENTARITY
5.6-4B,5.3.1-1,0.5586,COMPLEMENTARITY
5.3-1,5.2.5-4.1,0.5586,COMPLEMENTARITY
5.6-1,5.1.3-4,0.5585,COMPLEMENTARITY
5.8-3,5.1.1-2.1,0.5585,COMPLEMENTARITY
5.1-2,5.2.1-4.2,0.5584,COMPLEMENTARITY
5.1-3,5.2.3-2,0.5584,COMPLEMENTARITY
5.3-1,5.1.1-1,0.5584,COMPLEMENTARITY
5.1-2,5.3.1-3,0.5582,COMPLEMENTARITY
5.4-2,5.2.1-3.1,0.5582,COMPLEMENTARITY
5.5-3,5.4.2-4,0.5582,COMPLEMENTARITY
5.5-3,5.1.4-1,0.5582,COMPLEMENTARITY
5.5-2,5.2.4-3,0.5582,COMPLEMENTARITY
5.12-2,5.1.3-3,0.5582,COMPLEMENTARITY
5.3-15A,5.1.4-4,0.5582,COMPLEMENTARITY
5.2-1,5.1.3-4,0.5581,COMPLEMENTARITY
5.1-5,5.2.2-6,0.5581,COMPLEMENTARITY
5.3-3,5.3.1-1,0.5581,COMPLEMENTARITY
5.4-4,5.2.1-1,0.5581,COMPLEMENTARITY
5.1-3,5.2.2-6,0.5581,COMPLEMENTARITY
5.1-4,5.2.4-3,0.5581,COMPLEMENTARITY
5.3-10,5.1.1-1,0.5579,COMPLEMENTARITY
5.2-1,5.5.1-1,0.5579,COMPLEMENTARITY
5.9-2,5.4.1-1,0.5579,COMPLEMENTARITY
5.5-6,5.1.2-4,0.5578,COMPLEMENTARITY
5.3-6B,5.2.4-1,0.5578,COMPLEMENTARITY
5.5-2,5.1.4-2,0.5577,COMPLEMENTARITY
5.3-8,5.2.3-2.1,0.5577,COMPLEMENTARITY
5.3-15A,5.1.2-6,0.5577,COMPLEMENTARITY
5.3-9,5.2.1-2,0.5577,COMPLEMENTARITY
5.8-1,5.1.3-2,0.5577,COMPLEMENTARITY
5.6-1,5.2.2-3,0.5576,COMPLEMENTARITY
5.11-4,5.4.2-4,0.5576,COMPLEMENTARITY
5.3-13,5.2.2-2,0.5576,COMPLEMENTARITY
5.11-1,5.2.1-1,0.5576,COMPLEMENTARITY
5.8-1,5.3.1-1,0.5575,COMPLEMENTARITY
5.3-3,5.2.4-3,0.5575,COMPLEMENTARITY
5.13-1B,5.2.3-4,0.5574,COMPLEMENTARITY
5.7-2,5.2.4-1,0.5574,COMPLEMENTARITY
5.3-8,5.1.3-3,0.5574,COMPLEMENTARITY
5.13-1A,5.2.3-2,0.5574,COMPLEMENTARITY
5.5-8,5.1.3-2,0.5574,COMPLEMENTARITY
5.3-9,5.2.3-3,0.5573,COMPLEMENTARITY
5.1-4,5.1.3-1.2,0.5573,COMPLEMENTARITY
5.3-4A,5.2.3-2,0.5573,COMPLEMENTARITY
5.5-6,5.1.1-2,0.5573,COMPLEMENTARITY
5.5-2,5.5.1-1,0.5573,COMPLEMENTARITY
5.1-2,5.4.2-4,0.5572,COMPLEMENTARITY
5.6-4B,5.4.1-3,0.5571,COMPLEMENTARITY
5.5-6,5.4.2-4,0.5571,COMPLEMENTARITY
5.3-15B,5.4.2-3,0.5571,COMPLEMENTARITY
5.10-1,5.1.1-1,0.5571,COMPLEMENTARITY
5.4-1,5.2.4-1.1,0.5571,COMPLEMENTARITY
5.3-4A,5.1.3-1.3,0.557,COMPLEMENTARITY
5.0-1,5.1.1-2.2,0.557,COMPLEMENTARITY
5.1-2,5.1.3-2,0.557,COMPLEMENTARITY
5.3-3,5.3.1-3,0.557,COMPLEMENTARITY
5.3-13,5.1.3-1.2,0.557,COMPLEMENTARITY
5.6-8,5.1.2-5,0.5569,COMPLEMENTARITY
5.8-3,5.2.4-3,0.5569,COMPLEMENTARITY
5.6-2,5.4.1-1,0.5568,COMPLEMENTARITY
5.6-8,5.3.1-3,0.5568,COMPLEMENTARITY
5.5-4,5.1.2-6,0.5568,COMPLEMENTARITY
5.3-1,5.2.3-3,0.5568,COMPLEMENTARITY
5.3-15A,5.2.5-1,0.5567,COMPLEMENTARITY
5.11-3,5.2.5-1,0.5567,COMPLEMENTARITY
5.5-6,5.3.1-2.2,0.5566,COMPLEMENTARITY
5.8-2,5.2.4-1,0.5566,COMPLEMENTARITY
5.2-3,5.3.1-1,0.5566,COMPLEMENTARITY
5.6-4A,5.2.4-1,0.5566,COMPLEMENTARITY
5.7-1,5.2.1-4,0.5566,COMPLEMENTARITY
5.5-3,5.1.3-4,0.5566,COMPLEMENTARITY
5.3-4B,5.2.2-3,0.5566,COMPLEMENTARITY
5.4-4,5.1.1-2.1,0.5566,COMPLEMENTARITY
5.11-4,5.4.1-1,0.5564,COMPLEMENTARITY
5.10-1,5.5.1-1,0.5564,COMPLEMENTARITY
5.10-1,5.5.1-2,0.5564,COMPLEMENTARITY
5.3-10,5.5.1-1,0.5564,COMPLEMENTARITY
5.6-6,5.2.4-1.2,0.5564,COMPLEMENTARITY
5.6-4B,5.2.5-4,0.5564,COMPLEMENTARITY
5.12-2,5.2.1-3.1,0.5563,COMPLEMENTARITY
5.12-2,5.1.4-3,0.5563,COMPLEMENTARITY
5.3-4A,5.2.5-3,0.5563,COMPLEMENTARITY
5.4-3,5.2.5-4,0.5562,COMPLEMENTARITY
5.0-1,5.4.1-1,0.5562,COMPLEMENTARITY
5.6-6,5.1.4-3,0.5562,COMPLEMENTARITY
5.6-9,5.2.1-1,0.5562,COMPLEMENTARITY
5.3-5,5.1.1-2,0.5562,COMPLEMENTARITY
5.10-1,5.2.1-1,0.5562,COMPLEMENTARITY
5.3-15B,5.2.3-4,0.5562,COMPLEMENTARITY
5.3-10,5.1.3-2,0.5562,COMPLEMENTARITY
5.3-15A,5.2.2-4,0.5562,COMPLEMENTARITY
5.6-7,5.1.2-1.1,0.5562,COMPLEMENTARITY
5.6-7,5.1.3-1.3,0.5561,COMPLEMENTARITY
5.9-3,5.4.1-2,0.556,COMPLEMENTARITY
5.2-3,5.2.3-4,0.556,COMPLEMENTARITY
5.3-5,5.1.1-1,0.5559,COMPLEMENTARITY
5.7-1,5.1.3-1.2,0.5558,COMPLEMENTARITY
5.5-3,5.2.5-4,0.5558,COMPLEMENTARITY
5.3-10,5.1.3-4,0.5558,COMPLEMENTARITY
5.1-4,5.2.1-2,0.5557,COMPLEMENTARITY
5.3-9,5.2.3-4,0.5556,COMPLEMENTARITY
5.3-10,5.2.5-2,0.5556,COMPLEMENTARITY
5.2-2,5.2.4-2.1,0.5555,COMPLEMENTARITY
5.13-1A,5.1.1-2,0.5555,COMPLEMENTARITY
5.7-2,5.1.2-3,0.5555,COMPLEMENTARITY
5.3-2,5.4.2-3,0.5555,COMPLEMENTARITY
5.3-12,5.4.1-1.1,0.5554,COMPLEMENTARITY
5.3-6A,5.1.3-4,0.5554,COMPLEMENTARITY
5.8-2,5.2.3-2.1,0.5554,COMPLEMENTARITY
5.5-8,5.1.1-1,0.5553,COMPLEMENTARITY
5.4-1,5.4.1-1.1,0.5553,COMPLEMENTARITY
5.3-14,5.4.2-2,0.5553,COMPLEMENTARITY
5.5-2,5.1.2-3,0.5552,COMPLEMENTARITY
5.3-13,5.3.1-2,0.5552,COMPLEMENTARITY
5.3-1,5.1.3-2,0.5552,COMPLEMENTARITY
5.3-10,5.2.3-3,0.5552,COMPLEMENTARITY
5.7-2,5.2.1-4,0.5552,COMPLEMENTARITY
5.10-1,5.1.3-1.3,0.5551,COMPLEMENTARITY
5.1-5,5.1.2-5,0.5551,COMPLEMENTARITY
5.3-15A,5.2.3-2,0.5551,COMPLEMENTARITY
5.1-3,5.2.5-2.1,0.5551,COMPLEMENTARITY
5.4-3,5.2.4-2.1,0.555,COMPLEMENTARITY
5.8-2,5.1.2-2,0.555,COMPLEMENTARITY
5.10-1,5.1.2-7,0.555,COMPLEMENTARITY
5.12-2,5.2.5-1,0.555,COMPLEMENTARITY
5.0-1,5.1.4-5,0.5549,COMPLEMENTARITY
5.6-6,5.1.3-3,0.5549,COMPLEMENTARITY
5.8-1,5.1.2-5.1,0.5549,COMPLEMENTARITY
5.8-2,5.2.1-2,0.5549,COMPLEMENTARITY
5.4-3,5.2.1-4.2,0.5549,COMPLEMENTARITY
5.12-2,5.1.1-2.1,0.5549,COMPLEMENTARITY
5.11-3,5.2.3-2.2,0.5548,COMPLEMENTARITY
5.6-4B,5.5.1-1,0.5548,COMPLEMENTARITY
5.5-5,5.2.3-2,0.5548,COMPLEMENTARITY
5.10-1,5.1.3-1.1,0.5547,COMPLEMENTARITY
5.12-2,5.2.4-2,0.5547,COMPLEMENTARITY
5.8-2,5.2.1-3.1,0.5547,COMPLEMENTARITY
5.2-1,5.4.2-4,0.5547,COMPLEMENTARITY
5.3-8,5.2.2-2,0.5546,COMPLEMENTARITY
5.5-2,5.4.1-3,0.5545,COMPLEMENTARITY
5.12-2,5.3.1-2.2,0.5545,COMPLEMENTARITY
5.1-3,5.3.1-2.1,0.5545,COMPLEMENTARITY
5.5-1,5.1.3-1.1,0.5544,COMPLEMENTARITY
5.3-5,5.5.1-2,0.5543,COMPLEMENTARITY
5.12-3,5.1.2-1,0.5543,COMPLEMENTARITY
5.10-1,5.2.1-3.1,0.5543,COMPLEMENTARITY
5.1-5,5.4.2-3,0.5542,COMPLEMENTARITY
5.1-4,5.4.1-1.1,0.5542,COMPLEMENTARITY
5.11-2,5.2.3-4,0.5542,COMPLEMENTARITY
5.9-1,5.2.3-1,0.5542,COMPLEMENTARITY
5.3-8,5.4.1-3,0.5541,COMPLEMENTARITY
5.6-6,5.2.5-4.1,0.5541,COMPLEMENTARITY
5.3-4B,5.2.5-1,0.5541,COMPLEMENTARITY
5.12-2,5.1.4-1,0.5541,COMPLEMENTARITY
5.1-3,5.1.3-1,0.554,COMPLEMENTARITY
5.3-15B,5.1.3-1.2,0.5539,COMPLEMENTARITY
5.6-6,5.5.1-2,0.5539,COMPLEMENTARITY
5.8-1,5.4.1-1.1,0.5539,COMPLEMENTARITY
5.7-2,5.1.1-2.1,0.5538,COMPLEMENTARITY
5.4-1,5.4.2-4,0.5538,COMPLEMENTARITY
5.1-4,5.5.1-1,0.5538,COMPLEMENTARITY
5.6-4B,5.2.2-1,0.5537,COMPLEMENTARITY
5.3-7,5.3.1-3,0.5537,COMPLEMENTARITY
5.6-4A,5.1.3-4,0.5537,COMPLEMENTARITY
5.4-2,5.2.1-1,0.5537,COMPLEMENTARITY
5.6-6,5.3.1-1,0.5536,COMPLEMENTARITY
5.3-10,5.2.5-2.1,0.5536,COMPLEMENTARITY
5.3-13,5.1.4-2,0.5536,COMPLEMENTARITY
5.3-5,5.3.1-2,0.5536,COMPLEMENTARITY
5.3-8,5.2.5-2,0.5535,COMPLEMENTARITY
5.8-2,5.5.1-2,0.5535,COMPLEMENTARITY
5.5-1,5.1.1-2.2,0.5535,COMPLEMENTARITY
5.11-2,5.2.1-1,0.5535,COMPLEMENTARITY
5.1-2,5.1.3-3,0.5535,COMPLEMENTARITY
5.6-6,5.1.2-1.1,0.5535,COMPLEMENTARITY
5.11-4,5.3.1-1,0.5535,COMPLEMENTARITY
5.5-5,5.4.1-1.1,0.5534,COMPLEMENTARITY
5.3-6A,5.4.1-3,0.5533,COMPLEMENTARITY
5.3-12,5.4.2-2,0.5533,COMPLEMENTARITY
5.11-2,5.1.4-1,0.5533,COMPLEMENTARITY
5.8-3,5.3.1-2,0.5533,COMPLEMENTARITY
5.3-9,5.4.1-3,0.5533,COMPLEMENTARITY
5.5-6,5.1.3-1.3,0.5533,COMPLEMENTARITY
5.9-1,5.1.4-1,0.5532,COMPLEMENTARITY
5.12-1,5.2.3-4,0.5532,COMPLEMENTARITY
5.3-15A,5.2.5-4,0.5532,COMPLEMENTARITY
5.10-1,5.2.3-3,0.5532,COMPLEMENTARITY
5.12-3,5.4.1-1,0.5532,COMPLEMENTARITY
5.12-3,5.2.4-1.2,0.5532,COMPLEMENTARITY
5.12-1,5.2.4-1.1,0.5531,COMPLEMENTARITY
5.6-2,5.2.3-4,0.5531,COMPLEMENTARITY
5.3-12,5.2.1-3.1,0.5531,COMPLEMENTARITY
5.8-3,5.1.2-1.1,0.5531,COMPLEMENTARITY
5.12-3,5.4.2-3,0.5531,COMPLEMENTARITY
5.3-15A,5.2.5-2,0.553,COMPLEMENTARITY
5.2-3,5.2.3-2,0.553,COMPLEMENTARITY
5.12-3,5.2.4-1,0.553,COMPLEMENTARITY
5.1-5,5.2.1-4,0.553,COMPLEMENTARITY
5.3-14,5.1.2-6,0.553,COMPLEMENTARITY
5.8-3,5.2.3-1,0.5529,COMPLEMENTARITY
5.2-2,5.2.2-5,0.5529,COMPLEMENTARITY
5.4-2,5.1.3-4,0.5529,COMPLEMENTARITY
5.11-2,5.3.1-3,0.5529,COMPLEMENTARITY
5.9-1,5.2.3-2.1,0.5529,COMPLEMENTARITY
5.1-2,5.2.2-3,0.5529,COMPLEMENTARITY
5.3-15A,5.2.5-3,0.5528,COMPLEMENTARITY
5.3-10,5.4.1-3,0.5528,COMPLEMENTARITY
5.11-2,5.2.4-1,0.5528,COMPLEMENTARITY
5.5-3,5.4.1-1,0.5528,COMPLEMENTARITY
5.8-1,5.5.1-2,0.5528,COMPLEMENTARITY
5.8-2,5.2.1-1,0.5527,COMPLEMENTARITY
5.7-2,5.4.2-1,0.5526,COMPLEMENTARITY
5.5-1,5.4.2-4,0.5526,COMPLEMENTARITY
5.4-1,5.4.2-3,0.5526,COMPLEMENTARITY
5.3-15A,5.2.3-1,0.5526,COMPLEMENTARITY
5.10-1,5.2.3-2,0.5526,COMPLEMENTARITY
5.12-2,5.4.2-3,0.5525,COMPLEMENTARITY
5.7-2,5.4.2-3,0.5525,COMPLEMENTARITY
5.5-3,5.2.4-3,0.5525,COMPLEMENTARITY
5.3-2,5.1.1-2.2,0.5525,COMPLEMENTARITY
5.3-14,5.2.5-3,0.5525,COMPLEMENTARITY
5.0-1,5.1.4-2,0.5525,COMPLEMENTARITY
5.1-2,5.1.1-2,0.5525,COMPLEMENTARITY
5.1-2,5.1.3-4,0.5525,COMPLEMENTARITY
5.6-9,5.2.5-4,0.5525,COMPLEMENTARITY
5.0-1,5.3.1-2,0.5525,COMPLEMENTARITY
5.9-1,5.4.2-2,0.5525,COMPLEMENTARITY
5.3-7,5.2.1-3,0.5524,COMPLEMENTARITY
5.4-4,5.2.3-2,0.5524,COMPLEMENTARITY
5.13-1B,5.2.3-2,0.5524,COMPLEMENTARITY
5.1-3,5.2.5-1,0.5523,COMPLEMENTARITY
5.8-1,5.4.1-1,0.5523,COMPLEMENTARITY
5.6-2,5.2.2-4,0.5523,COMPLEMENTARITY
5.2-2,5.2.5-2,0.5522,COMPLEMENTARITY
5.8-2,5.1.2-4,0.5522,COMPLEMENTARITY
5.8-1,5.2.5-3,0.5521,COMPLEMENTARITY
5.5-1,5.3.1-1,0.5521,COMPLEMENTARITY
5.7-2,5.2.3-4,0.5521,COMPLEMENTARITY
5.7-1,5.2.2-3,0.5521,COMPLEMENTARITY
5.4-2,5.1.2-6,0.5521,COMPLEMENTARITY
5.5-6,5.1.2-6,0.552,COMPLEMENTARITY
5.3-8,5.2.2-3,0.552,COMPLEMENTARITY
5.3-5,5.1.4-1,0.5519,COMPLEMENTARITY
5.13-1B,5.2.2-3,0.5519,COMPLEMENTARITY
5.1-2,5.1.4-4,0.5519,COMPLEMENTARITY
5.12-2,5.2.3-4,0.5518,COMPLEMENTARITY
5.13-1A,5.2.1-4.2,0.5518,COMPLEMENTARITY
5.6-6,5.2.1-4.2,0.5518,COMPLEMENTARITY
5.5-5,5.4.1-1,0.5517,COMPLEMENTARITY
5.5-5,5.1.3-2,0.5517,COMPLEMENTARITY
5.3-6A,5.2.1-3.1,0.5517,COMPLEMENTARITY
5.3-15A,5.5.1-1,0.5517,COMPLEMENTARITY
5.1-3,5.4.2-4,0.5517,COMPLEMENTARITY
5.9-3,5.3.1-2.1,0.5516,COMPLEMENTARITY
5.3-13,5.2.4-1.2,0.5515,COMPLEMENTARITY
5.3-1,5.2.4-3,0.5514,COMPLEMENTARITY
5.1-2,5.1.2-4,0.5514,COMPLEMENTARITY
5.3-2,5.2.5-4,0.5514,COMPLEMENTARITY
5.12-2,5.3.1-2.1,0.5514,COMPLEMENTARITY
5.8-2,5.4.1-1,0.5513,COMPLEMENTARITY
5.8-1,5.4.2-3,0.5513,COMPLEMENTARITY
5.12-3,5.1.3-1,0.5513,COMPLEMENTARITY
5.7-2,5.4.1-2,0.5513,COMPLEMENTARITY
5.3-15A,5.4.2-3,0.5513,COMPLEMENTARITY
5.2-2,5.2.3-4,0.5512,COMPLEMENTARITY
5.4-2,5.4.2-3,0.5512,COMPLEMENTARITY
5.12-3,5.2.2-1,0.5512,COMPLEMENTARITY
5.12-2,5.1.2-6,0.5512,COMPLEMENTARITY
5.5-8,5.2.3-3,0.5512,COMPLEMENTARITY
5.3-4B,5.4.2-1,0.5512,COMPLEMENTARITY
5.8-3,5.1.2-4,0.5511,COMPLEMENTARITY
5.5-3,5.2.2-2,0.5511,COMPLEMENTARITY
5.6-2,5.1.2-6,0.5511,COMPLEMENTARITY
5.11-2,5.2.4-1.2,0.5511,COMPLEMENTARITY
5.1-5,5.1.2-4,0.551,COMPLEMENTARITY
5.6-5,5.1.2-4,0.551,COMPLEMENTARITY
5.2-1,5.4.1-2,0.551,COMPLEMENTARITY
5.3-7,5.4.2-1,0.551,COMPLEMENTARITY
5.3-4B,5.3.1-2,0.551,COMPLEMENTARITY
5.6-7,5.1.4-2,0.5509,COMPLEMENTARITY
5.1-2A,5.2.1-4,0.5509,COMPLEMENTARITY
5.1-4,5.2.1-3.1,0.5508,COMPLEMENTARITY
5.9-3,5.2.5-2,0.5508,COMPLEMENTARITY
5.5-6,5.1.2-1,0.5508,COMPLEMENTARITY
5.1-3,5.1.2-1,0.5507,COMPLEMENTARITY
5.5-3,5.2.5-4.1,0.5507,COMPLEMENTARITY
5.3-8,5.2.3-3,0.5507,COMPLEMENTARITY
5.0-1,5.2.5-3,0.5507,COMPLEMENTARITY
5.13-1B,5.2.4-2,0.5507,COMPLEMENTARITY
5.5-3,5.1.3-1,0.5507,COMPLEMENTARITY
5.0-1,5.2.3-1,0.5506,COMPLEMENTARITY
5.12-1,5.2.5-2.1,0.5505,COMPLEMENTARITY
5.5-3,5.2.3-2.1,0.5505,COMPLEMENTARITY
5.3-6B,5.5.1-1,0.5505,COMPLEMENTARITY
5.5-1,5.2.4-1.2,0.5505,COMPLEMENTARITY
5.3-8,5.1.2-1,0.5505,COMPLEMENTARITY
5.0-1,5.2.2-1,0.5505,COMPLEMENTARITY
5.4-1,5.1.3-4,0.5504,COMPLEMENTARITY
5.2-1,5.1.2-6,0.5504,COMPLEMENTARITY
5.6-2,5.4.2-4,0.5503,COMPLEMENTARITY
5.9-2,5.4.2-3,0.5503,COMPLEMENTARITY
5.3-9,5.1.2-3,0.5503,COMPLEMENTARITY
5.1-3,5.4.1-1,0.5502,COMPLEMENTARITY
5.12-2,5.1.2-5.1,0.5502,COMPLEMENTARITY
5.3-2,5.1.1-2,0.5502,COMPLEMENTARITY
5.6-5,5.5.1-2,0.5501,COMPLEMENTARITY
5.6-5,5.2.5-4,0.5501,COMPLEMENTARITY
5.4-2,5.4.2-4,0.5501,COMPLEMENTARITY
5.4-4,5.2.5-4.1,0.55,COMPLEMENTARITY
5.1-4,5.3.1-2.2,0.55,COMPLEMENTARITY
5.6-1,5.3.1-2,0.5498,COMPLEMENTARITY
5.7-2,5.1.3-2,0.5498,COMPLEMENTARITY
5.3-9,5.1.3-2,0.5498,COMPLEMENTARITY
5.3-1,5.1.4-1,0.5497,COMPLEMENTARITY
5.3-10,5.5.1-2,0.5496,COMPLEMENTARITY
5.5-2,5.1.2-1.1,0.5496,COMPLEMENTARITY
5.3-4A,5.1.3-2,0.5496,COMPLEMENTARITY
5.3-2,5.3.1-1,0.5496,COMPLEMENTARITY
5.1-2,5.2.1-3,0.5495,COMPLEMENTARITY
5.10-1,5.1.4-1,0.5494,COMPLEMENTARITY
5.2-3,5.3.1-2,0.5494,COMPLEMENTARITY
5.5-7,5.4.1-1.1,0.5493,COMPLEMENTARITY
5.6-2,5.2.1-4,0.5493,COMPLEMENTARITY
5.6-4B,5.2.2-3,0.5493,COMPLEMENTARITY
5.3-15A,5.1.4-1,0.5493,COMPLEMENTARITY
5.3-15A,5.1.2-2,0.5492,COMPLEMENTARITY
5.3-7,5.2.2-2,0.5492,COMPLEMENTARITY
5.3-13,5.1.3-2,0.5491,COMPLEMENTARITY
5.12-3,5.4.2-2,0.5491,COMPLEMENTARITY
5.3-8,5.2.2-4,0.5491,COMPLEMENTARITY
5.4-2,5.1.1-2,0.5491,COMPLEMENTARITY
5.3-6A,5.1.3-1.1,0.549,COMPLEMENTARITY
5.3-14,5.1.2-2,0.549,COMPLEMENTARITY
5.3-15A,5.2.1-4.2,0.549,COMPLEMENTARITY
5.3-9,5.2.3-1,0.549,COMPLEMENTARITY
5.1-2,5.3.1-1,0.549,COMPLEMENTARITY
5.4-4,5.1.2-1.1,0.5489,COMPLEMENTARITY
5.10-1,5.4.1-1,0.5489,COMPLEMENTARITY
5.0-1,5.2.1-3.1,0.5488,COMPLEMENTARITY
5.2-1,5.1.2-1.1,0.5488,COMPLEMENTARITY
5.3-16,5.5.1-1,0.5488,COMPLEMENTARITY
5.1-2,5.4.1-2,0.5488,COMPLEMENTARITY
5.6-3,5.2.4-2,0.5488,COMPLEMENTARITY
5.5-1,5.2.3-2.1,0.5487,COMPLEMENTARITY
5.1-5,5.5.1-1,0.5487,COMPLEMENTARITY
5.3-4B,5.1.2-5,0.5487,COMPLEMENTARITY
5.3-16,5.1.4-2,0.5485,COMPLEMENTARITY
5.12-3,5.1.3-1.1,0.5485,COMPLEMENTARITY
5.8-3,5.4.2-4,0.5485,COMPLEMENTARITY
5.3-13,5.1.2-3,0.5485,COMPLEMENTARITY
5.4-3,5.2.4-1.1,0.5484,COMPLEMENTARITY
5.12-1,5.4.1-2,0.5484,COMPLEMENTARITY
5.6-6,5.2.4-1.1,0.5483,COMPLEMENTARITY
5.13-1B,5.1.4-2,0.5483,COMPLEMENTARITY
5.6-6,5.2.1-2,0.5483,COMPLEMENTARITY
5.3-8,5.4.2-3,0.5483,COMPLEMENTARITY
5.2-2,5.1.2-5.1,0.5483,COMPLEMENTARITY
5.6-7,5.1.3-1.1,0.5483,COMPLEMENTARITY
5.6-1,5.5.1-2,0.5483,COMPLEMENTARITY
5.9-1,5.1.3-1.2,0.5482,COMPLEMENTARITY
5.6-4A,5.2.1-2,0.5482,COMPLEMENTARITY
5.6-6,5.2.2-3,0.5481,COMPLEMENTARITY
5.5-1,5.1.3-1,0.5481,COMPLEMENTARITY
5.12-2,5.4.1-2,0.548,COMPLEMENTARITY
5.3-3,5.1.3-2,0.548,COMPLEMENTARITY
5.1-5,5.2.1-4.2,0.548,COMPLEMENTARITY
5.3-4B,5.5.1-2,0.5479,COMPLEMENTARITY
5.3-8,5.1.2-5,0.5479,COMPLEMENTARITY
5.2-2,5.2.2-3,0.5479,COMPLEMENTARITY
5.6-5,5.4.1-1.1,0.5479,COMPLEMENTARITY
5.9-1,5.1.2-3,0.5479,COMPLEMENTARITY
5.1-3,5.1.2-4,0.5479,COMPLEMENTARITY
5.2-3,5.2.5-4.1,0.5478,COMPLEMENTARITY
5.12-1,5.2.1-1,0.5478,COMPLEMENTARITY
5.5-7,5.2.4-1.2,0.5478,COMPLEMENTARITY
5.5-1,5.1.4-4,0.5478,COMPLEMENTARITY
5.4-3,5.3.1-3,0.5477,COMPLEMENTARITY
5.12-2,5.4.2-2,0.5477,COMPLEMENTARITY
5.8-2,5.3.1-2.2,0.5477,COMPLEMENTARITY
5.3-14,5.1.4-1,0.5477,COMPLEMENTARITY
5.6-2,5.4.2-1,0.5476,COMPLEMENTARITY
5.3-13,5.2.5-1,0.5476,COMPLEMENTARITY
5.6-4A,5.1.2-3,0.5475,COMPLEMENTARITY
5.3-15B,5.2.2-6,0.5474,COMPLEMENTARITY
5.6-2,5.3.1-2.2,0.5474,COMPLEMENTARITY
5.8-2,5.4.1-1.1,0.5474,COMPLEMENTARITY
5.6-6,5.5.1-1,0.5474,COMPLEMENTARITY
5.5-3,5.1.4-2,0.5474,COMPLEMENTARITY
5.12-1,5.2.5-3,0.5473,COMPLEMENTARITY
5.8-2,5.1.2-5.1,0.5473,COMPLEMENTARITY
5.3-15B,5.1.2-2,0.5473,COMPLEMENTARITY
5.0-1,5.4.2-3,0.5473,COMPLEMENTARITY
5.3-6B,5.4.1-2,0.5472,COMPLEMENTARITY
5.6-5,5.1.2-5,0.5472,COMPLEMENTARITY
5.2-1,5.2.1-4,0.5472,COMPLEMENTARITY
5.6-7,5.2.5-4,0.5471,COMPLEMENTARITY
5.1-3,5.2.3-2.1,0.5471,COMPLEMENTARITY
5.3-2,5.2.2-3,0.5471,COMPLEMENTARITY
5.6-9,5.4.2-1,0.5471,COMPLEMENTARITY
5.3-8,5.2.4-1.2,0.547,COMPLEMENTARITY
5.4-4,5.3.1-2.2,0.547,COMPLEMENTARITY
5.1-4,5.4.1-3,0.5469,COMPLEMENTARITY
5.5-1,5.2.1-2,0.5469,COMPLEMENTARITY
5.3-5,5.2.2-5,0.5469,COMPLEMENTARITY
5.12-1,5.3.1-2,0.5469,COMPLEMENTARITY
5.3-7,5.1.2-6,0.5469,COMPLEMENTARITY
5.8-3,5.1.2-2,0.5468,COMPLEMENTARITY
5.13-1B,5.1.1-2,0.5468,COMPLEMENTARITY
5.6-8,5.4.1-1,0.5468,COMPLEMENTARITY
5.13-1A,5.2.3-1,0.5468,COMPLEMENTARITY
5.1-4,5.2.2-6,0.5468,COMPLEMENTARITY
5.3-6A,5.3.1-2,0.5468,COMPLEMENTARITY
5.13-1B,5.2.1-4.2,0.5467,COMPLEMENTARITY
5.0-1,5.1.1-2.1,0.5467,COMPLEMENTARITY
5.5-2,5.4.2-2,0.5467,COMPLEMENTARITY
5.3-1,5.2.5-2.1,0.5467,COMPLEMENTARITY
5.6-6,5.1.1-2,0.5467,COMPLEMENTARITY
5.5-8,5.2.5-2.1,0.5467,COMPLEMENTARITY
5.3-4B,5.1.2-4,0.5467,COMPLEMENTARITY
5.9-2,5.2.3-2.1,0.5467,COMPLEMENTARITY
5.6-4B,5.2.4-1.2,0.5467,COMPLEMENTARITY
5.6-4B,5.1.2-1,0.5467,COMPLEMENTARITY
5.3-1,5.2.4-1.1,0.5467,COMPLEMENTARITY
5.8-3,5.2.1-2,0.5467,COMPLEMENTARITY
5.6-6,5.1.3-2,0.5466,COMPLEMENTARITY
5.12-2,5.2.3-2.1,0.5466,COMPLEMENTARITY
5.9-3,5.1.4-3,0.5464,COMPLEMENTARITY
5.6-4B,5.1.2-1.1,0.5464,COMPLEMENTARITY
5.3-9,5.1.2-1,0.5464,COMPLEMENTARITY
5.3-14,5.1.2-3,0.5464,COMPLEMENTARITY
5.6-5,5.1.2-7,0.5464,COMPLEMENTARITY
5.12-3,5.2.3-1,0.5464,COMPLEMENTARITY
5.1-2,5.5.1-2,0.5464,COMPLEMENTARITY
5.4-3,5.1.3-2,0.5464,COMPLEMENTARITY
5.8-3,5.1.2-6,0.5463,COMPLEMENTARITY
5.12-3,5.1.2-5.1,0.5461,COMPLEMENTARITY
5.1-1,5.3.1-1,0.5461,COMPLEMENTARITY
5.8-3,5.2.1-4.1,0.546,COMPLEMENTARITY
5.4-3,5.2.4-1,0.546,COMPLEMENTARITY
5.13-1A,5.1.4-3,0.546,COMPLEMENTARITY
5.8-2,5.2.2-2,0.5459,COMPLEMENTARITY
5.13-1B,5.2.3-1,0.5459,COMPLEMENTARITY
5.1-2,5.4.2-3,0.5459,COMPLEMENTARITY
5.10-1,5.2.2-6,0.5458,COMPLEMENTARITY
5.6-8,5.1.3-3,0.5458,COMPLEMENTARITY
5.6-4B,5.4.2-2,0.5457,COMPLEMENTARITY
5.4-4,5.2.3-3,0.5456,COMPLEMENTARITY
5.3-4A,5.2.5-4.1,0.5456,COMPLEMENTARITY
5.12-3,5.1.2-7,0.5455,COMPLEMENTARITY
5.6-9,5.2.3-4,0.5455,COMPLEMENTARITY
5.11-2,5.3.1-1,0.5455,COMPLEMENTARITY
5.13-1B,5.1.1-2.2,0.5454,COMPLEMENTARITY
5.6-3,5.2.3-2,0.5454,COMPLEMENTARITY
5.3-12,5.1.3-1,0.5453,COMPLEMENTARITY
5.1-3,5.4.2-1,0.5453,COMPLEMENTARITY
5.3-7,5.2.3-3,0.5453,COMPLEMENTARITY
5.11-2,5.2.2-2,0.5453,COMPLEMENTARITY
5.5-6,5.1.1-2.1,0.5453,COMPLEMENTARITY
5.1-5,5.2.3-2.1,0.5453,COMPLEMENTARITY
5.5-3,5.2.3-3,0.5453,COMPLEMENTARITY
5.3-7,5.1.3-4,0.5452,COMPLEMENTARITY
5.3-15B,5.4.1-3,0.5451,COMPLEMENTARITY
5.3-13,5.3.1-2.1,0.5451,COMPLEMENTARITY
5.9-3,5.2.1-3,0.5451,COMPLEMENTARITY
5.8-1,5.3.1-2.2,0.5451,COMPLEMENTARITY
5.2-2,5.1.2-5,0.5451,COMPLEMENTARITY
5.9-1,5.3.1-2.1,0.5451,COMPLEMENTARITY
5.9-2,5.4.1-1.1,0.5451,COMPLEMENTARITY
5.1-3,5.2.4-1.1,0.5451,COMPLEMENTARITY
5.3-10,5.1.2-3,0.5451,COMPLEMENTARITY
5.8-3,5.1.2-5.1,0.5451,COMPLEMENTARITY
5.6-2,5.1.1-2.1,0.5451,COMPLEMENTARITY
5.3-13,5.2.4-2,0.5451,COMPLEMENTARITY
5.2-2,5.1.2-1,0.545,COMPLEMENTARITY
5.6-6,5.3.1-2.2,0.545,COMPLEMENTARITY
5.3-15A,5.1.2-5,0.545,COMPLEMENTARITY
5.3-7,5.5.1-1,0.545,COMPLEMENTARITY
5.11-2,5.2.1-4,0.545,COMPLEMENTARITY
5.3-8,5.3.1-2.1,0.545,COMPLEMENTARITY
5.1-3,5.2.3-1,0.545,COMPLEMENTARITY
5.5-6,5.5.1-1,0.5449,COMPLEMENTARITY
5.12-2,5.2.2-4,0.5449,COMPLEMENTARITY
5.9-3,5.1.2-6,0.5449,COMPLEMENTARITY
5.3-9,5.2.5-3,0.5449,COMPLEMENTARITY
5.1-2,5.4.2-2,0.5449,COMPLEMENTARITY
5.3-4B,5.2.3-3,0.5449,COMPLEMENTARITY
5.9-3,5.1.1-1,0.5448,COMPLEMENTARITY
5.4-4,5.2.3-4,0.5448,COMPLEMENTARITY
5.11-1,5.3.1-1,0.5448,COMPLEMENTARITY
5.3-4B,5.1.2-1,0.5448,COMPLEMENTARITY
5.8-1,5.1.2-1,0.5447,COMPLEMENTARITY
5.12-1,5.1.3-1.1,0.5447,COMPLEMENTARITY
5.4-4,5.3.1-1,0.5447,COMPLEMENTARITY
5.5-1,5.2.3-2,0.5447,COMPLEMENTARITY
5.3-9,5.1.2-4,0.5447,COMPLEMENTARITY
5.5-5,5.1.2-6,0.5446,COMPLEMENTARITY
5.3-15B,5.2.4-1,0.5446,COMPLEMENTARITY
5.1-1,5.1.2-5,0.5446,COMPLEMENTARITY
5.7-2,5.3.1-2.2,0.5445,COMPLEMENTARITY
5.2-2,5.2.1-3.1,0.5445,COMPLEMENTARITY
5.3-12,5.4.2-3,0.5445,COMPLEMENTARITY
5.2-1,5.2.3-2.2,0.5445,COMPLEMENTARITY
5.5-1,5.2.4-2,0.5444,COMPLEMENTARITY
5.5-3,5.1.3-3,0.5444,COMPLEMENTARITY
5.3-2,5.2.5-1,0.5444,COMPLEMENTARITY
5.10-1,5.3.1-2.1,0.5444,COMPLEMENTARITY
5.6-4A,5.1.2-4,0.5443,COMPLEMENTARITY
5.4-2,5.3.1-1,0.5443,COMPLEMENTARITY
5.8-3,5.1.4-5,0.5443,COMPLEMENTARITY
5.7-2,5.1.4-4,0.5442,COMPLEMENTARITY
5.6-4A,5.3.1-2,0.5442,COMPLEMENTARITY
5.6-7,5.4.1-3,0.5442,COMPLEMENTARITY
5.3-8,5.2.2-6,0.544,COMPLEMENTARITY
5.6-8,5.1.2-3,0.544,COMPLEMENTARITY
5.4-1,5.1.2-6,0.544,COMPLEMENTARITY
5.9-2,5.1.4-4,0.544,COMPLEMENTARITY
5.11-4,5.1.2-5.1,0.5439,COMPLEMENTARITY
5.3-1,5.2.2-2,0.5439,COMPLEMENTARITY
5.12-3,5.1.3-3,0.5439,COMPLEMENTARITY
5.3-13,5.4.1-2,0.5438,COMPLEMENTARITY
5.1-4,5.5.1-2,0.5438,COMPLEMENTARITY
5.3-5,5.2.3-2,0.5438,COMPLEMENTARITY
5.11-4,5.4.2-2,0.5438,COMPLEMENTARITY
5.4-1,5.3.1-2.2,0.5437,COMPLEMENTARITY
5.4-1,5.2.4-1,0.5437,COMPLEMENTARITY
5.3-4B,5.4.1-3,0.5437,COMPLEMENTARITY
5.1-5,5.1.3-1.1,0.5436,COMPLEMENTARITY
5.3-10,5.2.3-2.1,0.5436,COMPLEMENTARITY
5.3-16,5.3.1-2,0.5436,COMPLEMENTARITY
5.12-1,5.2.1-2,0.5436,COMPLEMENTARITY
5.3-6A,5.1.2-6,0.5436,COMPLEMENTARITY
5.3-15A,5.2.5-2.1,0.5435,COMPLEMENTARITY
5.8-1,5.1.2-3,0.5435,COMPLEMENTARITY
5.3-13,5.2.5-3,0.5435,COMPLEMENTARITY
5.8-1,5.1.2-7,0.5435,COMPLEMENTARITY
5.6-8,5.1.2-4,0.5435,COMPLEMENTARITY
5.3-2,5.2.2-4,0.5433,COMPLEMENTARITY
5.12-3,5.2.1-4,0.5433,COMPLEMENTARITY
5.5-6,5.1.2-3,0.5433,COMPLEMENTARITY
5.5-3,5.2.1-4,0.5433,COMPLEMENTARITY
5.5-8,5.2.3-2,0.5433,COMPLEMENTARITY
5.3-16,5.2.4-1.2,0.5433,COMPLEMENTARITY
5.6-7,5.2.3-4,0.5432,COMPLEMENTARITY
5.3-14,5.1.2-4,0.5432,COMPLEMENTARITY
5.3-4B,5.2.4-2,0.5432,COMPLEMENTARITY
5.6-8,5.4.2-4,0.5432,COMPLEMENTARITY
5.3-11,5.5.1-1,0.5431,COMPLEMENTARITY
5.11-3,5.1.4-5,0.5431,COMPLEMENTARITY
5.2-2,5.1.2-7,0.5431,COMPLEMENTARITY
5.8-2,5.2.5-2.1,0.543,COMPLEMENTARITY
5.5-6,5.4.1-1,0.543,COMPLEMENTARITY
5.6-8,5.1.4-4,0.543,COMPLEMENTARITY
5.3-10,5.1.4-1,0.543,COMPLEMENTARITY
5.1-2,5.1.2-1,0.5429,COMPLEMENTARITY
5.5-2,5.2.5-4,0.5429,COMPLEMENTARITY
5.7-2,5.1.3-3,0.5429,COMPLEMENTARITY
5.10-1,5.2.2-4,0.5429,COMPLEMENTARITY
5.3-6A,5.1.2-1,0.5429,COMPLEMENTARITY
5.6-4B,5.3.1-2.2,0.5428,COMPLEMENTARITY
5.11-3,5.2.4-3,0.5427,COMPLEMENTARITY
5.6-4B,5.4.1-2,0.5427,COMPLEMENTARITY
5.13-1A,5.2.4-1.2,0.5427,COMPLEMENTARITY
5.3-2,5.1.4-1,0.5427,COMPLEMENTARITY
5.11-1,5.2.5-1,0.5427,COMPLEMENTARITY
5.3-4B,5.1.2-2,0.5427,COMPLEMENTARITY
5.8-1,5.1.4-5,0.5426,COMPLEMENTARITY
5.12-3,5.1.1-2.2,0.5426,COMPLEMENTARITY
5.5-7,5.1.3-4,0.5425,COMPLEMENTARITY
5.3-14,5.1.1-2,0.5425,COMPLEMENTARITY
5.6-4B,5.1.2-5.1,0.5425,COMPLEMENTARITY
5.5-3,5.2.5-1,0.5425,COMPLEMENTARITY
5.6-8,5.1.1-2.2,0.5424,COMPLEMENTARITY
5.9-3,5.4.2-1,0.5424,COMPLEMENTARITY
5.8-2,5.1.2-3,0.5424,COMPLEMENTARITY
5.5-7,5.3.1-1,0.5424,COMPLEMENTARITY
5.4-2,5.2.5-2.1,0.5424,COMPLEMENTARITY
5.3-15A,5.1.3-1.2,0.5424,COMPLEMENTARITY
5.5-2,5.2.4-2,0.5424,COMPLEMENTARITY
5.11-2,5.4.2-4,0.5423,COMPLEMENTARITY
5.6-8,5.2.4-3,0.5423,COMPLEMENTARITY
5.13-1B,5.2.4-1.2,0.5422,COMPLEMENTARITY
5.6-4B,5.3.1-2.1,0.5421,COMPLEMENTARITY
5.3-12,5.1.4-5,0.5421,COMPLEMENTARITY
5.10-1,5.3.1-2.2,0.5421,COMPLEMENTARITY
5.4-1,5.2.2-6,0.542,COMPLEMENTARITY
5.4-4,5.1.2-7,0.542,COMPLEMENTARITY
5.3-2,5.2.1-1,0.542,COMPLEMENTARITY
5.3-9,5.2.4-1.1,0.542,COMPLEMENTARITY
5.6-6,5.2.5-3,0.542,COMPLEMENTARITY
5.3-6A,5.2.1-4.1,0.5419,COMPLEMENTARITY
5.3-5,5.1.4-3,0.5418,COMPLEMENTARITY
5.3-1,5.3.1-3,0.5418,COMPLEMENTARITY
5.3-2,5.1.3-1,0.5417,COMPLEMENTARITY
5.3-9,5.1.3-4,0.5417,COMPLEMENTARITY
5.10-1,5.2.5-2,0.5416,COMPLEMENTARITY
5.3-15B,5.2.3-2.1,0.5416,COMPLEMENTARITY
5.4-3,5.1.2-4,0.5416,COMPLEMENTARITY
5.3-5,5.2.1-4.2,0.5416,COMPLEMENTARITY
5.4-2,5.1.4-1,0.5416,COMPLEMENTARITY
5.12-2,5.2.3-2,0.5415,COMPLEMENTARITY
5.5-2,5.2.2-6,0.5415,COMPLEMENTARITY
5.3-10,5.2.4-3,0.5415,COMPLEMENTARITY
5.8-1,5.2.4-3,0.5414,COMPLEMENTARITY
5.5-7,5.2.2-3,0.5414,COMPLEMENTARITY
5.6-7,5.1.1-1,0.5414,COMPLEMENTARITY
5.3-2,5.1.3-1.3,0.5413,COMPLEMENTARITY
5.3-9,5.2.2-2,0.5413,COMPLEMENTARITY
5.1-2,5.1.2-3,0.5413,COMPLEMENTARITY
5.5-8,5.2.5-2,0.5412,COMPLEMENTARITY
5.3-3,5.4.1-1.1,0.5412,COMPLEMENTARITY
5.3-9,5.1.3-1.2,0.5412,COMPLEMENTARITY
5.12-1,5.1.3-1,0.5411,COMPLEMENTARITY
5.1-2A,5.3.1-3,0.5411,COMPLEMENTARITY
5.3-9,5.1.3-1,0.541,COMPLEMENTARITY
5.7-1,5.1.4-4,0.541,COMPLEMENTARITY
5.5-8,5.2.2-2,0.541,COMPLEMENTARITY
5.8-1,5.2.2-2,0.541,COMPLEMENTARITY
5.3-15B,5.1.2-6,0.5409,COMPLEMENTARITY
5.6-2,5.1.2-3,0.5409,COMPLEMENTARITY
5.3-7,5.1.2-1,0.5409,COMPLEMENTARITY
5.3-15B,5.2.5-4,0.5409,COMPLEMENTARITY
5.8-2,5.1.1-2,0.5408,COMPLEMENTARITY
5.7-2,5.1.2-7,0.5408,COMPLEMENTARITY
5.11-2,5.1.2-6,0.5407,COMPLEMENTARITY
5.5-8,5.3.1-1,0.5407,COMPLEMENTARITY
5.11-4,5.2.2-6,0.5406,COMPLEMENTARITY
5.3-6B,5.3.1-2.2,0.5406,COMPLEMENTARITY
5.12-2,5.2.4-1.2,0.5405,COMPLEMENTARITY
5.9-3,5.3.1-1,0.5405,COMPLEMENTARITY
5.3-1,5.1.3-1,0.5405,COMPLEMENTARITY
5.6-4A,5.4.1-1,0.5405,COMPLEMENTARITY
5.6-2,5.2.1-3.1,0.5404,COMPLEMENTARITY
5.0-1,5.1.4-3,0.5404,COMPLEMENTARITY
5.9-3,5.2.1-2,0.5404,COMPLEMENTARITY
5.3-7,5.1.2-5.1,0.5404,COMPLEMENTARITY
5.2-1,5.2.1-3.1,0.5403,COMPLEMENTARITY
5.6-8,5.1.1-2,0.5403,COMPLEMENTARITY
5.1-5,5.1.3-1,0.5403,COMPLEMENTARITY
5.3-15A,5.2.2-2,0.5403,COMPLEMENTARITY
5.10-1,5.2.1-3,0.5403,COMPLEMENTARITY
5.6-4B,5.1.1-2,0.5403,COMPLEMENTARITY
5.12-3,5.2.4-1.1,0.5402,COMPLEMENTARITY
5.3-13,5.2.1-3.1,0.5402,COMPLEMENTARITY
5.11-3,5.2.4-2.1,0.5402,COMPLEMENTARITY
5.3-5,5.1.4-2,0.5402,COMPLEMENTARITY
5.11-4,5.1.4-5,0.5401,COMPLEMENTARITY
5.9-3,5.1.3-2,0.54,COMPLEMENTARITY
5.3-15B,5.1.3-3,0.54,COMPLEMENTARITY
5.8-2,5.4.2-4,0.54,COMPLEMENTARITY
5.3-2,5.1.1-2.1,0.54,COMPLEMENTARITY
5.1-4,5.3.1-2,0.54,COMPLEMENTARITY
5.4-4,5.3.1-2.1,0.5399,COMPLEMENTARITY
5.13-1A,5.2.3-3,0.5399,COMPLEMENTARITY
5.5-2,5.2.4-1.1,0.5398,COMPLEMENTARITY
5.3-15A,5.4.2-4,0.5398,COMPLEMENTARITY
5.3-15A,5.1.3-3,0.5398,COMPLEMENTARITY
5.3-5,5.2.1-3,0.5398,COMPLEMENTARITY
5.7-1,5.1.3-4,0.5397,COMPLEMENTARITY
5.6-6,5.2.5-1,0.5397,COMPLEMENTARITY
5.9-3,5.2.3-3,0.5397,COMPLEMENTARITY
5.3-4B,5.2.3-1,0.5397,COMPLEMENTARITY
5.1-3,5.5.1-2,0.5396,COMPLEMENTARITY
5.6-2,5.3.1-2,0.5396,COMPLEMENTARITY
5.3-3,5.1.3-4,0.5396,COMPLEMENTARITY
5.6-2,5.2.4-2.1,0.5396,COMPLEMENTARITY
5.3-4A,5.3.1-1,0.5396,COMPLEMENTARITY
5.6-3,5.1.2-6,0.5396,COMPLEMENTARITY
5.3-14,5.1.3-1,0.5395,COMPLEMENTARITY
5.3-8,5.1.2-4,0.5395,COMPLEMENTARITY
5.5-4,5.1.3-1.2,0.5394,COMPLEMENTARITY
5.5-3,5.1.3-2,0.5394,COMPLEMENTARITY
5.6-4B,5.1.1-2.1,0.5394,COMPLEMENTARITY
5.3-1,5.2.5-3,0.5393,COMPLEMENTARITY
5.3-6A,5.2.3-2.1,0.5393,COMPLEMENTARITY
5.6-5,5.2.3-2,0.5393,COMPLEMENTARITY
5.4-1,5.1.2-1.1,0.5393,COMPLEMENTARITY
5.4-4,5.2.5-3,0.5393,COMPLEMENTARITY
5.8-2,5.1.3-4,0.5393,COMPLEMENTARITY
5.11-4,5.4.2-1,0.5393,COMPLEMENTARITY
5.6-3,5.4.2-4,0.5393,COMPLEMENTARITY
5.12-1,5.1.4-4,0.5392,COMPLEMENTARITY
5.5-3,5.2.1-3,0.5392,COMPLEMENTARITY
5.1-5,5.1.1-2,0.5392,COMPLEMENTARITY
5.3-2,5.2.5-2,0.5392,COMPLEMENTARITY
5.3-6B,5.4.2-4,0.5392,COMPLEMENTARITY
5.1-2,5.2.5-2,0.5392,COMPLEMENTARITY
5.8-2,5.1.2-1,0.5392,COMPLEMENTARITY
5.0-1,5.2.1-1,0.5391,COMPLEMENTARITY
5.1-5,5.2.5-4,0.5391,COMPLEMENTARITY
5.5-7,5.1.1-2.1,0.5391,COMPLEMENTARITY
5.5-3,5.1.3-1.1,0.539,COMPLEMENTARITY
5.5-3,5.2.2-3,0.539,COMPLEMENTARITY
5.13-1B,5.1.1-1,0.539,COMPLEMENTARITY
5.5-2,5.2.1-2,0.539,COMPLEMENTARITY
5.5-1,5.1.2-4,0.5389,COMPLEMENTARITY
5.3-2,5.1.2-1,0.5389,COMPLEMENTARITY
5.1-3,5.2.1-4.2,0.5388,COMPLEMENTARITY
5.8-3,5.2.3-2,0.5388,COMPLEMENTARITY
5.4-1,5.2.5-1,0.5388,COMPLEMENTARITY
5.4-2,5.2.3-2,0.5388,COMPLEMENTARITY
5.3-4B,5.2.3-2.1,0.5388,COMPLEMENTARITY
5.8-1,5.1.1-2,0.5387,COMPLEMENTARITY
5.11-4,5.2.3-2.2,0.5387,COMPLEMENTARITY
5.2-1,5.5.1-2,0.5387,COMPLEMENTARITY
5.1-3,5.1.3-4,0.5386,COMPLEMENTARITY
5.3-15A,5.1.1-2.1,0.5386,COMPLEMENTARITY
5.3-4B,5.2.1-4,0.5386,COMPLEMENTARITY
5.3-12,5.1.2-3,0.5386,COMPLEMENTARITY
5.6-3,5.1.2-4,0.5385,COMPLEMENTARITY
5.5-4,5.5.1-1,0.5385,COMPLEMENTARITY
5.1-1,5.4.1-1,0.5385,COMPLEMENTARITY
5.3-12,5.3.1-2,0.5384,COMPLEMENTARITY
5.2-1,5.1.2-1,0.5384,COMPLEMENTARITY
5.3-1,5.2.5-4,0.5384,COMPLEMENTARITY
5.11-2,5.2.3-2.1,0.5384,COMPLEMENTARITY
5.8-1,5.2.2-3,0.5384,COMPLEMENTARITY
5.3-16,5.2.4-3,0.5384,COMPLEMENTARITY
5.7-2,5.2.4-1.2,0.5384,COMPLEMENTARITY
5.5-1,5.1.3-3,0.5384,COMPLEMENTARITY
5.9-3,5.4.1-1.1,0.5383,COMPLEMENTARITY
5.5-3,5.2.3-1,0.5383,COMPLEMENTARITY
5.1-4,5.2.3-2,0.5382,COMPLEMENTARITY
5.6-2,5.2.1-2,0.5382,COMPLEMENTARITY
5.12-1,5.4.2-2,0.5382,COMPLEMENTARITY
5.1-4,5.1.4-5,0.5382,COMPLEMENTARITY
5.11-4,5.2.5-2,0.5381,COMPLEMENTARITY
5.9-1,5.1.1-2,0.538,COMPLEMENTARITY
5.3-2,5.2.3-3,0.538,COMPLEMENTARITY
5.4-1,5.1.2-5.1,0.5379,COMPLEMENTARITY
5.7-1,5.3.1-3,0.5379,COMPLEMENTARITY
5.3-13,5.2.3-2,0.5379,COMPLEMENTARITY
5.2-1,5.1.1-2.2,0.5379,COMPLEMENTARITY
5.6-9,5.2.2-5,0.5378,COMPLEMENTARITY
5.3-12,5.4.1-3,0.5378,COMPLEMENTARITY
5.1-2,5.1.3-1,0.5377,COMPLEMENTARITY
5.2-1,5.2.1-1,0.5377,COMPLEMENTARITY
5.3-6A,5.3.1-3,0.5377,COMPLEMENTARITY
5.7-1,5.1.2-5,0.5377,COMPLEMENTARITY
5.11-2,5.4.2-3,0.5376,COMPLEMENTARITY
5.3-16,5.2.3-2,0.5375,COMPLEMENTARITY
5.1-2,5.1.3-1.1,0.5375,COMPLEMENTARITY
5.1-1,5.5.1-1,0.5375,COMPLEMENTARITY
5.8-1,5.4.2-1,0.5374,COMPLEMENTARITY
5.1-4,5.4.2-3,0.5374,COMPLEMENTARITY
5.9-1,5.2.4-1,0.5374,COMPLEMENTARITY
5.0-1,5.2.5-4,0.5373,COMPLEMENTARITY
5.3-14,5.2.5-4,0.5373,COMPLEMENTARITY
5.8-2,5.2.2-3,0.5373,COMPLEMENTARITY
5.1-2,5.2.3-2.1,0.5373,COMPLEMENTARITY
5.3-6A,5.2.3-3,0.5372,COMPLEMENTARITY
5.3-4B,5.1.2-6,0.5372,COMPLEMENTARITY
5.12-3,5.1.4-3,0.5372,COMPLEMENTARITY
5.1-2A,5.1.3-2,0.5372,COMPLEMENTARITY
5.12-1,5.4.2-1,0.5371,COMPLEMENTARITY
5.12-1,5.3.1-1,0.5371,COMPLEMENTARITY
5.9-3,5.1.3-1,0.5371,COMPLEMENTARITY
5.5-1,5.2.2-1,0.537,COMPLEMENTARITY
5.5-3,5.1.1-1,0.537,COMPLEMENTARITY
5.5-5,5.1.3-1.1,0.537,COMPLEMENTARITY
5.11-3,5.2.1-2,0.537,COMPLEMENTARITY
5.5-6,5.1.4-1,0.537,COMPLEMENTARITY
5.6-8,5.4.2-3,0.537,COMPLEMENTARITY
5.1-4,5.1.4-4,0.5369,COMPLEMENTARITY
5.4-2,5.1.4-5,0.5369,COMPLEMENTARITY
5.1-5,5.3.1-3,0.5368,COMPLEMENTARITY
5.3-15A,5.1.4-2,0.5367,COMPLEMENTARITY
5.3-10,5.1.3-1,0.5367,COMPLEMENTARITY
5.3-8,5.2.4-2,0.5367,COMPLEMENTARITY
5.5-1,5.4.1-1.1,0.5367,COMPLEMENTARITY
5.3-11,5.2.2-2,0.5367,COMPLEMENTARITY
5.3-9,5.5.1-1,0.5367,COMPLEMENTARITY
5.3-10,5.3.1-2,0.5367,COMPLEMENTARITY
5.9-2,5.4.2-1,0.5366,COMPLEMENTARITY
5.3-7,5.1.4-1,0.5366,COMPLEMENTARITY
5.8-3,5.1.1-2,0.5366,COMPLEMENTARITY
5.12-2,5.1.4-2,0.5366,COMPLEMENTARITY
5.1-4,5.1.1-2.1,0.5366,COMPLEMENTARITY
5.3-10,5.2.2-5,0.5366,COMPLEMENTARITY
5.3-15A,5.2.3-2.1,0.5366,COMPLEMENTARITY
5.11-2,5.1.2-1.1,0.5365,COMPLEMENTARITY
5.12-3,5.3.1-1,0.5364,COMPLEMENTARITY
5.3-10,5.1.4-3,0.5364,COMPLEMENTARITY
5.5-2,5.1.2-5,0.5364,COMPLEMENTARITY
5.3-4B,5.2.2-6,0.5364,COMPLEMENTARITY
5.6-1,5.2.3-2.1,0.5364,COMPLEMENTARITY
5.9-3,5.1.3-1.1,0.5364,COMPLEMENTARITY
5.0-1,5.4.1-3,0.5364,COMPLEMENTARITY
5.3-14,5.2.3-2.1,0.5364,COMPLEMENTARITY
5.3-6A,5.2.5-2,0.5364,COMPLEMENTARITY
5.5-6,5.3.1-3,0.5364,COMPLEMENTARITY
5.3-2,5.4.2-2,0.5363,COMPLEMENTARITY
5.9-3,5.2.4-1.1,0.5363,COMPLEMENTARITY
5.5-6,5.4.1-2,0.5363,COMPLEMENTARITY
5.3-14,5.1.2-1.1,0.5363,COMPLEMENTARITY
5.7-2,5.1.2-6,0.5362,COMPLEMENTARITY
5.3-6B,5.3.1-2,0.5362,COMPLEMENTARITY
5.4-2,5.1.2-1.1,0.5362,COMPLEMENTARITY
5.3-7,5.1.3-1,0.5362,COMPLEMENTARITY
5.8-1,5.1.4-3,0.5362,COMPLEMENTARITY
5.1-5,5.2.5-4.1,0.5361,COMPLEMENTARITY
5.5-3,5.4.2-2,0.5361,COMPLEMENTARITY
5.11-4,5.2.1-4.2,0.536,COMPLEMENTARITY
5.8-2,5.1.2-7,0.536,COMPLEMENTARITY
5.8-2,5.2.5-3,0.536,COMPLEMENTARITY
5.3-15B,5.2.4-3,0.536,COMPLEMENTARITY
5.3-12,5.3.1-2.2,0.5359,COMPLEMENTARITY
5.1-2A,5.1.3-1.2,0.5359,COMPLEMENTARITY
5.6-5,5.2.3-1,0.5359,COMPLEMENTARITY
5.3-1,5.1.2-5.1,0.5359,COMPLEMENTARITY
5.5-4,5.2.3-4,0.5359,COMPLEMENTARITY
5.8-3,5.4.1-3,0.5359,COMPLEMENTARITY
5.4-2,5.2.2-3,0.5359,COMPLEMENTARITY
5.3-14,5.2.1-2,0.5359,COMPLEMENTARITY
5.6-2,5.1.2-4,0.5358,COMPLEMENTARITY
5.5-3,5.3.1-2.2,0.5358,COMPLEMENTARITY
5.11-1,5.1.2-6,0.5358,COMPLEMENTARITY
5.3-12,5.2.5-4.1,0.5358,COMPLEMENTARITY
5.12-3,5.1.2-3,0.5357,COMPLEMENTARITY
5.11-1,5.2.2-2,0.5357,COMPLEMENTARITY
5.6-5,5.2.1-4.1,0.5356,COMPLEMENTARITY
5.2-2,5.3.1-2.1,0.5356,COMPLEMENTARITY
5.5-1,5.1.2-6,0.5356,COMPLEMENTARITY
5.2-2,5.1.4-4,0.5356,COMPLEMENTARITY
5.3-15B,5.3.1-3,0.5356,COMPLEMENTARITY
5.3-15B,5.4.2-4,0.5356,COMPLEMENTARITY
5.11-2,5.1.3-3,0.5356,COMPLEMENTARITY
5.5-5,5.1.3-3,0.5355,COMPLEMENTARITY
5.6-4B,5.1.3-1.2,0.5355,COMPLEMENTARITY
5.2-2,5.5.1-1,0.5355,COMPLEMENTARITY
5.3-10,5.2.4-1.1,0.5355,COMPLEMENTARITY
5.8-2,5.1.4-5,0.5354,COMPLEMENTARITY
5.5-6,5.2.4-1,0.5354,COMPLEMENTARITY
5.2-1,5.2.1-2,0.5353,COMPLEMENTARITY
5.6-2,5.1.3-3,0.5353,COMPLEMENTARITY
5.6-4B,5.1.4-2,0.5352,COMPLEMENTARITY
5.4-3,5.4.1-1,0.5352,COMPLEMENTARITY
5.4-3,5.2.3-2,0.5351,COMPLEMENTARITY
5.6-7,5.2.3-3,0.5351,COMPLEMENTARITY
5.3-15A,5.5.1-2,0.5351,COMPLEMENTARITY
5.3-4B,5.1.1-2,0.535,COMPLEMENTARITY
5.3-4A,5.3.1-2.1,0.535,COMPLEMENTARITY
5.9-3,5.2.4-1.2,0.535,COMPLEMENTARITY
5.13-1B,5.1.4-1,0.535,COMPLEMENTARITY
5.6-6,5.2.1-4,0.535,COMPLEMENTARITY
5.7-2,5.1.3-1.1,0.535,COMPLEMENTARITY
5.3-5,5.1.3-1.3,0.535,COMPLEMENTARITY
5.9-2,5.2.1-4.1,0.535,COMPLEMENTARITY
5.6-5,5.1.3-1.2,0.535,COMPLEMENTARITY
5.4-4,5.2.2-5,0.535,COMPLEMENTARITY
5.8-3,5.4.1-1,0.5349,COMPLEMENTARITY
5.12-1,5.5.1-2,0.5349,COMPLEMENTARITY
5.1-2A,5.2.2-3,0.5349,COMPLEMENTARITY
5.5-4,5.4.2-3,0.5349,COMPLEMENTARITY
5.5-6,5.3.1-2.1,0.5349,COMPLEMENTARITY
5.9-1,5.1.4-2,0.5348,COMPLEMENTARITY
5.9-2,5.2.2-5,0.5347,COMPLEMENTARITY
5.11-3,5.2.3-2.1,0.5347,COMPLEMENTARITY
5.12-3,5.1.2-6,0.5347,COMPLEMENTARITY
5.6-8,5.3.1-2,0.5347,COMPLEMENTARITY
5.1-3,5.1.1-2,0.5346,COMPLEMENTARITY
5.3-15B,5.1.4-1,0.5346,COMPLEMENTARITY
5.8-2,5.4.2-1,0.5346,COMPLEMENTARITY
5.3-13,5.4.2-4,0.5346,COMPLEMENTARITY
5.8-1,5.1.1-2.1,0.5346,COMPLEMENTARITY
5.3-6B,5.2.5-4.1,0.5345,COMPLEMENTARITY
5.2-3,5.1.1-1.1,0.5345,COMPLEMENTARITY
5.12-1,5.1.2-3,0.5344,COMPLEMENTARITY
5.13-1A,5.2.3-2.2,0.5344,COMPLEMENTARITY
5.5-2,5.2.5-2.1,0.5344,COMPLEMENTARITY
5.9-3,5.3.1-2,0.5344,COMPLEMENTARITY
5.10-1,5.3.1-1,0.5344,COMPLEMENTARITY
5.1-3,5.2.2-3,0.5343,COMPLEMENTARITY
5.3-8,5.1.4-4,0.5343,COMPLEMENTARITY
5.6-6,5.2.3-2.2,0.5343,COMPLEMENTARITY
5.8-2,5.2.4-3,0.5343,COMPLEMENTARITY
5.9-1,5.1.2-5.1,0.5342,COMPLEMENTARITY
5.9-2,5.5.1-1,0.5342,COMPLEMENTARITY
5.11-3,5.4.2-4,0.5342,COMPLEMENTARITY
5.2-2,5.2.3-1,0.5342,COMPLEMENTARITY
5.7-2,5.5.1-2,0.5342,COMPLEMENTARITY
5.3-10,5.2.2-2,0.5342,COMPLEMENTARITY
5.2-2,5.1.3-1.3,0.5341,COMPLEMENTARITY
5.11-1,5.2.3-2.2,0.5341,COMPLEMENTARITY
5.6-3,5.1.2-5,0.5341,COMPLEMENTARITY
5.3-15A,5.1.3-4,0.5341,COMPLEMENTARITY
5.6-7,5.2.4-1.2,0.5341,COMPLEMENTARITY
5.5-6,5.2.3-4,0.5341,COMPLEMENTARITY
5.10-1,5.4.1-1.1,0.534,COMPLEMENTARITY
5.6-4A,5.4.1-1.1,0.534,COMPLEMENTARITY
5.12-2,5.4.2-1,0.5339,COMPLEMENTARITY
5.5-2,5.3.1-2.1,0.5339,COMPLEMENTARITY
5.5-5,5.3.1-2,0.5339,COMPLEMENTARITY
5.5-7,5.1.2-5,0.5338,COMPLEMENTARITY
5.3-7,5.3.1-1,0.5338,COMPLEMENTARITY
5.1-4,5.2.1-4.2,0.5338,COMPLEMENTARITY
5.5-1,5.1.4-3,0.5338,COMPLEMENTARITY
5.4-1,5.4.2-2,0.5338,COMPLEMENTARITY
5.9-3,5.2.1-4.2,0.5338,COMPLEMENTARITY
5.5-4,5.3.1-1,0.5337,COMPLEMENTARITY
5.3-16,5.2.2-3,0.5337,COMPLEMENTARITY
5.11-2,5.1.4-5,0.5337,COMPLEMENTARITY
5.8-3,5.1.2-1,0.5337,COMPLEMENTARITY
5.4-2,5.1.2-1,0.5337,COMPLEMENTARITY
5.3-8,5.3.1-2,0.5336,COMPLEMENTARITY
5.1-5,5.4.2-2,0.5336,COMPLEMENTARITY
5.11-1,5.1.4-5,0.5336,COMPLEMENTARITY
5.2-2,5.5.1-2,0.5336,COMPLEMENTARITY
5.4-2,5.2.1-3,0.5336,COMPLEMENTARITY
5.3-3,5.5.1-1,0.5336,COMPLEMENTARITY
5.7-2,5.2.3-2,0.5336,COMPLEMENTARITY
5.3-10,5.1.2-5.1,0.5336,COMPLEMENTARITY
5.3-14,5.5.1-1,0.5336,COMPLEMENTARITY
5.5-4,5.1.4-5,0.5336,COMPLEMENTARITY
5.3-1,5.2.2-3,0.5336,COMPLEMENTARITY
5.5-8,5.2.2-3,0.5335,COMPLEMENTARITY
5.5-8,5.1.4-5,0.5335,COMPLEMENTARITY
5.4-2,5.2.5-1,0.5334,COMPLEMENTARITY
5.1-3,5.2.1-3.1,0.5334,COMPLEMENTARITY
5.10-1,5.4.1-3,0.5334,COMPLEMENTARITY
5.11-4,5.1.2-7,0.5334,COMPLEMENTARITY
5.11-3,5.2.1-4.2,0.5334,COMPLEMENTARITY
5.2-2,5.4.2-2,0.5333,COMPLEMENTARITY
5.8-2,5.1.1-2.1,0.5333,COMPLEMENTARITY
5.6-4B,5.2.3-3,0.5333,COMPLEMENTARITY
5.6-2,5.1.4-4,0.5333,COMPLEMENTARITY
5.6-6,5.4.1-3,0.5332,COMPLEMENTARITY
5.1-5,5.5.1-2,0.5332,COMPLEMENTARITY
5.11-2,5.2.1-2,0.5332,COMPLEMENTARITY
5.8-3,5.1.3-2,0.5332,COMPLEMENTARITY
5.6-4A,5.1.2-6,0.5332,COMPLEMENTARITY
5.3-2,5.2.4-1,0.5332,COMPLEMENTARITY
5.9-2,5.3.1-2.2,0.5331,COMPLEMENTARITY
5.7-1,5.3.1-1,0.5331,COMPLEMENTARITY
5.7-1,5.2.2-2,0.5331,COMPLEMENTARITY
5.11-3,5.3.1-2.1,0.5331,COMPLEMENTARITY
5.3-3,5.2.4-1,0.5331,COMPLEMENTARITY
5.10-1,5.1.1-2,0.533,COMPLEMENTARITY
5.6-6,5.1.3-1.3,0.533,COMPLEMENTARITY
5.9-2,5.1.2-5.1,0.533,COMPLEMENTARITY
5.9-2,5.1.4-1,0.533,COMPLEMENTARITY
5.1-2,5.2.4-1.1,0.5329,COMPLEMENTARITY
5.6-9,5.1.1-1,0.5329,COMPLEMENTARITY
5.1-3,5.1.2-3,0.5329,COMPLEMENTARITY
5.12-2,5.1.2-7,0.5329,COMPLEMENTARITY
5.9-1,5.2.2-5,0.5328,COMPLEMENTARITY
5.6-4B,5.2.2-5,0.5328,COMPLEMENTARITY
5.1-4,5.4.2-1,0.5328,COMPLEMENTARITY
5.3-14,5.1.4-4,0.5328,COMPLEMENTARITY
5.3-16,5.1.3-1,0.5327,COMPLEMENTARITY
5.4-2,5.1.3-2,0.5327,COMPLEMENTARITY
5.3-16,5.3.1-2.1,0.5327,COMPLEMENTARITY
5.11-2,5.2.3-1,0.5327,COMPLEMENTARITY
5.5-1,5.2.4-3,0.5326,COMPLEMENTARITY
5.1-1,5.1.3-1.2,0.5326,COMPLEMENTARITY
5.5-2,5.2.3-4,0.5325,COMPLEMENTARITY
5.8-3,5.2.1-4,0.5324,COMPLEMENTARITY
5.6-6,5.2.1-3,0.5324,COMPLEMENTARITY
5.2-1,5.2.5-2,0.5324,COMPLEMENTARITY
5.5-6,5.1.3-1,0.5323,COMPLEMENTARITY
5.6-2,5.2.3-2.2,0.5323,COMPLEMENTARITY
5.3-4B,5.1.3-3,0.5323,COMPLEMENTARITY
5.9-3,5.2.1-4.1,0.5323,COMPLEMENTARITY
5.6-4B,5.2.3-4,0.5323,COMPLEMENTARITY
5.3-4B,5.2.4-1.1,0.5322,COMPLEMENTARITY
5.3-1,5.4.1-3,0.5322,COMPLEMENTARITY
5.8-1,5.1.3-1,0.5322,COMPLEMENTARITY
5.4-2,5.1.2-5.1,0.5322,COMPLEMENTARITY
5.2-1,5.4.1-3,0.5321,COMPLEMENTARITY
5.12-2,5.2.1-1,0.5321,COMPLEMENTARITY
5.2-2,5.2.4-1.2,0.5321,COMPLEMENTARITY
5.3-13,5.4.1-1.1,0.5321,COMPLEMENTARITY
5.4-2,5.1.2-3,0.5319,COMPLEMENTARITY
5.6-4B,5.2.3-2,0.5319,COMPLEMENTARITY
5.6-8,5.2.4-1.2,0.5319,COMPLEMENTARITY
5.9-1,5.2.1-4.2,0.5319,COMPLEMENTARITY
5.7-2,5.3.1-2,0.5318,COMPLEMENTARITY
5.1-2A,5.2.1-4.1,0.5317,COMPLEMENTARITY
5.3-8,5.1.1-2.2,0.5317,COMPLEMENTARITY
5.3-3,5.2.2-3,0.5317,COMPLEMENTARITY
5.5-7,5.3.1-3,0.5317,COMPLEMENTARITY
5.11-2,5.3.1-2.2,0.5317,COMPLEMENTARITY
5.1-5,5.1.1-2.2,0.5317,COMPLEMENTARITY
5.1-5,5.2.5-2.1,0.5317,COMPLEMENTARITY
5.3-4B,5.1.2-7,0.5317,COMPLEMENTARITY
5.6-6,5.4.2-2,0.5317,COMPLEMENTARITY
5.5-3,5.1.2-4,0.5316,COMPLEMENTARITY
5.3-6B,5.2.2-3,0.5316,COMPLEMENTARITY
5.9-3,5.1.2-3,0.5316,COMPLEMENTARITY
5.5-7,5.1.3-1,0.5316,COMPLEMENTARITY
5.4-1,5.1.3-1.2,0.5316,COMPLEMENTARITY
5.3-4B,5.1.4-5,0.5315,COMPLEMENTARITY
5.6-3,5.1.4-5,0.5315,COMPLEMENTARITY
5.3-14,5.1.2-1,0.5315,COMPLEMENTARITY
5.5-3,5.2.4-2,0.5315,COMPLEMENTARITY
5.3-12,5.1.2-7,0.5314,COMPLEMENTARITY
5.6-1,5.2.5-4.1,0.5314,COMPLEMENTARITY
5.3-9,5.3.1-2.2,0.5314,COMPLEMENTARITY
5.1-4,5.2.3-2.1,0.5314,COMPLEMENTARITY
5.3-7,5.4.2-2,0.5313,COMPLEMENTARITY
5.1-4,5.1.3-2,0.5313,COMPLEMENTARITY
5.3-15B,5.2.5-2,0.5312,COMPLEMENTARITY
5.6-2,5.1.3-1,0.5312,COMPLEMENTARITY
5.6-7,5.1.3-2,0.5312,COMPLEMENTARITY
5.3-6A,5.1.2-2,0.5312,COMPLEMENTARITY
5.1-3,5.1.4-5,0.5312,COMPLEMENTARITY
5.8-3,5.2.2-2,0.5311,COMPLEMENTARITY
5.10-1,5.1.1-2.1,0.5311,COMPLEMENTARITY
5.13-1A,5.1.1-1,0.5311,COMPLEMENTARITY
5.11-3,5.2.5-3,0.5311,COMPLEMENTARITY
5.3-8,5.1.2-3,0.5311,COMPLEMENTARITY
5.12-2,5.5.1-2,0.5311,COMPLEMENTARITY
5.12-2,5.2.1-4.2,0.5311,COMPLEMENTARITY
5.5-6,5.1.3-2,0.531,COMPLEMENTARITY
5.5-4,5.4.1-1.1,0.531,COMPLEMENTARITY
5.3-14,5.2.4-1.1,0.531,COMPLEMENTARITY
5.5-2,5.1.1-2.2,0.531,COMPLEMENTARITY
5.11-2,5.1.3-1.2,0.531,COMPLEMENTARITY
5.8-2,5.4.2-3,0.531,COMPLEMENTARITY
5.12-3,5.1.2-2,0.531,COMPLEMENTARITY
5.1-3,5.4.2-3,0.531,COMPLEMENTARITY
5.5-3,5.2.3-4,0.5309,COMPLEMENTARITY
5.0-1,5.2.5-2,0.5309,COMPLEMENTARITY
5.5-1,5.1.1-2,0.5309,COMPLEMENTARITY
5.6-9,5.2.4-2.1,0.5308,COMPLEMENTARITY
5.3-10,5.1.3-1.2,0.5308,COMPLEMENTARITY
5.12-1,5.2.2-5,0.5308,COMPLEMENTARITY
5.11-3,5.4.2-1,0.5308,COMPLEMENTARITY
5.11-1,5.2.3-4,0.5308,COMPLEMENTARITY
5.9-2,5.1.2-7,0.5307,COMPLEMENTARITY
5.4-1,5.3.1-1,0.5307,COMPLEMENTARITY
5.9-3,5.2.5-2.1,0.5306,COMPLEMENTARITY
5.3-9,5.2.5-4.1,0.5306,COMPLEMENTARITY
5.3-8,5.2.3-1,0.5306,COMPLEMENTARITY
5.3-14,5.2.5-1,0.5305,COMPLEMENTARITY
5.6-6,5.2.5-2.1,0.5305,COMPLEMENTARITY
5.9-1,5.1.4-4,0.5305,COMPLEMENTARITY
5.6-8,5.5.1-2,0.5305,COMPLEMENTARITY
5.1-2,5.1.2-5.1,0.5304,COMPLEMENTARITY
5.9-1,5.4.2-1,0.5303,COMPLEMENTARITY
5.11-1,5.2.3-2.1,0.5303,COMPLEMENTARITY
5.1-4,5.1.2-4,0.5303,COMPLEMENTARITY
5.3-7,5.1.4-3,0.5303,COMPLEMENTARITY
5.3-15A,5.2.1-4,0.5302,COMPLEMENTARITY
5.5-6,5.2.2-3,0.5302,COMPLEMENTARITY
5.3-10,5.1.3-1.1,0.5302,COMPLEMENTARITY
5.5-8,5.2.5-3,0.5302,COMPLEMENTARITY
5.4-2,5.2.3-2.1,0.5302,COMPLEMENTARITY
5.6-3,5.2.5-4.1,0.5302,COMPLEMENTARITY
5.4-1,5.2.2-1,0.5302,COMPLEMENTARITY
5.6-6,5.4.1-2,0.5301,COMPLEMENTARITY
5.1-2,5.2.5-1,0.5301,COMPLEMENTARITY
5.2-2,5.1.4-3,0.5301,COMPLEMENTARITY
5.8-1,5.4.2-2,0.53,COMPLEMENTARITY
5.5-5,5.4.2-4,0.53,COMPLEMENTARITY
5.12-2,5.1.4-5,0.5299,COMPLEMENTARITY
5.6-6,5.2.3-3,0.5299,COMPLEMENTARITY
5.3-4B,5.1.2-5.1,0.5299,COMPLEMENTARITY
5.5-7,5.4.1-1,0.5299,COMPLEMENTARITY
5.3-5,5.1.1-2.2,0.5298,COMPLEMENTARITY
5.5-6,5.1.2-1.1,0.5298,COMPLEMENTARITY
5.6-2,5.1.2-1.1,0.5298,COMPLEMENTARITY
5.3-6A,5.2.4-1,0.5298,COMPLEMENTARITY
5.4-3,5.4.1-1.1,0.5298,COMPLEMENTARITY
5.11-2,5.4.1-1,0.5297,COMPLEMENTARITY
5.5-6,5.2.3-2,0.5297,COMPLEMENTARITY
5.3-9,5.4.1-1.1,0.5297,COMPLEMENTARITY
5.4-1,5.4.2-1,0.5297,COMPLEMENTARITY
5.9-3,5.1.2-4,0.5296,COMPLEMENTARITY
5.3-14,5.2.3-1,0.5296,COMPLEMENTARITY
5.4-4,5.2.5-2,0.5295,COMPLEMENTARITY
5.9-3,5.4.1-3,0.5295,COMPLEMENTARITY
5.3-7,5.3.1-2.1,0.5295,COMPLEMENTARITY
5.3-14,5.2.1-1,0.5294,COMPLEMENTARITY
5.6-9,5.1.3-1.3,0.5294,COMPLEMENTARITY
5.3-13,5.1.3-1.1,0.5294,COMPLEMENTARITY
5.3-2,5.1.4-3,0.5294,COMPLEMENTARITY
5.5-1,5.3.1-2.1,0.5293,COMPLEMENTARITY
5.6-4B,5.1.4-3,0.5292,COMPLEMENTARITY
5.3-15A,5.1.2-4,0.5292,COMPLEMENTARITY
5.9-1,5.2.1-2,0.5291,COMPLEMENTARITY
5.3-14,5.1.3-1.1,0.529,COMPLEMENTARITY
5.3-15A,5.2.2-3,0.529,COMPLEMENTARITY
5.4-4,5.1.1-1.1,0.529,COMPLEMENTARITY
5.6-2,5.5.1-2,0.529,COMPLEMENTARITY
5.12-3,5.4.1-2,0.529,COMPLEMENTARITY
5.11-4,5.1.4-2,0.5289,COMPLEMENTARITY
5.5-7,5.2.1-2,0.5289,COMPLEMENTARITY
5.12-1,5.2.4-3,0.5289,COMPLEMENTARITY
5.5-1,5.4.1-1,0.5289,COMPLEMENTARITY
5.1-5,5.1.4-1,0.5289,COMPLEMENTARITY
5.6-8,5.2.4-2,0.5289,COMPLEMENTARITY
5.11-4,5.2.4-1.2,0.5288,COMPLEMENTARITY
5.7-1,5.1.2-6,0.5288,COMPLEMENTARITY
5.5-4,5.1.3-3,0.5288,COMPLEMENTARITY
5.5-7,5.2.2-4,0.5288,COMPLEMENTARITY
5.8-2,5.1.4-3,0.5287,COMPLEMENTARITY
5.7-2,5.1.2-4,0.5286,COMPLEMENTARITY
5.4-3,5.5.1-2,0.5286,COMPLEMENTARITY
5.9-1,5.1.4-5,0.5285,COMPLEMENTARITY
5.5-5,5.1.3-1,0.5284,COMPLEMENTARITY
5.3-6A,5.1.2-7,0.5284,COMPLEMENTARITY
5.4-2,5.2.4-3,0.5284,COMPLEMENTARITY
5.7-1,5.2.1-2,0.5283,COMPLEMENTARITY
5.6-3,5.3.1-2,0.5283,COMPLEMENTARITY
5.1-2,5.3.1-2,0.5283,COMPLEMENTARITY
5.3-4B,5.2.2-4,0.5283,COMPLEMENTARITY
5.9-3,5.2.3-2.2,0.5283,COMPLEMENTARITY
5.4-1,5.4.1-1,0.5282,COMPLEMENTARITY
5.1-1,5.3.1-3,0.5282,COMPLEMENTARITY
5.6-2,5.1.2-7,0.5282,COMPLEMENTARITY
5.1-5,5.2.4-3,0.5282,COMPLEMENTARITY
5.9-3,5.1.3-1.3,0.5281,COMPLEMENTARITY
5.6-4B,5.1.3-1,0.528,COMPLEMENTARITY
5.6-4B,5.3.1-2,0.528,COMPLEMENTARITY
5.2-1,5.1.4-5,0.528,COMPLEMENTARITY
5.12-1,5.1.3-2,0.528,COMPLEMENTARITY
5.8-2,5.1.2-1.1,0.528,COMPLEMENTARITY
5.6-9,5.3.1-2.1,0.5279,COMPLEMENTARITY
5.2-1,5.2.5-4,0.5279,COMPLEMENTARITY
5.6-4A,5.1.4-4,0.5278,COMPLEMENTARITY
5.6-9,5.3.1-2.2,0.5278,COMPLEMENTARITY
5.6-2,5.1.2-1,0.5278,COMPLEMENTARITY
5.3-1,5.2.5-2,0.5278,COMPLEMENTARITY
5.11-1,5.2.4-1,0.5277,COMPLEMENTARITY
5.7-2,5.1.3-1,0.5277,COMPLEMENTARITY
5.8-1,5.1.2-1.1,0.5276,COMPLEMENTARITY
5.5-2,5.2.1-3.1,0.5276,COMPLEMENTARITY
5.11-3,5.2.2-6,0.5276,COMPLEMENTARITY
5.3-13,5.2.4-1.1,0.5276,COMPLEMENTARITY
5.3-6A,5.1.2-4,0.5275,COMPLEMENTARITY
5.3-8,5.1.4-3,0.5275,COMPLEMENTARITY
5.1-2,5.1.4-3,0.5275,COMPLEMENTARITY
5.6-3,5.1.3-3,0.5275,COMPLEMENTARITY
5.5-1,5.2.4-1,0.5275,COMPLEMENTARITY
5.1-4,5.1.2-1.1,0.5274,COMPLEMENTARITY
5.5-7,5.2.4-3,0.5273,COMPLEMENTARITY
5.5-7,5.1.3-3,0.5273,COMPLEMENTARITY
5.5-7,5.1.1-2,0.5273,COMPLEMENTARITY
5.11-1,5.2.4-1.2,0.5272,COMPLEMENTARITY
5.3-7,5.2.5-3,0.5272,COMPLEMENTARITY
5.3-15B,5.2.1-4.1,0.5272,COMPLEMENTARITY
5.11-1,5.3.1-3,0.5272,COMPLEMENTARITY
5.3-7,5.1.1-2,0.5271,COMPLEMENTARITY
5.6-7,5.2.1-3,0.5271,COMPLEMENTARITY
5.4-4,5.3.1-2,0.5271,COMPLEMENTARITY
5.6-6,5.2.2-1,0.5271,COMPLEMENTARITY
5.12-3,5.2.2-6,0.5271,COMPLEMENTARITY
5.4-4,5.2.5-4,0.527,COMPLEMENTARITY
5.6-4B,5.1.4-1,0.5269,COMPLEMENTARITY
5.11-4,5.1.1-2,0.5269,COMPLEMENTARITY
5.12-3,5.2.5-4.1,0.5269,COMPLEMENTARITY
5.10-1,5.1.1-2.2,0.5268,COMPLEMENTARITY
5.3-6A,5.4.2-2,0.5268,COMPLEMENTARITY
5.4-1,5.2.3-2.1,0.5268,COMPLEMENTARITY
5.11-1,5.2.5-4.1,0.5268,COMPLEMENTARITY
5.3-13,5.1.2-1.1,0.5268,COMPLEMENTARITY
5.3-3,5.3.1-2.2,0.5268,COMPLEMENTARITY
5.6-8,5.1.2-1.1,0.5268,COMPLEMENTARITY
5.3-15A,5.3.1-3,0.5268,COMPLEMENTARITY
5.5-6,5.2.4-3,0.5268,COMPLEMENTARITY
5.5-5,5.2.1-4,0.5268,COMPLEMENTARITY
5.12-3,5.2.3-2.1,0.5268,COMPLEMENTARITY
5.2-1,5.2.3-2,0.5268,COMPLEMENTARITY
5.12-1,5.1.1-2,0.5268,COMPLEMENTARITY
5.3-15B,5.1.2-7,0.5267,COMPLEMENTARITY
5.4-3,5.1.3-1,0.5267,COMPLEMENTARITY
5.11-3,5.1.1-2,0.5267,COMPLEMENTARITY
5.4-2,5.4.2-2,0.5267,COMPLEMENTARITY
5.12-3,5.1.1-2,0.5266,COMPLEMENTARITY
5.1-5,5.1.2-7,0.5266,COMPLEMENTARITY
5.9-2,5.2.5-3,0.5266,COMPLEMENTARITY
5.3-16,5.4.1-1,0.5266,COMPLEMENTARITY
5.1-2,5.2.5-4.1,0.5266,COMPLEMENTARITY
5.5-1,5.1.3-1.3,0.5266,COMPLEMENTARITY
5.3-4B,5.1.1-2.2,0.5266,COMPLEMENTARITY
5.3-8,5.4.2-2,0.5265,COMPLEMENTARITY
5.8-2,5.2.3-2.2,0.5265,COMPLEMENTARITY
5.11-4,5.2.1-2,0.5264,COMPLEMENTARITY
5.8-1,5.2.3-2.2,0.5264,COMPLEMENTARITY
5.3-15A,5.2.4-3,0.5264,COMPLEMENTARITY
5.3-7,5.1.2-1.1,0.5264,COMPLEMENTARITY
5.6-1,5.3.1-3,0.5264,COMPLEMENTARITY
5.11-3,5.2.5-4.1,0.5263,COMPLEMENTARITY
5.8-1,5.4.1-2,0.5263,COMPLEMENTARITY
5.12-1,5.5.1-1,0.5262,COMPLEMENTARITY
5.3-6A,5.1.3-2,0.5262,COMPLEMENTARITY
5.3-16,5.1.2-3,0.5262,COMPLEMENTARITY
5.0-1,5.1.4-1,0.5262,COMPLEMENTARITY
5.1-2,5.4.2-1,0.5262,COMPLEMENTARITY
5.6-1,5.2.5-4,0.5261,COMPLEMENTARITY
5.1-4,5.4.1-2,0.526,COMPLEMENTARITY
5.3-10,5.1.4-2,0.526,COMPLEMENTARITY
5.9-2,5.1.2-3,0.526,COMPLEMENTARITY
5.3-6B,5.1.3-1,0.526,COMPLEMENTARITY
5.9-1,5.4.1-2,0.526,COMPLEMENTARITY
5.3-16,5.3.1-3,0.5259,COMPLEMENTARITY
5.1-1,5.2.5-2.1,0.5259,COMPLEMENTARITY
5.6-8,5.2.3-2.1,0.5259,COMPLEMENTARITY
5.5-5,5.5.1-1,0.5258,COMPLEMENTARITY
5.1-3,5.1.4-4,0.5258,COMPLEMENTARITY
5.5-2,5.1.4-3,0.5258,COMPLEMENTARITY
5.6-1,5.1.2-4,0.5257,COMPLEMENTARITY
5.9-2,5.1.3-1.2,0.5257,COMPLEMENTARITY
5.11-1,5.2.1-2,0.5257,COMPLEMENTARITY
5.3-9,5.1.2-5,0.5256,COMPLEMENTARITY
5.3-8,5.2.1-4,0.5256,COMPLEMENTARITY
5.7-2,5.4.1-3,0.5256,COMPLEMENTARITY
5.7-2,5.1.4-5,0.5256,COMPLEMENTARITY
5.5-8,5.1.4-2,0.5256,COMPLEMENTARITY
5.12-3,5.4.2-1,0.5255,COMPLEMENTARITY
5.3-6A,5.1.1-1,0.5255,COMPLEMENTARITY
5.5-2,5.2.1-4,0.5255,COMPLEMENTARITY
5.3-8,5.5.1-1,0.5255,COMPLEMENTARITY
5.1-4,5.2.5-2.1,0.5255,COMPLEMENTARITY
5.1-4,5.2.3-2.2,0.5255,COMPLEMENTARITY
5.5-3,5.2.5-3,0.5254,COMPLEMENTARITY
5.1-5,5.4.2-4,0.5254,COMPLEMENTARITY
5.6-6,5.2.3-2,0.5253,COMPLEMENTARITY
5.5-2,5.2.3-2.1,0.5252,COMPLEMENTARITY
5.13-1B,5.2.3-3,0.5252,COMPLEMENTARITY
5.4-2,5.4.1-2,0.5252,COMPLEMENTARITY
5.4-3,5.1.3-4,0.5252,COMPLEMENTARITY
5.5-1,5.2.2-6,0.5251,COMPLEMENTARITY
5.1-2A,5.2.4-3,0.5251,COMPLEMENTARITY
5.11-2,5.2.3-2.2,0.5251,COMPLEMENTARITY
5.1-1,5.1.2-2,0.5251,COMPLEMENTARITY
5.3-3,5.1.2-3,0.525,COMPLEMENTARITY
5.3-6A,5.2.2-6,0.525,COMPLEMENTARITY
5.6-5,5.2.5-1,0.525,COMPLEMENTARITY
5.8-2,5.1.1-1.1,0.525,COMPLEMENTARITY
5.9-2,5.2.4-3,0.525,COMPLEMENTARITY
5.4-3,5.1.2-5,0.5249,COMPLEMENTARITY
5.3-10,5.2.5-4.1,0.5249,COMPLEMENTARITY
5.3-6B,5.2.4-2,0.5249,COMPLEMENTARITY
5.3-15B,5.5.1-1,0.5249,COMPLEMENTARITY
5.6-6,5.4.2-1,0.5249,COMPLEMENTARITY
5.3-4B,5.2.2-5,0.5248,COMPLEMENTARITY
5.1-2,5.1.4-1,0.5248,COMPLEMENTARITY
5.3-1,5.2.2-1,0.5248,COMPLEMENTARITY
5.3-6A,5.2.1-2,0.5247,COMPLEMENTARITY
5.3-16,5.2.4-1,0.5246,COMPLEMENTARITY
5.3-16,5.1.1-2.1,0.5246,COMPLEMENTARITY
5.11-2,5.1.2-7,0.5246,COMPLEMENTARITY
5.3-13,5.2.5-4.1,0.5246,COMPLEMENTARITY
5.5-5,5.2.3-4,0.5246,COMPLEMENTARITY
5.3-3,5.4.1-3,0.5246,COMPLEMENTARITY
5.7-1,5.4.1-1,0.5245,COMPLEMENTARITY
5.2-2,5.2.1-1,0.5245,COMPLEMENTARITY
5.13-1B,5.1.4-3,0.5245,COMPLEMENTARITY
5.12-1,5.2.2-2,0.5245,COMPLEMENTARITY
5.11-3,5.2.2-1,0.5244,COMPLEMENTARITY
5.1-5,5.2.1-3,0.5243,COMPLEMENTARITY
5.6-2,5.2.3-2,0.5243,COMPLEMENTARITY
5.9-1,5.2.5-2.1,0.5243,COMPLEMENTARITY
5.3-1,5.1.2-7,0.5243,COMPLEMENTARITY
5.12-3,5.2.4-2,0.5243,COMPLEMENTARITY
5.1-1,5.1.2-6,0.5243,COMPLEMENTARITY
5.8-1,5.3.1-2.1,0.5242,COMPLEMENTARITY
5.3-13,5.2.4-2.1,0.5242,COMPLEMENTARITY
5.1-3,5.2.4-3,0.5242,COMPLEMENTARITY
5.6-4B,5.2.4-2.1,0.5242,COMPLEMENTARITY
5.3-8,5.1.2-6,0.5242,COMPLEMENTARITY
5.12-3,5.2.2-3,0.5242,COMPLEMENTARITY
5.3-6B,5.1.2-6,0.5241,COMPLEMENTARITY
5.11-2,5.1.2-3,0.5241,COMPLEMENTARITY
5.5-3,5.1.2-3,0.5241,COMPLEMENTARITY
5.6-4A,5.2.5-2,0.524,COMPLEMENTARITY
5.1-2,5.1.1-2.1,0.524,COMPLEMENTARITY
5.3-13,5.1.3-1,0.5239,COMPLEMENTARITY
5.2-1,5.3.1-2.1,0.5239,COMPLEMENTARITY
5.1-3,5.1.4-3,0.5239,COMPLEMENTARITY
5.6-8,5.1.4-5,0.5239,COMPLEMENTARITY
5.3-10,5.2.1-4.2,0.5239,COMPLEMENTARITY
5.3-6A,5.5.1-1,0.5239,COMPLEMENTARITY
5.5-1,5.1.2-3,0.5238,COMPLEMENTARITY
5.1-5,5.1.2-1,0.5238,COMPLEMENTARITY
5.3-6A,5.1.2-3,0.5238,COMPLEMENTARITY
5.5-1,5.1.1-2.1,0.5237,COMPLEMENTARITY
5.3-3,5.4.2-4,0.5237,COMPLEMENTARITY
5.1-4,5.2.5-2,0.5236,COMPLEMENTARITY
5.3-9,5.2.3-2,0.5236,COMPLEMENTARITY
5.5-4,5.1.4-4,0.5236,COMPLEMENTARITY
5.3-3,5.1.2-7,0.5236,COMPLEMENTARITY
5.9-3,5.5.1-1,0.5236,COMPLEMENTARITY
5.1-4,5.2.2-4,0.5235,COMPLEMENTARITY
5.3-4B,5.2.5-4.1,0.5235,COMPLEMENTARITY
5.12-3,5.1.1-2.1,0.5235,COMPLEMENTARITY
5.3-8,5.1.2-5.1,0.5235,COMPLEMENTARITY
5.1-3,5.2.1-3,0.5235,COMPLEMENTARITY
5.12-3,5.2.5-3,0.5235,COMPLEMENTARITY
5.6-2,5.4.2-2,0.5235,COMPLEMENTARITY
5.4-1,5.1.3-2,0.5234,COMPLEMENTARITY
5.11-2,5.4.1-1.1,0.5234,COMPLEMENTARITY
5.3-14,5.5.1-2,0.5233,COMPLEMENTARITY
5.3-6A,5.2.3-1,0.5233,COMPLEMENTARITY
5.11-2,5.2.5-3,0.5233,COMPLEMENTARITY
5.6-5,5.1.4-4,0.5232,COMPLEMENTARITY
5.3-2,5.3.1-2,0.5232,COMPLEMENTARITY
5.5-3,5.3.1-3,0.5232,COMPLEMENTARITY
5.6-5,5.2.5-2,0.5231,COMPLEMENTARITY
5.2-1,5.1.4-2,0.5231,COMPLEMENTARITY
5.3-13,5.1.2-6,0.523,COMPLEMENTARITY
5.1-3,5.3.1-2.2,0.5229,COMPLEMENTARITY
5.2-2,5.1.2-2,0.5229,COMPLEMENTARITY
5.3-2,5.4.1-3,0.5229,COMPLEMENTARITY
5.3-1,5.4.2-2,0.5228,COMPLEMENTARITY
5.3-9,5.1.2-2,0.5228,COMPLEMENTARITY
5.1-4,5.1.3-1.1,0.5228,COMPLEMENTARITY
5.3-15B,5.2.2-2,0.5228,COMPLEMENTARITY
5.3-7,5.2.3-2.2,0.5227,COMPLEMENTARITY
5.1-3,5.3.1-2,0.5227,COMPLEMENTARITY
5.11-4,5.4.1-2,0.5227,COMPLEMENTARITY
5.2-1,5.2.2-1,0.5227,COMPLEMENTARITY
5.3-7,5.2.3-2,0.5226,COMPLEMENTARITY
5.11-4,5.2.5-4.1,0.5225,COMPLEMENTARITY
5.6-3,5.2.4-3,0.5225,COMPLEMENTARITY
5.2-2,5.3.1-1,0.5225,COMPLEMENTARITY
5.0-1,5.2.2-4,0.5224,COMPLEMENTARITY
5.3-7,5.1.3-2,0.5224,COMPLEMENTARITY
5.13-1B,5.2.3-2.2,0.5224,COMPLEMENTARITY
5.12-1,5.2.5-2,0.5224,COMPLEMENTARITY
5.3-6A,5.1.3-3,0.5224,COMPLEMENTARITY
5.7-2,5.1.2-2,0.5223,COMPLEMENTARITY
5.6-4B,5.2.3-1,0.5223,COMPLEMENTARITY
5.6-2,5.1.4-5,0.5223,COMPLEMENTARITY
5.6-9,5.2.1-3,0.5222,COMPLEMENTARITY
5.3-9,5.3.1-2,0.5222,COMPLEMENTARITY
5.5-2,5.4.1-1.1,0.5222,COMPLEMENTARITY
5.5-3,5.2.2-1,0.5222,COMPLEMENTARITY
5.5-2,5.2.3-1,0.5222,COMPLEMENTARITY
5.5-7,5.1.2-6,0.5221,COMPLEMENTARITY
5.9-2,5.2.1-4,0.5221,COMPLEMENTARITY
5.9-3,5.1.1-2,0.5221,COMPLEMENTARITY
5.3-12,5.1.2-4,0.522,COMPLEMENTARITY
5.6-2,5.1.3-1.1,0.522,COMPLEMENTARITY
5.6-1,5.2.3-2,0.522,COMPLEMENTARITY
5.8-3,5.2.3-2.1,0.5219,COMPLEMENTARITY
5.6-3,5.2.2-3,0.5219,COMPLEMENTARITY
5.11-1,5.3.1-2.2,0.5219,COMPLEMENTARITY
5.3-15B,5.1.3-4,0.5219,COMPLEMENTARITY
5.8-2,5.1.3-1,0.5219,COMPLEMENTARITY
5.3-1,5.1.4-2,0.5219,COMPLEMENTARITY
5.6-1,5.2.4-3,0.5219,COMPLEMENTARITY
5.12-2,5.2.5-4.1,0.5219,COMPLEMENTARITY
5.1-1,5.2.1-2,0.5218,COMPLEMENTARITY
5.6-4A,5.1.4-5,0.5218,COMPLEMENTARITY
5.3-5,5.2.5-4,0.5218,COMPLEMENTARITY
5.3-9,5.4.2-3,0.5218,COMPLEMENTARITY
5.4-1,5.1.4-1,0.5218,COMPLEMENTARITY
5.6-6,5.1.2-3,0.5216,COMPLEMENTARITY
5.3-4B,5.1.1-1,0.5215,COMPLEMENTARITY
5.3-5,5.2.3-2.2,0.5215,COMPLEMENTARITY
5.6-3,5.4.2-3,0.5214,COMPLEMENTARITY
5.4-1,5.2.2-2,0.5213,COMPLEMENTARITY
5.6-5,5.3.1-2.1,0.5213,COMPLEMENTARITY
5.7-2,5.1.2-5.1,0.5212,COMPLEMENTARITY
5.2-2,5.2.1-3,0.5212,COMPLEMENTARITY
5.3-9,5.2.4-2,0.5212,COMPLEMENTARITY
5.5-7,5.1.2-3,0.5212,COMPLEMENTARITY
5.1-2,5.1.1-1.1,0.5211,COMPLEMENTARITY
5.5-6,5.1.4-5,0.521,COMPLEMENTARITY
5.8-2,5.2.3-4,0.521,COMPLEMENTARITY
5.5-1,5.2.1-3.1,0.521,COMPLEMENTARITY
5.7-1,5.1.2-3,0.5209,COMPLEMENTARITY
5.4-3,5.1.2-6,0.5209,COMPLEMENTARITY
5.5-4,5.1.3-2,0.5209,COMPLEMENTARITY
5.6-7,5.4.2-2,0.5209,COMPLEMENTARITY
5.6-4B,5.1.2-3,0.5209,COMPLEMENTARITY
5.4-2,5.4.2-1,0.5209,COMPLEMENTARITY
5.5-2,5.1.4-4,0.5208,COMPLEMENTARITY
5.3-10,5.1.1-2,0.5207,COMPLEMENTARITY
5.6-7,5.1.2-3,0.5207,COMPLEMENTARITY
5.5-1,5.1.4-5,0.5207,COMPLEMENTARITY
5.4-1,5.1.4-5,0.5207,COMPLEMENTARITY
5.2-1,5.2.3-3,0.5207,COMPLEMENTARITY
5.1-5,5.2.3-1,0.5206,COMPLEMENTARITY
5.3-12,5.4.2-1,0.5206,COMPLEMENTARITY
5.3-9,5.2.2-3,0.5206,COMPLEMENTARITY
5.6-6,5.1.3-1,0.5205,COMPLEMENTARITY
5.3-16,5.3.1-2.2,0.5205,COMPLEMENTARITY
5.5-1,5.1.2-1,0.5204,COMPLEMENTARITY
5.12-3,5.2.5-2.1,0.5204,COMPLEMENTARITY
5.3-13,5.1.2-1,0.5204,COMPLEMENTARITY
5.2-1,5.2.2-5,0.5204,COMPLEMENTARITY
5.4-2,5.2.2-1,0.5204,COMPLEMENTARITY
5.2-2,5.4.1-3,0.5204,COMPLEMENTARITY
5.3-15A,5.3.1-1,0.5203,COMPLEMENTARITY
5.3-2,5.4.2-1,0.5203,COMPLEMENTARITY
5.6-4B,5.1.1-2.2,0.5202,COMPLEMENTARITY
5.5-4,5.1.3-4,0.5202,COMPLEMENTARITY
5.8-1,5.2.1-3,0.5201,COMPLEMENTARITY
5.6-6,5.1.3-1.1,0.5201,COMPLEMENTARITY
5.7-2,5.2.5-4.1,0.5201,COMPLEMENTARITY
5.3-1,5.3.1-1,0.5201,COMPLEMENTARITY
5.3-6A,5.2.2-3,0.5201,COMPLEMENTARITY
5.3-7,5.1.2-3,0.52,COMPLEMENTARITY
5.5-4,5.2.4-1.2,0.52,COMPLEMENTARITY
5.3-15B,5.1.4-4,0.5199,COMPLEMENTARITY
5.4-1,5.2.3-2.2,0.5199,COMPLEMENTARITY
5.3-16,5.1.3-1.1,0.5198,COMPLEMENTARITY
5.1-3,5.4.2-2,0.5198,COMPLEMENTARITY
5.2-1,5.4.2-2,0.5198,COMPLEMENTARITY
5.3-6A,5.1.2-1.1,0.5198,COMPLEMENTARITY
5.9-2,5.2.2-4,0.5198,COMPLEMENTARITY
5.3-16,5.4.2-4,0.5198,COMPLEMENTARITY
5.1-5,5.2.2-4,0.5197,COMPLEMENTARITY
5.3-10,5.2.1-3,0.5197,COMPLEMENTARITY
5.9-2,5.3.1-2.1,0.5197,COMPLEMENTARITY
5.3-6A,5.2.4-1.2,0.5197,COMPLEMENTARITY
5.9-1,5.2.2-3,0.5197,COMPLEMENTARITY
5.7-1,5.1.2-4,0.5197,COMPLEMENTARITY
5.6-2,5.2.4-1.2,0.5196,COMPLEMENTARITY
5.2-2,5.4.2-3,0.5195,COMPLEMENTARITY
5.3-10,5.2.3-2,0.5195,COMPLEMENTARITY
5.5-2,5.2.5-2,0.5195,COMPLEMENTARITY
5.3-8,5.1.1-1,0.5195,COMPLEMENTARITY
5.11-3,5.4.2-2,0.5195,COMPLEMENTARITY
5.3-13,5.1.3-4,0.5195,COMPLEMENTARITY
5.6-6,5.2.1-1,0.5194,COMPLEMENTARITY
5.6-1,5.1.3-3,0.5194,COMPLEMENTARITY
5.9-2,5.2.1-3,0.5194,COMPLEMENTARITY
5.9-3,5.1.3-1.2,0.5193,COMPLEMENTARITY
5.9-2,5.3.1-1,0.5193,COMPLEMENTARITY
5.9-1,5.1.2-1,0.5193,COMPLEMENTARITY
5.3-14,5.4.2-1,0.5193,COMPLEMENTARITY
5.3-2,5.3.1-2.2,0.5192,COMPLEMENTARITY
5.3-9,5.1.4-2,0.5192,COMPLEMENTARITY
5.9-1,5.2.4-1.1,0.5192,COMPLEMENTARITY
5.10-1,5.2.2-5,0.5192,COMPLEMENTARITY
5.11-4,5.2.3-2.1,0.5191,COMPLEMENTARITY
5.6-6,5.1.1-2.1,0.5191,COMPLEMENTARITY
5.9-2,5.4.1-2,0.5191,COMPLEMENTARITY
5.2-1,5.3.1-2.2,0.519,COMPLEMENTARITY
5.3-15B,5.3.1-2.1,0.5189,COMPLEMENTARITY
5.11-4,5.1.2-1.1,0.5189,COMPLEMENTARITY
5.5-1,5.1.2-2,0.5189,COMPLEMENTARITY
5.4-4,5.4.1-3,0.5189,COMPLEMENTARITY
5.6-6,5.1.2-5.1,0.5188,COMPLEMENTARITY
5.7-1,5.2.4-1,0.5188,COMPLEMENTARITY
5.4-1,5.1.2-4,0.5188,COMPLEMENTARITY
5.1-2,5.2.4-2,0.5188,COMPLEMENTARITY
5.11-3,5.2.4-2,0.5188,COMPLEMENTARITY
5.1-2,5.1.4-5,0.5187,COMPLEMENTARITY
5.7-2,5.2.2-3,0.5187,COMPLEMENTARITY
5.12-1,5.1.1-2.2,0.5187,COMPLEMENTARITY
5.4-1,5.1.1-2,0.5187,COMPLEMENTARITY
5.5-6,5.2.5-2,0.5187,COMPLEMENTARITY
5.12-3,5.1.4-2,0.5186,COMPLEMENTARITY
5.5-6,5.1.2-7,0.5186,COMPLEMENTARITY
5.4-3,5.1.4-4,0.5186,COMPLEMENTARITY
5.2-1,5.4.2-3,0.5186,COMPLEMENTARITY
5.3-6B,5.1.4-5,0.5186,COMPLEMENTARITY
5.3-15B,5.2.5-1,0.5185,COMPLEMENTARITY
5.12-1,5.1.1-1,0.5185,COMPLEMENTARITY
5.3-8,5.2.1-4.2,0.5184,COMPLEMENTARITY
5.0-1,5.2.3-2.2,0.5184,COMPLEMENTARITY
5.11-2,5.2.5-2.1,0.5183,COMPLEMENTARITY
5.12-1,5.1.3-1.3,0.5183,COMPLEMENTARITY
5.9-2,5.1.2-6,0.5183,COMPLEMENTARITY
5.6-4A,5.4.2-4,0.5182,COMPLEMENTARITY
5.9-1,5.2.3-2,0.5182,COMPLEMENTARITY
5.0-1,5.1.1-1,0.5182,COMPLEMENTARITY
5.3-3,5.3.1-2,0.5182,COMPLEMENTARITY
5.3-13,5.1.2-4,0.5182,COMPLEMENTARITY
5.3-16,5.1.4-5,0.5182,COMPLEMENTARITY
5.5-5,5.2.2-3,0.5181,COMPLEMENTARITY
5.1-2,5.2.3-4,0.5181,COMPLEMENTARITY
5.11-4,5.4.2-3,0.518,COMPLEMENTARITY
5.6-8,5.2.1-3.1,0.518,COMPLEMENTARITY
5.3-6A,5.1.1-2,0.518,COMPLEMENTARITY
5.4-2,5.1.1-2.1,0.5179,COMPLEMENTARITY
5.6-4A,5.2.3-2.1,0.5179,COMPLEMENTARITY
5.1-2,5.2.2-6,0.5179,COMPLEMENTARITY
5.3-15B,5.1.1-2.1,0.5177,COMPLEMENTARITY
5.4-3,5.1.2-3,0.5177,COMPLEMENTARITY
5.5-6,5.2.1-4.1,0.5177,COMPLEMENTARITY
5.4-4,5.1.3-1.3,0.5176,COMPLEMENTARITY
5.9-1,5.1.2-6,0.5176,COMPLEMENTARITY
5.9-2,5.2.1-2,0.5176,COMPLEMENTARITY
5.4-2,5.1.3-1.1,0.5176,COMPLEMENTARITY
5.3-16,5.1.2-1.1,0.5175,COMPLEMENTARITY
5.11-4,5.1.1-2.1,0.5175,COMPLEMENTARITY
5.3-3,5.2.1-3.1,0.5175,COMPLEMENTARITY
5.4-3,5.2.5-4.1,0.5174,COMPLEMENTARITY
5.3-15A,5.1.3-2,0.5174,COMPLEMENTARITY
5.12-3,5.2.2-4,0.5174,COMPLEMENTARITY
5.9-1,5.1.2-4,0.5173,COMPLEMENTARITY
5.12-3,5.4.1-1.1,0.5173,COMPLEMENTARITY
5.6-2,5.2.3-2.1,0.5173,COMPLEMENTARITY
5.4-1,5.2.3-4,0.5172,COMPLEMENTARITY
5.7-2,5.1.1-2,0.5172,COMPLEMENTARITY
5.7-2,5.2.3-3,0.5172,COMPLEMENTARITY
5.1-4,5.2.1-3,0.5171,COMPLEMENTARITY
5.5-4,5.2.1-4.1,0.5171,COMPLEMENTARITY
5.5-2,5.1.2-2,0.517,COMPLEMENTARITY
5.3-6B,5.2.1-3.1,0.517,COMPLEMENTARITY
5.5-4,5.2.5-4,0.517,COMPLEMENTARITY
5.11-1,5.1.3-1.2,0.517,COMPLEMENTARITY
5.2-2,5.2.2-1,0.517,COMPLEMENTARITY
5.9-1,5.1.3-2,0.5169,COMPLEMENTARITY
5.9-2,5.2.3-3,0.5169,COMPLEMENTARITY
5.3-4B,5.2.1-1,0.5168,COMPLEMENTARITY
5.6-6,5.2.5-4,0.5168,COMPLEMENTARITY
5.9-2,5.2.5-1,0.5168,COMPLEMENTARITY
5.6-2,5.1.1-2.2,0.5168,COMPLEMENTARITY
5.12-1,5.2.1-4,0.5167,COMPLEMENTARITY
5.6-4A,5.2.5-1,0.5167,COMPLEMENTARITY
5.3-7,5.2.4-3,0.5167,COMPLEMENTARITY
5.7-1,5.1.3-3,0.5167,COMPLEMENTARITY
5.3-8,5.2.3-2,0.5166,COMPLEMENTARITY
5.7-2,5.2.3-2.1,0.5166,COMPLEMENTARITY
5.3-4B,5.2.1-3,0.5166,COMPLEMENTARITY
5.6-7,5.1.1-2.1,0.5166,COMPLEMENTARITY
5.2-1,5.1.4-3,0.5165,COMPLEMENTARITY
5.7-1,5.4.2-4,0.5165,COMPLEMENTARITY
5.1-2,5.3.1-2.2,0.5165,COMPLEMENTARITY
5.12-3,5.2.1-4.2,0.5164,COMPLEMENTARITY
5.1-2A,5.1.3-4,0.5164,COMPLEMENTARITY
5.6-2,5.2.4-1,0.5164,COMPLEMENTARITY
5.0-1,5.2.1-3,0.5164,COMPLEMENTARITY
5.5-3,5.2.4-1.1,0.5164,COMPLEMENTARITY
5.3-13,5.2.1-1,0.5163,COMPLEMENTARITY
5.11-1,5.1.2-2,0.5163,COMPLEMENTARITY
5.3-15B,5.1.2-4,0.5163,COMPLEMENTARITY
5.5-6,5.1.4-3,0.5162,COMPLEMENTARITY
5.1-4,5.1.3-1,0.5162,COMPLEMENTARITY
5.6-3,5.4.1-1,0.5162,COMPLEMENTARITY
5.3-4B,5.2.5-2,0.5161,COMPLEMENTARITY
5.5-1,5.2.5-1,0.5161,COMPLEMENTARITY
5.3-6A,5.1.2-5.1,0.5161,COMPLEMENTARITY
5.3-10,5.3.1-2.1,0.5161,COMPLEMENTARITY
5.6-8,5.1.2-2,0.516,COMPLEMENTARITY
5.9-3,5.5.1-2,0.516,COMPLEMENTARITY
5.3-15B,5.2.1-1,0.5159,COMPLEMENTARITY
5.8-1,5.2.3-2,0.5159,COMPLEMENTARITY
5.8-1,5.1.1-1.1,0.5159,COMPLEMENTARITY
5.12-2,5.2.5-2.1,0.5159,COMPLEMENTARITY
5.6-3,5.4.2-2,0.5158,COMPLEMENTARITY
5.3-6A,5.3.1-1,0.5158,COMPLEMENTARITY
5.11-3,5.1.2-3,0.5158,COMPLEMENTARITY
5.6-5,5.1.4-1,0.5158,COMPLEMENTARITY
5.11-3,5.1.1-2.1,0.5158,COMPLEMENTARITY
5.12-2,5.1.3-1.3,0.5158,COMPLEMENTARITY
5.3-2,5.2.4-1.1,0.5157,COMPLEMENTARITY
5.8-1,5.1.3-1.3,0.5157,COMPLEMENTARITY
5.1-2A,5.2.4-2.1,0.5155,COMPLEMENTARITY
5.5-6,5.2.5-3,0.5155,COMPLEMENTARITY
5.1-2,5.2.4-1,0.5154,COMPLEMENTARITY
5.11-2,5.1.2-2,0.5154,COMPLEMENTARITY
5.9-1,5.1.3-1.1,0.5154,COMPLEMENTARITY
5.5-3,5.2.4-1,0.5153,COMPLEMENTARITY
5.8-1,5.1.4-1,0.5153,COMPLEMENTARITY
5.12-3,5.1.2-1.1,0.5153,COMPLEMENTARITY
5.3-2,5.2.2-1,0.5153,COMPLEMENTARITY
5.3-10,5.1.4-5,0.5152,COMPLEMENTARITY
5.9-3,5.2.1-4,0.5152,COMPLEMENTARITY
5.3-13,5.5.1-1,0.5152,COMPLEMENTARITY
5.3-12,5.1.3-1.1,0.5151,COMPLEMENTARITY
5.6-8,5.2.4-1,0.5151,COMPLEMENTARITY
5.1-4,5.3.1-2.1,0.5151,COMPLEMENTARITY
5.5-1,5.1.2-5.1,0.5151,COMPLEMENTARITY
5.1-2,5.2.1-3.1,0.5151,COMPLEMENTARITY
5.4-2,5.1.4-3,0.5151,COMPLEMENTARITY
5.6-3,5.1.3-1,0.5151,COMPLEMENTARITY
5.6-1,5.1.1-2,0.5151,COMPLEMENTARITY
5.3-5,5.2.4-2,0.515,COMPLEMENTARITY
5.1-4,5.2.2-1,0.515,COMPLEMENTARITY
5.3-1,5.4.2-1,0.5149,COMPLEMENTARITY
5.5-1,5.2.1-4.2,0.5149,COMPLEMENTARITY
5.5-7,5.2.4-1.1,0.5149,COMPLEMENTARITY
5.9-2,5.2.2-2,0.5148,COMPLEMENTARITY
5.4-1,5.3.1-3,0.5147,COMPLEMENTARITY
5.3-16,5.2.3-1,0.5146,COMPLEMENTARITY
5.7-1,5.4.1-1.1,0.5146,COMPLEMENTARITY
5.12-3,5.3.1-2.2,0.5146,COMPLEMENTARITY
5.9-1,5.2.1-4.1,0.5146,COMPLEMENTARITY
5.2-1,5.1.3-1.3,0.5145,COMPLEMENTARITY
5.3-3,5.2.3-3,0.5144,COMPLEMENTARITY
5.3-15B,5.2.3-1,0.5144,COMPLEMENTARITY
5.11-2,5.2.4-1.1,0.5144,COMPLEMENTARITY
5.3-8,5.1.3-1.3,0.5143,COMPLEMENTARITY
5.1-1,5.2.2-3,0.5143,COMPLEMENTARITY
5.5-5,5.4.2-1,0.5142,COMPLEMENTARITY
5.3-6A,5.5.1-2,0.5142,COMPLEMENTARITY
5.1-1,5.1.3-2,0.5141,COMPLEMENTARITY
5.3-15B,5.2.5-2.1,0.5141,COMPLEMENTARITY
5.3-3,5.1.3-1,0.5141,COMPLEMENTARITY
5.1-2,5.2.2-1,0.5141,COMPLEMENTARITY
5.2-1,5.2.5-4.1,0.514,COMPLEMENTARITY
5.1-1,5.2.5-1,0.514,COMPLEMENTARITY
5.3-9,5.2.1-4,0.514,COMPLEMENTARITY
5.2-2,5.3.1-2.2,0.5139,COMPLEMENTARITY
5.5-6,5.4.2-2,0.5138,COMPLEMENTARITY
5.5-2,5.1.4-1,0.5138,COMPLEMENTARITY
5.12-1,5.1.1-1.1,0.5138,COMPLEMENTARITY
5.3-16,5.1.2-7,0.5138,COMPLEMENTARITY
5.8-3,5.2.5-2,0.5138,COMPLEMENTARITY
5.11-2,5.2.5-4.1,0.5138,COMPLEMENTARITY
5.3-3,5.1.2-1,0.5138,COMPLEMENTARITY
5.6-1,5.2.4-2,0.5138,COMPLEMENTARITY
5.9-1,5.1.1-2.1,0.5136,COMPLEMENTARITY
5.3-8,5.1.2-1.1,0.5136,COMPLEMENTARITY
5.5-4,5.1.2-5,0.5136,COMPLEMENTARITY
5.6-8,5.1.2-1,0.5136,COMPLEMENTARITY
5.3-13,5.1.4-4,0.5135,COMPLEMENTARITY
5.5-3,5.3.1-1,0.5135,COMPLEMENTARITY
5.6-5,5.2.4-1.2,0.5135,COMPLEMENTARITY
5.3-9,5.2.2-1,0.5135,COMPLEMENTARITY
5.1-5,5.2.2-3,0.5135,COMPLEMENTARITY
5.11-1,5.4.1-1.1,0.5134,COMPLEMENTARITY
5.8-1,5.2.3-4,0.5134,COMPLEMENTARITY
5.3-3,5.1.1-2,0.5134,COMPLEMENTARITY
5.6-8,5.2.3-2,0.5134,COMPLEMENTARITY
5.4-1,5.2.5-2.1,0.5134,COMPLEMENTARITY
5.3-8,5.2.2-1,0.5134,COMPLEMENTARITY
5.3-8,5.5.1-2,0.5133,COMPLEMENTARITY
5.7-1,5.2.4-3,0.5133,COMPLEMENTARITY
5.3-15A,5.2.1-2,0.5133,COMPLEMENTARITY
5.6-8,5.1.3-1.1,0.5133,COMPLEMENTARITY
5.3-6A,5.2.5-4.1,0.5132,COMPLEMENTARITY
5.6-4A,5.2.1-4,0.5132,COMPLEMENTARITY
5.3-11,5.2.4-2,0.5132,COMPLEMENTARITY
5.1-3,5.1.3-1.3,0.5131,COMPLEMENTARITY
5.1-2A,5.1.1-2,0.513,COMPLEMENTARITY
5.5-1,5.2.5-2.1,0.513,COMPLEMENTARITY
5.5-8,5.3.1-2,0.513,COMPLEMENTARITY
5.11-3,5.1.2-1.1,0.513,COMPLEMENTARITY
5.3-9,5.2.5-2,0.5129,COMPLEMENTARITY
5.9-2,5.2.3-1,0.5129,COMPLEMENTARITY
5.12-1,5.2.1-3,0.5129,COMPLEMENTARITY
5.11-3,5.1.2-1,0.5129,COMPLEMENTARITY
5.11-3,5.2.5-4,0.5128,COMPLEMENTARITY
5.5-2,5.1.4-5,0.5128,COMPLEMENTARITY
5.8-3,5.3.1-2.1,0.5128,COMPLEMENTARITY
5.12-1,5.1.2-1.1,0.5128,COMPLEMENTARITY
5.3-2,5.2.4-2,0.5127,COMPLEMENTARITY
5.10-1,5.2.2-3,0.5127,COMPLEMENTARITY
5.7-1,5.2.5-1,0.5127,COMPLEMENTARITY
5.11-4,5.1.2-6,0.5127,COMPLEMENTARITY
5.3-6A,5.1.2-5,0.5126,COMPLEMENTARITY
5.13-1B,5.2.1-3,0.5126,COMPLEMENTARITY
5.0-1,5.2.2-5,0.5126,COMPLEMENTARITY
5.3-13,5.1.4-5,0.5125,COMPLEMENTARITY
5.11-1,5.1.4-2,0.5125,COMPLEMENTARITY
5.11-2,5.4.2-1,0.5124,COMPLEMENTARITY
5.8-1,5.1.1-1,0.5124,COMPLEMENTARITY
5.11-3,5.2.3-3,0.5124,COMPLEMENTARITY
5.3-9,5.2.4-2.1,0.5123,COMPLEMENTARITY
5.7-1,5.1.3-2,0.5123,COMPLEMENTARITY
5.7-2,5.2.2-6,0.5123,COMPLEMENTARITY
5.1-5,5.4.1-2,0.5122,COMPLEMENTARITY
5.11-1,5.2.5-3,0.5122,COMPLEMENTARITY
5.6-8,5.4.2-2,0.5122,COMPLEMENTARITY
5.6-5,5.2.3-3,0.5122,COMPLEMENTARITY
5.3-7,5.2.2-5,0.5121,COMPLEMENTARITY
5.3-10,5.1.1-2.2,0.5121,COMPLEMENTARITY
5.5-2,5.1.3-1.1,0.5121,COMPLEMENTARITY
5.1-2,5.2.3-2,0.5121,COMPLEMENTARITY
5.6-1,5.2.3-4,0.512,COMPLEMENTARITY
5.5-2,5.3.1-2.2,0.5119,COMPLEMENTARITY
5.11-2,5.1.2-1,0.5119,COMPLEMENTARITY
5.10-1,5.2.3-4,0.5118,COMPLEMENTARITY
5.12-2,5.1.2-1.1,0.5117,COMPLEMENTARITY
5.4-1,5.2.5-3,0.5117,COMPLEMENTARITY
5.11-2,5.2.4-3,0.5117,COMPLEMENTARITY
5.11-2,5.2.5-2,0.5117,COMPLEMENTARITY
5.4-3,5.3.1-2,0.5116,COMPLEMENTARITY
5.9-1,5.2.1-4,0.5116,COMPLEMENTARITY
5.9-2,5.1.2-1,0.5116,COMPLEMENTARITY
5.12-2,5.2.3-2.2,0.5116,COMPLEMENTARITY
5.3-11,5.2.5-4,0.5115,COMPLEMENTARITY
5.4-2,5.1.1-1.1,0.5115,COMPLEMENTARITY
5.1-1,5.1.1-2,0.5115,COMPLEMENTARITY
5.3-12,5.2.5-1,0.5115,COMPLEMENTARITY
5.5-6,5.2.2-5,0.5114,COMPLEMENTARITY
5.3-14,5.2.4-2,0.5114,COMPLEMENTARITY
5.9-1,5.2.5-1,0.5113,COMPLEMENTARITY
5.8-3,5.1.3-4,0.5113,COMPLEMENTARITY
5.3-16,5.2.1-3.1,0.5112,COMPLEMENTARITY
5.3-10,5.2.3-2.2,0.5112,COMPLEMENTARITY
5.1-3,5.1.1-2.1,0.5112,COMPLEMENTARITY
5.3-15A,5.1.2-1.1,0.5111,COMPLEMENTARITY
5.6-3,5.2.1-4,0.5111,COMPLEMENTARITY
5.6-4A,5.1.1-2.2,0.5111,COMPLEMENTARITY
5.13-1B,5.1.1-2.1,0.5111,COMPLEMENTARITY
5.3-16,5.1.2-5,0.5111,COMPLEMENTARITY
5.5-7,5.2.5-2.1,0.511,COMPLEMENTARITY
5.11-3,5.2.5-2,0.511,COMPLEMENTARITY
5.3-6B,5.4.1-3,0.511,COMPLEMENTARITY
5.12-2,5.2.5-2,0.511,COMPLEMENTARITY
5.12-3,5.2.3-2,0.5109,COMPLEMENTARITY
5.13-1A,5.2.1-3,0.5109,COMPLEMENTARITY
5.1-2A,5.2.4-2,0.5109,COMPLEMENTARITY
5.9-3,5.1.4-5,0.5108,COMPLEMENTARITY
5.12-1,5.2.2-3,0.5107,COMPLEMENTARITY
5.9-2,5.4.1-3,0.5107,COMPLEMENTARITY
5.4-1,5.1.3-1.1,0.5107,COMPLEMENTARITY
5.1-1,5.2.4-3,0.5107,COMPLEMENTARITY
5.2-1,5.1.1-1,0.5107,COMPLEMENTARITY
5.6-8,5.2.2-1,0.5107,COMPLEMENTARITY
5.2-3,5.2.2-3,0.5106,COMPLEMENTARITY
5.9-1,5.4.1-1,0.5106,COMPLEMENTARITY
5.4-1,5.2.4-3,0.5106,COMPLEMENTARITY
5.3-15B,5.1.3-2,0.5104,COMPLEMENTARITY
5.1-1,5.2.1-4.2,0.5104,COMPLEMENTARITY
5.8-3,5.2.2-3,0.5104,COMPLEMENTARITY
5.12-3,5.1.3-1.3,0.5104,COMPLEMENTARITY
5.11-1,5.2.5-4,0.5104,COMPLEMENTARITY
5.7-2,5.2.5-1,0.5103,COMPLEMENTARITY
5.3-14,5.1.2-5.1,0.5103,COMPLEMENTARITY
5.1-4,5.1.3-4,0.5102,COMPLEMENTARITY
5.4-1,5.2.2-3,0.5102,COMPLEMENTARITY
5.3-4B,5.3.1-2.1,0.5102,COMPLEMENTARITY
5.6-2,5.1.2-5.1,0.5102,COMPLEMENTARITY
5.1-3,5.1.2-5.1,0.5101,COMPLEMENTARITY
5.2-1,5.1.2-2,0.5101,COMPLEMENTARITY
5.1-5,5.3.1-1,0.5101,COMPLEMENTARITY
5.11-4,5.2.3-3,0.5101,COMPLEMENTARITY
5.3-9,5.3.1-2.1,0.5101,COMPLEMENTARITY
5.3-15A,5.3.1-2.2,0.5101,COMPLEMENTARITY
5.3-6A,5.1.3-1,0.5101,COMPLEMENTARITY
5.7-2,5.2.5-4,0.51,COMPLEMENTARITY
5.5-4,5.1.2-4,0.51,COMPLEMENTARITY
5.6-8,5.1.4-3,0.51,COMPLEMENTARITY
5.9-1,5.2.5-3,0.51,COMPLEMENTARITY
5.8-3,5.3.1-3,0.51,COMPLEMENTARITY
5.5-2,5.2.2-4,0.51,COMPLEMENTARITY
5.7-1,5.2.5-2,0.5099,COMPLEMENTARITY
5.5-5,5.1.2-4,0.5099,COMPLEMENTARITY
5.5-6,5.2.3-2.2,0.5099,COMPLEMENTARITY
5.6-5,5.3.1-2,0.5099,COMPLEMENTARITY
5.5-7,5.1.3-1.1,0.5099,COMPLEMENTARITY
5.12-1,5.2.1-4.2,0.5099,COMPLEMENTARITY
5.6-5,5.2.1-3.1,0.5098,COMPLEMENTARITY
5.6-7,5.2.2-5,0.5098,COMPLEMENTARITY
5.3-12,5.5.1-1,0.5098,COMPLEMENTARITY
5.6-5,5.4.1-1,0.5097,COMPLEMENTARITY
5.3-16,5.1.3-4,0.5097,COMPLEMENTARITY
5.8-2,5.4.2-2,0.5097,COMPLEMENTARITY
5.4-3,5.4.2-4,0.5096,COMPLEMENTARITY
5.3-12,5.2.3-3,0.5096,COMPLEMENTARITY
5.1-2A,5.1.1-2.1,0.5096,COMPLEMENTARITY
5.6-5,5.5.1-1,0.5096,COMPLEMENTARITY
5.11-1,5.4.2-4,0.5095,COMPLEMENTARITY
5.1-5,5.1.4-4,0.5095,COMPLEMENTARITY
5.2-1,5.2.1-3,0.5095,COMPLEMENTARITY
5.7-2,5.2.4-2.1,0.5095,COMPLEMENTARITY
5.12-1,5.2.3-3,0.5095,COMPLEMENTARITY
5.6-2,5.2.5-3,0.5095,COMPLEMENTARITY
5.1-3,5.1.1-1.1,0.5095,COMPLEMENTARITY
5.1-1,5.2.4-1.2,0.5095,COMPLEMENTARITY
5.3-12,5.1.2-1,0.5095,COMPLEMENTARITY
5.3-4B,5.2.3-2,0.5095,COMPLEMENTARITY
5.6-1,5.2.1-4,0.5094,COMPLEMENTARITY
5.3-1,5.2.3-2.2,0.5094,COMPLEMENTARITY
5.1-4,5.1.2-2,0.5094,COMPLEMENTARITY
5.12-2,5.2.5-3,0.5094,COMPLEMENTARITY
5.8-2,5.4.1-2,0.5093,COMPLEMENTARITY
5.3-14,5.2.1-4.2,0.5093,COMPLEMENTARITY
5.9-3,5.2.2-3,0.5093,COMPLEMENTARITY
5.3-6A,5.1.4-4,0.5093,COMPLEMENTARITY
5.4-2,5.1.1-1,0.5093,COMPLEMENTARITY
5.9-2,5.1.4-5,0.5092,COMPLEMENTARITY
5.3-3,5.2.4-2,0.5092,COMPLEMENTARITY
5.0-1,5.3.1-2.2,0.5092,COMPLEMENTARITY
5.3-8,5.2.5-3,0.5091,COMPLEMENTARITY
5.3-12,5.2.4-2,0.5091,COMPLEMENTARITY
5.8-2,5.3.1-2.1,0.5091,COMPLEMENTARITY
5.5-4,5.2.5-4.1,0.5091,COMPLEMENTARITY
5.3-15A,5.1.1-2,0.509,COMPLEMENTARITY
5.6-2,5.3.1-2.1,0.509,COMPLEMENTARITY
5.9-1,5.1.3-1.3,0.509,COMPLEMENTARITY
5.6-4B,5.1.3-1.3,0.509,COMPLEMENTARITY
5.3-1,5.2.1-3,0.509,COMPLEMENTARITY
5.3-3,5.1.3-1.1,0.509,COMPLEMENTARITY
5.1-3,5.2.3-2.2,0.509,COMPLEMENTARITY
5.3-16,5.1.3-3,0.5088,COMPLEMENTARITY
5.7-1,5.2.4-2,0.5088,COMPLEMENTARITY
5.1-5,5.1.2-1.1,0.5088,COMPLEMENTARITY
5.3-15B,5.2.5-3,0.5088,COMPLEMENTARITY
5.1-2,5.2.5-4,0.5088,COMPLEMENTARITY
5.6-4A,5.1.3-3,0.5087,COMPLEMENTARITY
5.5-5,5.1.2-5,0.5087,COMPLEMENTARITY
5.9-1,5.1.1-2.2,0.5087,COMPLEMENTARITY
5.6-4A,5.1.3-1,0.5087,COMPLEMENTARITY
5.3-13,5.2.1-2,0.5086,COMPLEMENTARITY
5.11-3,5.1.2-7,0.5086,COMPLEMENTARITY
5.7-2,5.2.1-3,0.5085,COMPLEMENTARITY
5.1-5,5.2.2-1,0.5085,COMPLEMENTARITY
5.11-4,5.2.5-4,0.5085,COMPLEMENTARITY
5.5-5,5.1.4-5,0.5085,COMPLEMENTARITY
5.9-1,5.2.2-2,0.5085,COMPLEMENTARITY
5.3-7,5.2.5-2,0.5085,COMPLEMENTARITY
5.4-2,5.1.3-1,0.5085,COMPLEMENTARITY
5.3-6B,5.2.2-6,0.5085,COMPLEMENTARITY
5.3-8,5.2.5-4.1,0.5085,COMPLEMENTARITY
5.1-5,5.1.2-3,0.5085,COMPLEMENTARITY
5.8-2,5.2.3-2,0.5085,COMPLEMENTARITY
5.12-1,5.4.1-3,0.5084,COMPLEMENTARITY
5.6-3,5.2.5-4,0.5083,COMPLEMENTARITY
5.8-2,5.2.1-3,0.5083,COMPLEMENTARITY
5.3-16,5.1.4-4,0.5082,COMPLEMENTARITY
5.11-1,5.4.2-1,0.5081,COMPLEMENTARITY
5.11-4,5.1.2-2,0.5081,COMPLEMENTARITY
5.5-5,5.3.1-2.1,0.5081,COMPLEMENTARITY
5.6-4A,5.4.2-3,0.5081,COMPLEMENTARITY
5.5-7,5.1.2-4,0.508,COMPLEMENTARITY
5.5-2,5.4.2-1,0.508,COMPLEMENTARITY
5.3-6A,5.2.2-5,0.508,COMPLEMENTARITY
5.3-9,5.1.2-6,0.508,COMPLEMENTARITY
5.7-2,5.1.2-1,0.508,COMPLEMENTARITY
5.1-2A,5.4.1-1,0.5079,COMPLEMENTARITY
5.3-12,5.2.2-6,0.5078,COMPLEMENTARITY
5.3-13,5.2.3-2.1,0.5078,COMPLEMENTARITY
5.9-2,5.3.1-2,0.5078,COMPLEMENTARITY
5.5-2,5.1.3-1.3,0.5078,COMPLEMENTARITY
5.6-3,5.1.2-2,0.5077,COMPLEMENTARITY
5.2-2,5.2.1-4,0.5077,COMPLEMENTARITY
5.3-15B,5.3.1-1,0.5077,COMPLEMENTARITY
5.1-1,5.1.3-4,0.5077,COMPLEMENTARITY
5.1-5,5.4.1-1,0.5076,COMPLEMENTARITY
5.7-2,5.3.1-2.1,0.5075,COMPLEMENTARITY
5.6-1,5.4.1-1,0.5075,COMPLEMENTARITY
5.1-4,5.1.3-1.3,0.5075,COMPLEMENTARITY
5.1-3,5.2.3-4,0.5075,COMPLEMENTARITY
5.8-3,5.1.3-1.1,0.5075,COMPLEMENTARITY
5.6-1,5.2.3-2.2,0.5075,COMPLEMENTARITY
5.4-3,5.1.4-5,0.5074,COMPLEMENTARITY
5.3-2,5.1.2-3,0.5074,COMPLEMENTARITY
5.5-1,5.5.1-2,0.5074,COMPLEMENTARITY
5.8-3,5.4.2-2,0.5073,COMPLEMENTARITY
5.12-2,5.2.4-2.1,0.5073,COMPLEMENTARITY
5.3-15A,5.4.2-2,0.5072,COMPLEMENTARITY
5.2-2,5.2.3-3,0.5072,COMPLEMENTARITY
5.6-5,5.3.1-1,0.5072,COMPLEMENTARITY
5.5-1,5.4.2-2,0.5072,COMPLEMENTARITY
5.4-1,5.1.1-1,0.5072,COMPLEMENTARITY
5.3-9,5.4.2-1,0.5071,COMPLEMENTARITY
5.5-6,5.1.4-2,0.507,COMPLEMENTARITY
5.6-4A,5.1.1-2,0.507,COMPLEMENTARITY
5.6-5,5.1.3-3,0.507,COMPLEMENTARITY
5.9-2,5.2.5-2,0.507,COMPLEMENTARITY
5.1-2,5.1.1-1,0.5069,COMPLEMENTARITY
5.3-4B,5.2.2-1,0.5069,COMPLEMENTARITY
5.5-2,5.1.1-1,0.5069,COMPLEMENTARITY
5.1-4,5.2.3-3,0.5069,COMPLEMENTARITY
5.1-1,5.1.1-2.2,0.5068,COMPLEMENTARITY
5.3-5,5.2.2-3,0.5068,COMPLEMENTARITY
5.3-9,5.1.3-3,0.5068,COMPLEMENTARITY
5.3-1,5.3.1-2,0.5068,COMPLEMENTARITY
5.6-2,5.2.5-1,0.5068,COMPLEMENTARITY
5.1-2,5.2.3-1,0.5067,COMPLEMENTARITY
5.4-4,5.1.4-2,0.5067,COMPLEMENTARITY
5.3-7,5.1.1-1.1,0.5066,COMPLEMENTARITY
5.3-15B,5.2.1-2,0.5066,COMPLEMENTARITY
5.5-4,5.5.1-2,0.5066,COMPLEMENTARITY
5.6-4A,5.1.2-1.1,0.5065,COMPLEMENTARITY
5.5-5,5.1.2-3,0.5065,COMPLEMENTARITY
5.3-7,5.1.4-2,0.5065,COMPLEMENTARITY
5.5-1,5.2.3-1,0.5065,COMPLEMENTARITY
5.3-11,5.2.2-3,0.5065,COMPLEMENTARITY
5.5-3,5.2.5-2,0.5064,COMPLEMENTARITY
5.3-12,5.1.2-6,0.5064,COMPLEMENTARITY
5.3-7,5.2.5-4.1,0.5064,COMPLEMENTARITY
5.3-16,5.1.2-1,0.5064,COMPLEMENTARITY
5.1-4,5.1.2-1,0.5063,COMPLEMENTARITY
5.5-4,5.2.1-4,0.5063,COMPLEMENTARITY
5.1-5,5.3.1-2,0.5063,COMPLEMENTARITY
5.3-1,5.1.2-1.1,0.5063,COMPLEMENTARITY
5.3-15B,5.2.1-4.2,0.5062,COMPLEMENTARITY
5.1-5,5.1.3-1.3,0.5061,COMPLEMENTARITY
5.3-15B,5.2.2-4,0.5061,COMPLEMENTARITY
5.1-5,5.4.2-1,0.5061,COMPLEMENTARITY
5.5-5,5.2.1-3.1,0.5061,COMPLEMENTARITY
5.9-3,5.2.5-4.1,0.5061,COMPLEMENTARITY
5.11-1,5.2.4-3,0.5061,COMPLEMENTARITY
5.8-3,5.2.5-2.1,0.5061,COMPLEMENTARITY
5.12-2,5.2.2-1,0.506,COMPLEMENTARITY
5.1-2A,5.1.2-5,0.506,COMPLEMENTARITY
5.4-2,5.3.1-2,0.5059,COMPLEMENTARITY
5.1-1,5.3.1-2,0.5059,COMPLEMENTARITY
5.8-2,5.1.4-1,0.5059,COMPLEMENTARITY
5.5-3,5.2.3-2.2,0.5058,COMPLEMENTARITY
5.5-8,5.2.5-4.1,0.5058,COMPLEMENTARITY
5.11-3,5.4.2-3,0.5058,COMPLEMENTARITY
5.5-1,5.3.1-2.2,0.5057,COMPLEMENTARITY
5.12-3,5.2.3-4,0.5057,COMPLEMENTARITY
5.3-13,5.4.2-2,0.5056,COMPLEMENTARITY
5.11-3,5.2.4-1.2,0.5056,COMPLEMENTARITY
5.3-16,5.2.5-4.1,0.5056,COMPLEMENTARITY
5.3-15B,5.1.1-2,0.5055,COMPLEMENTARITY
5.4-1,5.1.2-7,0.5055,COMPLEMENTARITY
5.9-1,5.5.1-1,0.5054,COMPLEMENTARITY
5.3-16,5.2.3-2.2,0.5053,COMPLEMENTARITY
5.8-2,5.1.1-1,0.5053,COMPLEMENTARITY
5.6-2,5.2.5-2.1,0.5053,COMPLEMENTARITY
5.6-1,5.1.3-1,0.5052,COMPLEMENTARITY
5.3-9,5.2.1-1,0.505,COMPLEMENTARITY
5.4-1,5.2.1-3,0.505,COMPLEMENTARITY
5.6-1,5.4.2-3,0.505,COMPLEMENTARITY
5.5-5,5.2.2-6,0.505,COMPLEMENTARITY
5.9-2,5.5.1-2,0.505,COMPLEMENTARITY
5.11-1,5.4.1-1,0.5049,COMPLEMENTARITY
5.1-3,5.2.2-4,0.5048,COMPLEMENTARITY
5.3-12,5.1.1-2,0.5048,COMPLEMENTARITY
5.3-14,5.2.1-4,0.5048,COMPLEMENTARITY
5.8-2,5.1.3-1.3,0.5048,COMPLEMENTARITY
5.3-13,5.2.3-1,0.5048,COMPLEMENTARITY
5.5-3,5.1.1-1.1,0.5047,COMPLEMENTARITY
5.6-8,5.2.4-2.1,0.5047,COMPLEMENTARITY
5.6-3,5.3.1-2.1,0.5047,COMPLEMENTARITY
5.4-1,5.1.2-3,0.5047,COMPLEMENTARITY
5.3-15A,5.3.1-2.1,0.5046,COMPLEMENTARITY
5.3-9,5.2.5-4,0.5046,COMPLEMENTARITY
5.6-3,5.1.2-1,0.5046,COMPLEMENTARITY
5.3-12,5.3.1-2.1,0.5046,COMPLEMENTARITY
5.3-4A,5.2.5-4,0.5046,COMPLEMENTARITY
5.7-1,5.1.1-2.2,0.5045,COMPLEMENTARITY
5.5-2,5.5.1-2,0.5045,COMPLEMENTARITY
5.3-14,5.1.1-2.2,0.5044,COMPLEMENTARITY
5.11-2,5.2.5-1,0.5043,COMPLEMENTARITY
5.3-4B,5.2.5-3,0.5043,COMPLEMENTARITY
5.3-15A,5.2.3-2.2,0.5043,COMPLEMENTARITY
5.3-4B,5.1.2-1.1,0.5042,COMPLEMENTARITY
5.3-7,5.4.1-3,0.5042,COMPLEMENTARITY
5.11-2,5.4.1-2,0.5042,COMPLEMENTARITY
5.5-7,5.2.2-1,0.5042,COMPLEMENTARITY
5.3-12,5.2.4-1.1,0.5042,COMPLEMENTARITY
5.2-3,5.2.5-4,0.5042,COMPLEMENTARITY
5.3-6B,5.4.2-3,0.5041,COMPLEMENTARITY
5.11-2,5.2.1-3,0.5041,COMPLEMENTARITY
5.7-2,5.2.2-5,0.504,COMPLEMENTARITY
5.3-7,5.3.1-2,0.504,COMPLEMENTARITY
5.1-2A,5.3.1-2,0.504,COMPLEMENTARITY
5.1-3,5.2.4-1,0.504,COMPLEMENTARITY
5.3-14,5.1.2-5,0.504,COMPLEMENTARITY
5.11-2,5.4.2-2,0.5039,COMPLEMENTARITY
5.4-2,5.3.1-2.2,0.5039,COMPLEMENTARITY
5.9-2,5.1.2-4,0.5039,COMPLEMENTARITY
5.1-4,5.1.4-1,0.5038,COMPLEMENTARITY
5.9-2,5.1.1-2,0.5038,COMPLEMENTARITY
5.5-2,5.1.1-2,0.5038,COMPLEMENTARITY
5.6-2,5.2.1-1,0.5038,COMPLEMENTARITY
5.3-16,5.2.5-1,0.5038,COMPLEMENTARITY
5.1-2,5.2.2-4,0.5038,COMPLEMENTARITY
5.3-15B,5.1.4-2,0.5037,COMPLEMENTARITY
5.12-1,5.2.3-2.2,0.5037,COMPLEMENTARITY
5.3-16,5.2.2-4,0.5036,COMPLEMENTARITY
5.5-5,5.5.1-2,0.5036,COMPLEMENTARITY
5.12-3,5.2.5-2,0.5035,COMPLEMENTARITY
5.5-3,5.1.4-3,0.5035,COMPLEMENTARITY
5.6-8,5.4.2-1,0.5034,COMPLEMENTARITY
5.3-3,5.2.2-6,0.5034,COMPLEMENTARITY
5.3-6A,5.2.1-3,0.5034,COMPLEMENTARITY
5.12-3,5.3.1-2.1,0.5033,COMPLEMENTARITY
5.4-3,5.2.3-2.2,0.5033,COMPLEMENTARITY
5.1-5,5.2.3-4,0.5033,COMPLEMENTARITY
5.12-2,5.2.1-3,0.5033,COMPLEMENTARITY
5.5-1,5.4.2-3,0.5032,COMPLEMENTARITY
5.11-1,5.2.2-6,0.5032,COMPLEMENTARITY
5.3-12,5.2.4-1.2,0.5032,COMPLEMENTARITY
5.9-2,5.2.3-4,0.5032,COMPLEMENTARITY
5.1-2,5.2.1-1,0.5032,COMPLEMENTARITY
5.3-9,5.5.1-2,0.5032,COMPLEMENTARITY
5.7-1,5.3.1-2,0.5031,COMPLEMENTARITY
5.11-3,5.1.3-1,0.5031,COMPLEMENTARITY
5.4-4,5.2.4-2,0.5031,COMPLEMENTARITY
5.3-4B,5.2.1-4.2,0.503,COMPLEMENTARITY
5.6-5,5.2.3-4,0.503,COMPLEMENTARITY
5.6-8,5.1.4-1,0.503,COMPLEMENTARITY
5.6-4A,5.2.4-2,0.503,COMPLEMENTARITY
5.3-1,5.1.4-3,0.503,COMPLEMENTARITY
5.6-8,5.1.1-2.1,0.503,COMPLEMENTARITY
5.5-4,5.2.3-2.2,0.503,COMPLEMENTARITY
5.5-5,5.2.3-2.1,0.5029,COMPLEMENTARITY
5.9-2,5.1.1-2.1,0.5029,COMPLEMENTARITY
5.3-6A,5.3.1-2.1,0.5029,COMPLEMENTARITY
5.11-3,5.1.3-2,0.5029,COMPLEMENTARITY
5.3-6B,5.2.4-1.2,0.5029,COMPLEMENTARITY
5.12-3,5.3.1-2,0.5028,COMPLEMENTARITY
5.2-2,5.1.2-6,0.5028,COMPLEMENTARITY
5.3-8,5.2.4-2.1,0.5028,COMPLEMENTARITY
5.3-9,5.1.2-1.1,0.5028,COMPLEMENTARITY
5.5-7,5.3.1-2.2,0.5027,COMPLEMENTARITY
5.5-3,5.1.3-1.3,0.5027,COMPLEMENTARITY
5.11-2,5.2.3-2,0.5026,COMPLEMENTARITY
5.11-2,5.2.3-3,0.5026,COMPLEMENTARITY
5.6-5,5.2.4-1,0.5026,COMPLEMENTARITY
5.5-1,5.3.1-2,0.5026,COMPLEMENTARITY
5.9-3,5.2.4-3,0.5025,COMPLEMENTARITY
5.12-1,5.2.3-2,0.5023,COMPLEMENTARITY
5.6-3,5.4.1-1.1,0.5022,COMPLEMENTARITY
5.3-12,5.2.1-2,0.5021,COMPLEMENTARITY
5.8-3,5.2.3-3,0.5021,COMPLEMENTARITY
5.3-13,5.2.1-4.2,0.502,COMPLEMENTARITY
5.3-2,5.1.1-1,0.502,COMPLEMENTARITY
5.3-6B,5.2.3-2.1,0.502,COMPLEMENTARITY
5.11-2,5.2.2-1,0.5019,COMPLEMENTARITY
5.3-14,5.2.5-2.1,0.5019,COMPLEMENTARITY
5.5-3,5.2.2-6,0.5019,COMPLEMENTARITY
5.6-3,5.1.2-7,0.5019,COMPLEMENTARITY
5.6-5,5.1.2-2,0.5018,COMPLEMENTARITY
5.3-4B,5.1.4-3,0.5017,COMPLEMENTARITY
5.6-2,5.4.1-1.1,0.5017,COMPLEMENTARITY
5.5-3,5.1.2-1,0.5017,COMPLEMENTARITY
5.12-3,5.1.4-1,0.5017,COMPLEMENTARITY
5.3-15A,5.3.1-2,0.5017,COMPLEMENTARITY
5.7-1,5.4.2-1,0.5017,COMPLEMENTARITY
5.11-4,5.1.2-1,0.5016,COMPLEMENTARITY
5.3-2,5.1.2-5.1,0.5016,COMPLEMENTARITY
5.8-1,5.2.4-2,0.5016,COMPLEMENTARITY
5.5-4,5.2.5-1,0.5015,COMPLEMENTARITY
5.6-3,5.2.1-3.1,0.5015,COMPLEMENTARITY
5.6-5,5.2.2-4,0.5015,COMPLEMENTARITY
5.9-1,5.5.1-2,0.5015,COMPLEMENTARITY
5.5-5,5.2.1-2,0.5015,COMPLEMENTARITY
5.12-1,5.2.4-1.2,0.5015,COMPLEMENTARITY
5.5-4,5.2.5-2,0.5014,COMPLEMENTARITY
5.7-1,5.2.5-2.1,0.5014,COMPLEMENTARITY
5.3-12,5.2.5-3,0.5014,COMPLEMENTARITY
5.12-1,5.1.1-2.1,0.5013,COMPLEMENTARITY
5.3-12,5.1.4-2,0.5012,COMPLEMENTARITY
5.6-1,5.1.2-1,0.5011,COMPLEMENTARITY
5.11-3,5.4.1-2,0.5011,COMPLEMENTARITY
5.4-3,5.2.2-6,0.501,COMPLEMENTARITY
5.5-7,5.1.2-1,0.501,COMPLEMENTARITY
5.6-6,5.1.1-1.1,0.501,COMPLEMENTARITY
5.5-4,5.3.1-3,0.501,COMPLEMENTARITY
5.3-3,5.1.4-2,0.5009,COMPLEMENTARITY
5.4-2,5.2.5-3,0.5008,COMPLEMENTARITY
5.8-1,5.2.5-2,0.5008,COMPLEMENTARITY
5.11-2,5.1.2-4,0.5008,COMPLEMENTARITY
5.3-2,5.2.1-3,0.5008,COMPLEMENTARITY
5.4-2,5.2.5-2,0.5008,COMPLEMENTARITY
5.3-12,5.2.3-2.1,0.5006,COMPLEMENTARITY
5.6-4A,5.1.2-1,0.5005,COMPLEMENTARITY
5.5-4,5.4.2-4,0.5005,COMPLEMENTARITY
5.3-14,5.1.1-1,0.5005,COMPLEMENTARITY
5.6-4A,5.2.3-2,0.5005,COMPLEMENTARITY
5.6-5,5.4.2-4,0.5005,COMPLEMENTARITY
5.4-3,5.2.3-1,0.5005,COMPLEMENTARITY
5.6-8,5.2.4-1.1,0.5004,COMPLEMENTARITY
5.3-12,5.1.4-4,0.5004,COMPLEMENTARITY
5.5-7,5.2.4-2.1,0.5004,COMPLEMENTARITY
5.3-1,5.2.2-5,0.5003,COMPLEMENTARITY
5.7-2,5.2.5-3,0.5003,COMPLEMENTARITY
5.3-15A,5.2.2-5,0.5002,COMPLEMENTARITY
5.3-10,5.2.2-3,0.5002,COMPLEMENTARITY
5.1-5,5.2.4-2,0.5001,COMPLEMENTARITY
5.3-6A,5.1.4-3,0.5001,COMPLEMENTARITY
5.3-8,5.1.2-2,0.5001,COMPLEMENTARITY
5.3-15B,5.2.2-5,0.5,NO_RELATION
5.9-1,5.2.2-4,0.5,COMPLEMENTARITY
5.3-6A,5.2.5-1,0.4999,NO_RELATION
5.3-2,5.2.5-3,0.4999,NO_RELATION
5.4-3,5.2.2-4,0.4999,NO_RELATION
5.8-3,5.5.1-1,0.4999,NO_RELATION
5.11-3,5.1.4-2,0.4999,NO_RELATION
5.3-16,5.1.2-4,0.4998,NO_RELATION
5.3-16,5.2.2-6,0.4998,NO_RELATION
5.1-4,5.2.3-1,0.4997,NO_RELATION
5.3-12,5.1.3-3,0.4997,NO_RELATION
5.3-6B,5.1.2-7,0.4997,NO_RELATION
5.4-2,5.1.3-1.3,0.4997,NO_RELATION
5.9-1,5.1.2-1.1,0.4996,NO_RELATION
5.3-15B,5.1.2-5,0.4996,NO_RELATION
5.6-3,5.2.3-2.1,0.4995,NO_RELATION
5.2-1,5.2.2-6,0.4995,NO_RELATION
5.3-6B,5.5.1-2,0.4994,NO_RELATION
5.6-4A,5.2.2-4,0.4994,NO_RELATION
5.5-4,5.2.2-4,0.4994,NO_RELATION
5.5-7,5.2.3-4,0.4993,NO_RELATION
5.12-3,5.2.5-4,0.4993,NO_RELATION
5.3-13,5.4.2-1,0.4992,NO_RELATION
5.9-1,5.1.3-1,0.4991,NO_RELATION
5.2-1,5.2.3-1,0.4991,NO_RELATION
5.3-13,5.1.3-3,0.4991,NO_RELATION
5.3-16,5.1.2-2,0.4991,NO_RELATION
5.12-3,5.1.1-1,0.4991,NO_RELATION
5.1-2A,5.2.2-2,0.499,NO_RELATION
5.6-2,5.2.5-4.1,0.499,NO_RELATION
5.6-4A,5.1.2-2,0.499,NO_RELATION
5.11-2,5.1.2-5.1,0.4989,NO_RELATION
5.12-3,5.2.4-2.1,0.4988,NO_RELATION
5.1-1,5.2.1-3.1,0.4988,NO_RELATION
5.5-4,5.2.4-3,0.4988,NO_RELATION
5.3-16,5.2.4-2,0.4988,NO_RELATION
5.6-5,5.1.3-1.3,0.4988,NO_RELATION
5.11-4,5.1.3-2,0.4987,NO_RELATION
5.3-1,5.1.2-3,0.4987,NO_RELATION
5.2-3,5.2.3-2.2,0.4987,NO_RELATION
5.5-2,5.2.1-1,0.4986,NO_RELATION
5.6-4A,5.2.5-2.1,0.4986,NO_RELATION
5.1-1,5.4.2-1,0.4986,NO_RELATION
5.6-1,5.2.1-2,0.4985,NO_RELATION
5.12-3,5.1.4-5,0.4985,NO_RELATION
5.3-9,5.1.1-1,0.4985,NO_RELATION
5.1-1,5.4.2-4,0.4985,NO_RELATION
5.3-6B,5.1.1-2,0.4985,NO_RELATION
5.11-2,5.3.1-2,0.4984,NO_RELATION
5.3-6B,5.2.3-2,0.4983,NO_RELATION
5.6-4A,5.2.5-4,0.4983,NO_RELATION
5.1-3,5.4.1-2,0.4982,NO_RELATION
5.3-15B,5.1.2-1.1,0.4982,NO_RELATION
5.4-3,5.2.2-1,0.4981,NO_RELATION
5.3-7,5.1.3-1.3,0.4981,NO_RELATION
5.1-4,5.2.5-4.1,0.4981,NO_RELATION
5.11-1,5.1.4-1,0.4981,NO_RELATION
5.6-1,5.2.1-3.1,0.4981,NO_RELATION
5.3-16,5.2.3-2.1,0.4981,NO_RELATION
5.7-1,5.2.3-2,0.498,NO_RELATION
5.3-3,5.1.2-6,0.498,NO_RELATION
5.3-4B,5.2.5-4,0.498,NO_RELATION
5.11-3,5.2.1-3,0.4979,NO_RELATION
5.4-2,5.2.5-4.1,0.4979,NO_RELATION
5.2-2,5.1.1-1,0.4978,NO_RELATION
5.4-3,5.1.1-2.1,0.4978,NO_RELATION
5.5-4,5.2.1-2,0.4978,NO_RELATION
5.3-2,5.2.2-5,0.4977,NO_RELATION
5.5-2,5.2.3-2.2,0.4976,NO_RELATION
5.6-8,5.2.3-4,0.4976,NO_RELATION
5.6-9,5.2.3-2.2,0.4975,NO_RELATION
5.6-8,5.2.3-1,0.4974,NO_RELATION
5.5-3,5.2.1-1,0.4974,NO_RELATION
5.5-4,5.1.2-7,0.4974,NO_RELATION
5.1-4,5.1.4-3,0.4974,NO_RELATION
5.8-3,5.1.4-3,0.4973,NO_RELATION
5.5-7,5.1.2-2,0.4973,NO_RELATION
5.6-8,5.2.5-1,0.4973,NO_RELATION
5.3-7,5.2.2-3,0.4972,NO_RELATION
5.13-1A,5.1.1-2.1,0.497,NO_RELATION
5.4-3,5.1.1-2,0.4969,NO_RELATION
5.12-3,5.2.3-2.2,0.4969,NO_RELATION
5.12-1,5.2.5-4,0.4968,NO_RELATION
5.7-1,5.1.2-2,0.4968,NO_RELATION
5.1-1,5.2.3-2,0.4968,NO_RELATION
5.11-3,5.4.1-1.1,0.4967,NO_RELATION
5.9-1,5.2.5-2,0.4966,NO_RELATION
5.4-3,5.2.5-1,0.4966,NO_RELATION
5.3-16,5.1.2-6,0.4966,NO_RELATION
5.5-1,5.2.4-2.1,0.4966,NO_RELATION
5.5-5,5.2.4-1,0.4966,NO_RELATION
5.9-2,5.2.4-1.2,0.4965,NO_RELATION
5.5-4,5.4.1-1,0.4965,NO_RELATION
5.11-1,5.2.3-1,0.4965,NO_RELATION
5.1-3,5.1.4-1,0.4965,NO_RELATION
5.9-2,5.2.2-3,0.4964,NO_RELATION
5.1-1,5.1.1-2.1,0.4964,NO_RELATION
5.5-4,5.2.3-2.1,0.4964,NO_RELATION
5.9-2,5.2.5-2.1,0.4964,NO_RELATION
5.1-2A,5.1.2-6,0.4963,NO_RELATION
5.5-7,5.2.4-2,0.4963,NO_RELATION
5.2-1,5.3.1-2,0.4963,NO_RELATION
5.3-16,5.5.1-2,0.4962,NO_RELATION
5.7-1,5.1.4-3,0.4962,NO_RELATION
5.5-7,5.4.2-4,0.4961,NO_RELATION
5.1-2,5.2.4-2.1,0.4961,NO_RELATION
5.3-6B,5.1.4-4,0.4961,NO_RELATION
5.5-7,5.2.3-2,0.496,NO_RELATION
5.11-3,5.2.2-2,0.496,NO_RELATION
5.5-3,5.1.2-1.1,0.496,NO_RELATION
5.1-3,5.1.2-7,0.496,NO_RELATION
5.3-6B,5.2.1-4,0.4959,NO_RELATION
5.5-4,5.2.3-2,0.4958,NO_RELATION
5.6-4A,5.1.3-1.1,0.4958,NO_RELATION
5.11-3,5.2.2-5,0.4958,NO_RELATION
5.3-15B,5.2.2-3,0.4958,NO_RELATION
5.5-3,5.4.2-1,0.4958,NO_RELATION
5.6-4A,5.2.5-4.1,0.4957,NO_RELATION
5.5-1,5.2.2-4,0.4957,NO_RELATION
5.9-3,5.2.3-2,0.4957,NO_RELATION
5.6-5,5.2.2-3,0.4957,NO_RELATION
5.3-8,5.1.4-1,0.4957,NO_RELATION
5.6-3,5.2.3-4,0.4957,NO_RELATION
5.6-2,5.2.2-1,0.4957,NO_RELATION
5.6-3,5.1.2-3,0.4957,NO_RELATION
5.11-1,5.2.5-2,0.4956,NO_RELATION
5.3-6B,5.2.5-4,0.4956,NO_RELATION
5.9-3,5.1.1-2.2,0.4956,NO_RELATION
5.3-2,5.2.5-2.1,0.4956,NO_RELATION
5.5-4,5.3.1-2,0.4956,NO_RELATION
5.3-8,5.1.4-5,0.4955,NO_RELATION
5.4-3,5.2.5-2.1,0.4955,NO_RELATION
5.3-3,5.1.2-4,0.4955,NO_RELATION
5.11-2,5.4.1-3,0.4954,NO_RELATION
5.0-1,5.2.5-2.1,0.4954,NO_RELATION
5.1-5,5.2.5-1,0.4954,NO_RELATION
5.3-14,5.1.4-3,0.4953,NO_RELATION
5.1-2,5.1.2-7,0.4953,NO_RELATION
5.3-3,5.2.5-1,0.4952,NO_RELATION
5.6-6,5.2.2-5,0.4952,NO_RELATION
5.3-13,5.2.5-4,0.4952,NO_RELATION
5.6-5,5.2.1-2,0.4952,NO_RELATION
5.11-2,5.1.3-4,0.4951,NO_RELATION
5.2-2,5.2.5-3,0.4951,NO_RELATION
5.6-5,5.1.2-1,0.495,NO_RELATION
5.6-4A,5.4.2-2,0.495,NO_RELATION
5.6-3,5.1.1-2,0.4949,NO_RELATION
5.5-4,5.3.1-2.2,0.4949,NO_RELATION
5.1-2A,5.2.3-2,0.4948,NO_RELATION
5.9-2,5.1.3-2,0.4948,NO_RELATION
5.6-4A,5.2.3-4,0.4948,NO_RELATION
5.2-2,5.2.5-2.1,0.4947,NO_RELATION
5.4-4,5.2.3-2.2,0.4946,NO_RELATION
5.5-6,5.3.1-1,0.4945,NO_RELATION
5.8-3,5.1.3-1.2,0.4945,NO_RELATION
5.6-8,5.2.1-4.2,0.4944,NO_RELATION
5.1-1,5.2.2-6,0.4944,NO_RELATION
5.12-3,5.5.1-2,0.4944,NO_RELATION
5.5-3,5.3.1-2,0.4943,NO_RELATION
5.1-4,5.1.1-2.2,0.4943,NO_RELATION
5.9-1,5.1.4-3,0.4942,NO_RELATION
5.3-9,5.1.2-5.1,0.4942,NO_RELATION
5.3-3,5.2.4-1.1,0.4942,NO_RELATION
5.6-5,5.3.1-3,0.4941,NO_RELATION
5.5-7,5.3.1-2,0.4941,NO_RELATION
5.3-10,5.1.3-1.3,0.494,NO_RELATION
5.6-5,5.1.2-1.1,0.494,NO_RELATION
5.6-4A,5.4.2-1,0.494,NO_RELATION
5.4-3,5.2.1-3.1,0.494,NO_RELATION
5.4-1,5.1.3-1,0.494,NO_RELATION
5.3-6B,5.2.5-1,0.494,NO_RELATION
5.1-2,5.3.1-2.1,0.494,NO_RELATION
5.6-4A,5.5.1-2,0.494,NO_RELATION
5.3-9,5.2.3-2.1,0.4939,NO_RELATION
5.6-4A,5.2.3-2.2,0.4938,NO_RELATION
5.3-13,5.2.1-4,0.4937,NO_RELATION
5.11-3,5.3.1-2,0.4937,NO_RELATION
5.5-8,5.2.3-2.2,0.4936,NO_RELATION
5.8-1,5.1.4-2,0.4936,NO_RELATION
5.3-5,5.1.1-1.1,0.4936,NO_RELATION
5.6-5,5.4.2-3,0.4935,NO_RELATION
5.6-2,5.2.1-4.2,0.4935,NO_RELATION
5.9-1,5.2.4-3,0.4935,NO_RELATION
5.3-6B,5.1.3-1.1,0.4934,NO_RELATION
5.3-15B,5.1.3-1.1,0.4934,NO_RELATION
5.3-9,5.1.4-5,0.4933,NO_RELATION
5.3-15B,5.3.1-2,0.4933,NO_RELATION
5.4-3,5.1.2-1,0.4933,NO_RELATION
5.5-4,5.2.5-2.1,0.4932,NO_RELATION
5.9-2,5.2.3-2,0.4932,NO_RELATION
5.1-1,5.1.3-3,0.4932,NO_RELATION
5.11-1,5.1.2-3,0.4931,NO_RELATION
5.5-5,5.4.1-3,0.4931,NO_RELATION
5.9-2,5.1.2-1.1,0.493,NO_RELATION
5.11-2,5.1.1-2.1,0.493,NO_RELATION
5.6-3,5.2.1-2,0.493,NO_RELATION
5.8-3,5.5.1-2,0.4929,NO_RELATION
5.3-6A,5.4.2-1,0.4929,NO_RELATION
5.11-1,5.2.5-2.1,0.4929,NO_RELATION
5.5-2,5.1.2-5.1,0.4928,NO_RELATION
5.11-1,5.2.1-3,0.4928,NO_RELATION
5.4-1,5.4.1-2,0.4928,NO_RELATION
5.3-12,5.5.1-2,0.4927,NO_RELATION
5.5-5,5.2.4-2,0.4927,NO_RELATION
5.5-1,5.1.2-7,0.4927,NO_RELATION
5.3-6B,5.2.3-3,0.4927,NO_RELATION
5.8-1,5.3.1-2,0.4927,NO_RELATION
5.5-3,5.2.4-2.1,0.4926,NO_RELATION
5.11-2,5.1.4-3,0.4926,NO_RELATION
5.3-4B,5.1.4-1,0.4926,NO_RELATION
5.3-16,5.4.1-3,0.4924,NO_RELATION
5.6-8,5.3.1-2.1,0.4924,NO_RELATION
5.5-3,5.4.1-3,0.4923,NO_RELATION
5.5-3,5.3.1-2.1,0.4923,NO_RELATION
5.11-4,5.1.3-3,0.4923,NO_RELATION
5.5-1,5.4.2-1,0.4923,NO_RELATION
5.11-3,5.1.2-6,0.4923,NO_RELATION
5.9-1,5.2.4-1.2,0.4922,NO_RELATION
5.7-2,5.2.5-2,0.4922,NO_RELATION
5.6-4A,5.1.2-5,0.4921,NO_RELATION
5.5-3,5.1.1-2.1,0.4921,NO_RELATION
5.11-4,5.2.2-1,0.492,NO_RELATION
5.3-15A,5.1.1-2.2,0.492,NO_RELATION
5.1-1,5.1.4-4,0.492,NO_RELATION
5.8-3,5.2.2-5,0.492,NO_RELATION
5.4-1,5.1.4-3,0.4919,NO_RELATION
5.9-2,5.2.5-4.1,0.4919,NO_RELATION
5.11-3,5.2.5-2.1,0.4919,NO_RELATION
5.3-12,5.1.2-2,0.4919,NO_RELATION
5.1-2A,5.2.3-2.2,0.4918,NO_RELATION
5.6-3,5.2.4-1,0.4918,NO_RELATION
5.9-1,5.1.1-1,0.4917,NO_RELATION
5.6-5,5.1.4-2,0.4916,NO_RELATION
5.3-16,5.4.2-3,0.4915,NO_RELATION
5.12-2,5.1.1-1.1,0.4915,NO_RELATION
5.5-5,5.1.2-2,0.4914,NO_RELATION
5.7-2,5.1.1-1,0.4914,NO_RELATION
5.8-2,5.2.5-2,0.4914,NO_RELATION
5.5-7,5.2.3-1,0.4914,NO_RELATION
5.3-14,5.2.2-1,0.4913,NO_RELATION
5.3-6B,5.1.2-3,0.4912,NO_RELATION
5.3-15B,5.2.1-4,0.4912,NO_RELATION
5.1-4,5.2.5-3,0.4912,NO_RELATION
5.4-4,5.2.4-2.1,0.4911,NO_RELATION
5.1-3,5.2.5-2,0.4911,NO_RELATION
5.3-2,5.1.4-2,0.4911,NO_RELATION
5.4-1,5.1.1-2.1,0.491,NO_RELATION
5.4-1,5.1.1-1.1,0.491,NO_RELATION
5.11-4,5.2.2-5,0.491,NO_RELATION
5.6-4B,5.2.1-3,0.4909,NO_RELATION
5.6-3,5.4.2-1,0.4909,NO_RELATION
5.8-2,5.2.4-2,0.4909,NO_RELATION
5.2-2,5.1.2-1.1,0.4908,NO_RELATION
5.7-2,5.2.2-4,0.4908,NO_RELATION
5.2-2,5.2.3-2,0.4908,NO_RELATION
5.1-2,5.1.2-1.1,0.4908,NO_RELATION
5.7-1,5.2.3-1,0.4907,NO_RELATION
5.6-4A,5.4.1-3,0.4907,NO_RELATION
5.1-5,5.1.1-2.1,0.4906,NO_RELATION
5.3-3,5.2.1-2,0.4906,NO_RELATION
5.6-4B,5.2.4-2,0.4905,NO_RELATION
5.11-2,5.2.2-5,0.4904,NO_RELATION
5.5-8,5.4.1-3,0.4904,NO_RELATION
5.3-16,5.1.4-1,0.4904,NO_RELATION
5.7-1,5.2.2-6,0.4903,NO_RELATION
5.9-2,5.2.2-1,0.4902,NO_RELATION
5.5-7,5.2.3-2.2,0.4901,NO_RELATION
5.11-1,5.2.2-5,0.4901,NO_RELATION
5.9-2,5.1.4-2,0.4901,NO_RELATION
5.5-7,5.4.2-3,0.49,NO_RELATION
5.1-1,5.2.1-1,0.49,NO_RELATION
5.5-7,5.2.5-1,0.49,NO_RELATION
5.2-2,5.2.2-6,0.4898,NO_RELATION
5.1-1,5.1.2-1,0.4898,NO_RELATION
5.11-3,5.1.2-5.1,0.4898,NO_RELATION
5.8-3,5.4.1-2,0.4898,NO_RELATION
5.3-6B,5.1.2-1,0.4897,NO_RELATION
5.11-2,5.3.1-2.1,0.4897,NO_RELATION
5.3-3,5.3.1-2.1,0.4897,NO_RELATION
5.1-1,5.1.2-4,0.4896,NO_RELATION
5.5-5,5.1.3-1.3,0.4896,NO_RELATION
5.11-3,5.1.1-1.1,0.4896,NO_RELATION
5.3-15A,5.1.1-1,0.4896,NO_RELATION
5.3-6B,5.4.2-2,0.4896,NO_RELATION
5.7-2,5.2.1-1,0.4895,NO_RELATION
5.3-9,5.1.3-1.1,0.4895,NO_RELATION
5.4-1,5.1.2-1,0.4894,NO_RELATION
5.11-4,5.4.1-1.1,0.4894,NO_RELATION
5.3-14,5.2.2-5,0.4894,NO_RELATION
5.5-2,5.2.4-2.1,0.4893,NO_RELATION
5.5-5,5.1.1-2,0.4892,NO_RELATION
5.1-3,5.1.1-1,0.4892,NO_RELATION
5.6-1,5.1.2-3,0.4892,NO_RELATION
5.8-2,5.3.1-2,0.4892,NO_RELATION
5.2-3,5.2.4-2,0.4892,NO_RELATION
5.6-3,5.1.3-1.1,0.4892,NO_RELATION
5.1-4,5.2.5-1,0.4891,NO_RELATION
5.6-5,5.2.1-4.2,0.4891,NO_RELATION
5.6-1,5.1.3-1.1,0.4891,NO_RELATION
5.3-12,5.1.2-1.1,0.4891,NO_RELATION
5.3-6A,5.2.5-3,0.489,NO_RELATION
5.3-12,5.2.5-2,0.489,NO_RELATION
5.7-2,5.1.4-3,0.489,NO_RELATION
5.3-8,5.2.1-3,0.4889,NO_RELATION
5.3-12,5.1.2-5.1,0.4889,NO_RELATION
5.3-3,5.2.2-4,0.4886,NO_RELATION
5.1-1,5.2.1-3,0.4886,NO_RELATION
5.3-14,5.2.4-2.1,0.4884,NO_RELATION
5.2-2,5.1.4-2,0.4884,NO_RELATION
5.3-6A,5.1.1-2.2,0.4884,NO_RELATION
5.8-3,5.1.1-2.2,0.4883,NO_RELATION
5.7-2,5.2.3-1,0.4883,NO_RELATION
5.12-2,5.1.1-1,0.4882,NO_RELATION
5.13-1A,5.1.1-1.1,0.4882,NO_RELATION
5.3-4B,5.2.4-2.1,0.4881,NO_RELATION
5.9-1,5.3.1-1,0.4881,NO_RELATION
5.6-3,5.3.1-2.2,0.4881,NO_RELATION
5.3-8,5.2.3-2.2,0.488,NO_RELATION
5.1-1,5.4.1-1.1,0.488,NO_RELATION
5.5-7,5.2.2-6,0.488,NO_RELATION
5.7-1,5.4.2-3,0.488,NO_RELATION
5.3-12,5.2.4-2.1,0.4879,NO_RELATION
5.3-1,5.1.2-1,0.4878,NO_RELATION
5.3-9,5.1.1-2,0.4878,NO_RELATION
5.6-3,5.1.4-1,0.4877,NO_RELATION
5.1-2A,5.2.1-2,0.4876,NO_RELATION
5.7-1,5.4.2-2,0.4876,NO_RELATION
5.10-1,5.3.1-2,0.4876,NO_RELATION
5.6-2,5.2.5-2,0.4875,NO_RELATION
5.9-2,5.2.3-2.2,0.4875,NO_RELATION
5.1-2A,5.1.1-2.2,0.4875,NO_RELATION
5.0-1,5.1.1-1.1,0.4875,NO_RELATION
5.5-5,5.4.2-2,0.4875,NO_RELATION
5.6-4A,5.2.1-3.1,0.4874,NO_RELATION
5.4-2,5.2.3-2.2,0.4874,NO_RELATION
5.6-2,5.2.1-3,0.4874,NO_RELATION
5.5-5,5.2.3-2.2,0.4874,NO_RELATION
5.10-1,5.2.3-2.2,0.4874,NO_RELATION
5.4-2,5.2.3-4,0.4874,NO_RELATION
5.5-3,5.2.2-5,0.4873,NO_RELATION
5.3-6A,5.2.2-4,0.4873,NO_RELATION
5.5-2,5.2.1-4.2,0.4872,NO_RELATION
5.3-15B,5.4.2-2,0.4872,NO_RELATION
5.5-5,5.1.2-1,0.4872,NO_RELATION
5.6-4A,5.2.4-1.2,0.4872,NO_RELATION
5.1-5,5.3.1-2.2,0.4872,NO_RELATION
5.3-10,5.2.5-4,0.4871,NO_RELATION
5.5-7,5.1.4-4,0.4871,NO_RELATION
5.2-2,5.3.1-2,0.4871,NO_RELATION
5.11-4,5.2.3-2,0.487,NO_RELATION
5.1-2,5.2.5-3,0.487,NO_RELATION
5.6-4A,5.2.4-2.1,0.487,NO_RELATION
5.3-3,5.2.3-2,0.487,NO_RELATION
5.11-3,5.1.2-2,0.4869,NO_RELATION
5.5-1,5.2.5-4.1,0.4868,NO_RELATION
5.6-5,5.4.1-2,0.4868,NO_RELATION
5.6-1,5.1.2-5,0.4868,NO_RELATION
5.3-13,5.1.4-1,0.4867,NO_RELATION
5.4-3,5.1.3-3,0.4867,NO_RELATION
5.7-2,5.1.4-1,0.4867,NO_RELATION
5.9-2,5.1.4-3,0.4866,NO_RELATION
5.6-1,5.4.2-4,0.4866,NO_RELATION
5.7-1,5.1.1-2,0.4866,NO_RELATION
5.11-1,5.3.1-2,0.4865,NO_RELATION
5.4-3,5.2.3-4,0.4864,NO_RELATION
5.3-8,5.1.4-2,0.4864,NO_RELATION
5.5-5,5.2.5-2,0.4864,NO_RELATION
5.4-3,5.1.2-7,0.4863,NO_RELATION
5.7-2,5.2.4-1.1,0.4863,NO_RELATION
5.2-2,5.2.1-4.2,0.4862,NO_RELATION
5.11-1,5.1.1-2,0.4861,NO_RELATION
5.3-6B,5.2.1-2,0.486,NO_RELATION
5.3-5,5.2.4-2.1,0.486,NO_RELATION
5.9-1,5.1.2-7,0.486,NO_RELATION
5.1-5,5.4.1-3,0.4859,NO_RELATION
5.7-1,5.1.3-1,0.4859,NO_RELATION
5.3-15B,5.3.1-2.2,0.4859,NO_RELATION
5.3-6A,5.2.3-2,0.4858,NO_RELATION
5.4-3,5.1.4-2,0.4858,NO_RELATION
5.6-2,5.1.3-1.3,0.4856,NO_RELATION
5.1-5,5.1.2-5.1,0.4855,NO_RELATION
5.9-1,5.4.1-3,0.4854,NO_RELATION
5.8-3,5.1.1-1.1,0.4854,NO_RELATION
5.10-1,5.1.1-1.1,0.4854,NO_RELATION
5.1-2A,5.2.1-3.1,0.4854,NO_RELATION
5.1-4,5.2.4-1,0.4854,NO_RELATION
5.2-2,5.1.4-1,0.4854,NO_RELATION
5.2-2,5.1.1-1.1,0.4853,NO_RELATION
5.5-2,5.2.1-3,0.4853,NO_RELATION
5.4-2,5.2.4-2,0.4853,NO_RELATION
5.3-3,5.1.2-5,0.4853,NO_RELATION
5.3-4B,5.2.5-2.1,0.4853,NO_RELATION
5.1-5,5.1.4-2,0.4853,NO_RELATION
5.6-5,5.2.4-3,0.4852,NO_RELATION
5.11-2,5.1.3-1,0.4851,NO_RELATION
5.4-2,5.3.1-2.1,0.4851,NO_RELATION
5.5-7,5.2.5-4,0.4851,NO_RELATION
5.11-4,5.1.1-1,0.4851,NO_RELATION
5.5-6,5.2.3-3,0.485,NO_RELATION
5.1-3,5.2.1-1,0.485,NO_RELATION
5.3-16,5.2.1-2,0.4849,NO_RELATION
5.1-4,5.4.2-2,0.4849,NO_RELATION
5.3-16,5.2.3-3,0.4849,NO_RELATION
5.7-1,5.1.2-7,0.4846,NO_RELATION
5.5-5,5.1.2-7,0.4845,NO_RELATION
5.5-6,5.2.2-2,0.4844,NO_RELATION
5.9-1,5.2.3-3,0.4844,NO_RELATION
5.1-2,5.4.1-3,0.4843,NO_RELATION
5.3-9,5.1.4-3,0.4843,NO_RELATION
5.6-5,5.2.5-2.1,0.4842,NO_RELATION
5.5-3,5.1.2-5.1,0.4842,NO_RELATION
5.6-5,5.2.5-3,0.4841,NO_RELATION
5.6-3,5.2.3-2.2,0.4841,NO_RELATION
5.11-3,5.1.4-1,0.484,NO_RELATION
5.5-1,5.2.3-2.2,0.484,NO_RELATION
5.12-2,5.2.2-5,0.484,NO_RELATION
5.1-4,5.1.2-3,0.484,NO_RELATION
5.6-8,5.2.2-4,0.4839,NO_RELATION
5.8-1,5.2.5-4.1,0.4839,NO_RELATION
5.9-3,5.1.1-1.1,0.4838,NO_RELATION
5.3-6A,5.2.3-2.2,0.4837,NO_RELATION
5.6-4B,5.1.3-1.1,0.4836,NO_RELATION
5.1-2,5.2.2-5,0.4835,NO_RELATION
5.11-4,5.3.1-2,0.4835,NO_RELATION
5.6-3,5.2.4-2.1,0.4835,NO_RELATION
5.3-15B,5.2.1-3,0.4835,NO_RELATION
5.1-4,5.1.1-1.1,0.4834,NO_RELATION
5.11-3,5.1.4-3,0.4833,NO_RELATION
5.3-6B,5.2.5-2,0.4833,NO_RELATION
5.11-2,5.1.3-1.1,0.4833,NO_RELATION
5.3-15A,5.1.2-1,0.4833,NO_RELATION
5.11-3,5.1.3-3,0.4833,NO_RELATION
5.4-1,5.2.5-2,0.4832,NO_RELATION
5.3-3,5.2.1-4,0.4832,NO_RELATION
5.6-1,5.4.2-2,0.4831,NO_RELATION
5.1-1,5.4.2-2,0.4831,NO_RELATION
5.1-4,5.1.1-2,0.483,NO_RELATION
5.12-3,5.2.1-1,0.483,NO_RELATION
5.1-1,5.1.3-1,0.483,NO_RELATION
5.11-4,5.2.5-2.1,0.483,NO_RELATION
5.6-3,5.2.4-1.2,0.4829,NO_RELATION
5.1-4,5.1.4-2,0.4829,NO_RELATION
5.5-4,5.2.2-1,0.4829,NO_RELATION
5.3-15B,5.1.4-3,0.4829,NO_RELATION
5.5-4,5.4.2-1,0.4828,NO_RELATION
5.4-1,5.3.1-2,0.4828,NO_RELATION
5.12-2,5.4.1-3,0.4827,NO_RELATION
5.1-5,5.2.5-2,0.4826,NO_RELATION
5.5-5,5.1.1-2.1,0.4826,NO_RELATION
5.1-2A,5.2.5-2.1,0.4825,NO_RELATION
5.6-8,5.4.1-2,0.4825,NO_RELATION
5.3-6A,5.2.1-1,0.4825,NO_RELATION
5.8-2,5.1.4-2,0.4824,NO_RELATION
5.3-6A,5.1.4-2,0.4824,NO_RELATION
5.6-1,5.1.1-2.2,0.4824,NO_RELATION
5.11-3,5.1.3-1.1,0.4824,NO_RELATION
5.1-2A,5.1.2-3,0.4823,NO_RELATION
5.9-1,5.2.4-2,0.4823,NO_RELATION
5.11-2,5.1.1-2.2,0.4822,NO_RELATION
5.6-1,5.2.5-2.1,0.4822,NO_RELATION
5.3-16,5.1.1-2.2,0.4822,NO_RELATION
5.3-13,5.1.1-2,0.4822,NO_RELATION
5.6-2,5.2.3-1,0.4821,NO_RELATION
5.8-3,5.1.3-1,0.4821,NO_RELATION
5.7-2,5.2.5-2.1,0.482,NO_RELATION
5.6-4A,5.4.1-2,0.482,NO_RELATION
5.6-6,5.1.1-1,0.482,NO_RELATION
5.7-1,5.2.5-3,0.4819,NO_RELATION
5.1-2A,5.1.3-1,0.4819,NO_RELATION
5.2-1,5.1.4-1,0.4819,NO_RELATION
5.1-2,5.1.3-1.3,0.4819,NO_RELATION
5.11-3,5.2.3-2,0.4817,NO_RELATION
5.5-1,5.2.3-4,0.4817,NO_RELATION
5.1-1,5.2.4-1.1,0.4816,NO_RELATION
5.9-1,5.2.2-1,0.4816,NO_RELATION
5.7-2,5.1.1-2.2,0.4815,NO_RELATION
5.11-4,5.3.1-2.1,0.4815,NO_RELATION
5.3-12,5.2.2-3,0.4815,NO_RELATION
5.8-3,5.1.1-1,0.4815,NO_RELATION
5.6-2,5.1.2-2,0.4815,NO_RELATION
5.1-1,5.1.1-1.1,0.4814,NO_RELATION
5.7-2,5.2.3-2.2,0.4814,NO_RELATION
5.6-1,5.1.2-1.1,0.4814,NO_RELATION
5.7-1,5.5.1-2,0.4814,NO_RELATION
5.11-2,5.2.5-4,0.4813,NO_RELATION
5.5-4,5.1.2-2,0.4813,NO_RELATION
5.6-4B,5.1.1-1.1,0.4813,NO_RELATION
5.11-3,5.1.1-1,0.4813,NO_RELATION
5.4-2,5.1.4-2,0.4813,NO_RELATION
5.5-5,5.2.5-4.1,0.4812,NO_RELATION
5.3-15A,5.1.2-5.1,0.4812,NO_RELATION
5.11-1,5.1.2-1.1,0.4811,NO_RELATION
5.3-15B,5.2.3-2.2,0.4811,NO_RELATION
5.6-5,5.2.1-4,0.481,NO_RELATION
5.3-12,5.2.5-4,0.481,NO_RELATION
5.4-3,5.1.2-2,0.481,NO_RELATION
5.3-3,5.2.4-1.2,0.481,NO_RELATION
5.6-2,5.4.1-2,0.4808,NO_RELATION
5.6-4A,5.1.2-7,0.4808,NO_RELATION
5.3-3,5.2.5-4.1,0.4807,NO_RELATION
5.11-4,5.2.1-3,0.4807,NO_RELATION
5.3-8,5.2.2-5,0.4807,NO_RELATION
5.3-9,5.1.1-2.2,0.4807,NO_RELATION
5.5-4,5.2.2-3,0.4807,NO_RELATION
5.5-5,5.2.5-1,0.4806,NO_RELATION
5.3-7,5.2.5-4,0.4804,NO_RELATION
5.9-1,5.3.1-2,0.4803,NO_RELATION
5.3-14,5.1.3-1.3,0.4803,NO_RELATION
5.6-4A,5.2.5-3,0.4803,NO_RELATION
5.4-3,5.4.1-3,0.4803,NO_RELATION
5.4-3,5.4.2-3,0.4802,NO_RELATION
5.6-5,5.1.4-3,0.4801,NO_RELATION
5.3-16,5.4.1-2,0.4801,NO_RELATION
5.3-16,5.1.1-2,0.4801,NO_RELATION
5.3-12,5.1.1-1,0.4799,NO_RELATION
5.6-1,5.1.1-2.1,0.4799,NO_RELATION
5.5-7,5.2.1-3.1,0.4799,NO_RELATION
5.11-1,5.4.2-3,0.4799,NO_RELATION
5.8-3,5.2.4-2.1,0.4798,NO_RELATION
5.4-1,5.2.2-5,0.4798,NO_RELATION
5.1-2A,5.2.4-1.2,0.4797,NO_RELATION
5.7-1,5.3.1-2.2,0.4797,NO_RELATION
5.11-1,5.2.3-3,0.4797,NO_RELATION
5.8-3,5.1.3-1.3,0.4796,NO_RELATION
5.3-15B,5.1.1-1,0.4795,NO_RELATION
5.3-16,5.4.2-2,0.4794,NO_RELATION
5.4-3,5.2.3-2.1,0.4794,NO_RELATION
5.3-1,5.1.1-1.1,0.4793,NO_RELATION
5.1-1,5.1.2-3,0.4793,NO_RELATION
5.11-1,5.1.3-4,0.4791,NO_RELATION
5.3-13,5.1.2-2,0.4791,NO_RELATION
5.4-3,5.4.1-2,0.4791,NO_RELATION
5.1-1,5.5.1-2,0.4791,NO_RELATION
5.3-9,5.2.2-4,0.479,NO_RELATION
5.11-4,5.1.4-1,0.479,NO_RELATION
5.5-7,5.4.2-1,0.479,NO_RELATION
5.9-2,5.1.3-1,0.479,NO_RELATION
5.4-3,5.3.1-2.1,0.4789,NO_RELATION
5.11-4,5.4.1-3,0.4789,NO_RELATION
5.3-3,5.1.1-2.2,0.4789,NO_RELATION
5.6-8,5.2.2-6,0.4788,NO_RELATION
5.1-2,5.2.3-3,0.4788,NO_RELATION
5.6-1,5.2.4-1,0.4787,NO_RELATION
5.3-12,5.2.3-2,0.4787,NO_RELATION
5.4-3,5.1.2-1.1,0.4787,NO_RELATION
5.8-1,5.2.2-5,0.4786,NO_RELATION
5.6-3,5.5.1-2,0.4786,NO_RELATION
5.3-15A,5.2.4-1.1,0.4786,NO_RELATION
5.3-12,5.2.3-1,0.4785,NO_RELATION
5.1-1,5.4.2-3,0.4785,NO_RELATION
5.5-7,5.1.4-5,0.4784,NO_RELATION
5.6-5,5.1.3-4,0.4783,NO_RELATION
5.1-5,5.1.1-1,0.4783,NO_RELATION
5.6-2,5.2.2-6,0.4782,NO_RELATION
5.6-8,5.2.1-3,0.4782,NO_RELATION
5.6-4A,5.3.1-2.1,0.4782,NO_RELATION
5.7-1,5.1.3-1.1,0.4781,NO_RELATION
5.3-6A,5.1.3-1.3,0.4781,NO_RELATION
5.5-8,5.2.4-2,0.4781,NO_RELATION
5.11-1,5.2.4-1.1,0.4781,NO_RELATION
5.11-4,5.1.2-4,0.478,NO_RELATION
5.5-1,5.4.1-2,0.4779,NO_RELATION
5.6-3,5.1.4-2,0.4779,NO_RELATION
5.11-2,5.1.3-2,0.4779,NO_RELATION
5.9-2,5.1.3-1.1,0.4778,NO_RELATION
5.6-3,5.1.2-1.1,0.4778,NO_RELATION
5.5-5,5.3.1-2.2,0.4777,NO_RELATION
5.2-2,5.2.5-4.1,0.4777,NO_RELATION
5.6-3,5.2.2-6,0.4776,NO_RELATION
5.6-3,5.2.5-3,0.4776,NO_RELATION
5.3-4B,5.2.3-2.2,0.4775,NO_RELATION
5.5-5,5.2.2-4,0.4775,NO_RELATION
5.1-5,5.2.1-1,0.4775,NO_RELATION
5.11-1,5.4.1-2,0.4775,NO_RELATION
5.11-2,5.1.1-1,0.4775,NO_RELATION
5.3-9,5.1.4-1,0.4774,NO_RELATION
5.7-1,5.1.2-1,0.4774,NO_RELATION
5.5-5,5.4.1-2,0.4774,NO_RELATION
5.1-5,5.2.2-5,0.4774,NO_RELATION
5.7-2,5.2.1-4.2,0.4773,NO_RELATION
5.3-6A,5.2.1-4,0.4773,NO_RELATION
5.3-6B,5.1.3-3,0.4773,NO_RELATION
5.6-8,5.2.5-4.1,0.4771,NO_RELATION
5.7-1,5.2.4-2.1,0.4771,NO_RELATION
5.11-4,5.1.3-4,0.4771,NO_RELATION
5.7-2,5.1.3-1.3,0.4771,NO_RELATION
5.7-2,5.2.2-1,0.4771,NO_RELATION
5.3-13,5.5.1-2,0.477,NO_RELATION
5.8-1,5.2.4-2.1,0.477,NO_RELATION
5.5-4,5.4.1-3,0.4769,NO_RELATION
5.7-1,5.2.2-1,0.4769,NO_RELATION
5.11-1,5.2.2-1,0.4769,NO_RELATION
5.7-2,5.1.2-1.1,0.4769,NO_RELATION
5.3-15A,5.1.3-1.1,0.4768,NO_RELATION
5.7-1,5.2.1-1,0.4766,NO_RELATION
5.5-5,5.2.5-4,0.4766,NO_RELATION
5.1-5,5.2.3-3,0.4765,NO_RELATION
5.6-3,5.1.4-3,0.4765,NO_RELATION
5.4-2,5.2.5-4,0.4765,NO_RELATION
5.3-12,5.1.4-1,0.4764,NO_RELATION
5.8-1,5.2.5-4,0.4763,NO_RELATION
5.1-3,5.1.2-1.1,0.4762,NO_RELATION
5.3-6B,5.1.2-4,0.4762,NO_RELATION
5.5-1,5.1.4-1,0.4761,NO_RELATION
5.13-1B,5.1.1-1.1,0.476,NO_RELATION
5.6-8,5.2.5-2.1,0.476,NO_RELATION
5.6-7,5.2.4-2.1,0.4759,NO_RELATION
5.11-4,5.2.2-3,0.4759,NO_RELATION
5.3-4B,5.1.4-2,0.4758,NO_RELATION
5.1-3,5.2.5-4.1,0.4758,NO_RELATION
5.1-4,5.2.1-1,0.4757,NO_RELATION
5.5-1,5.1.1-1,0.4755,NO_RELATION
5.1-4,5.2.2-3,0.4755,NO_RELATION
5.3-13,5.4.2-3,0.4755,NO_RELATION
5.3-16,5.2.1-4.2,0.4754,NO_RELATION
5.3-6B,5.2.4-1.1,0.4754,NO_RELATION
5.1-5,5.1.4-3,0.4753,NO_RELATION
5.1-1,5.2.5-2,0.4751,NO_RELATION
5.11-2,5.1.1-2,0.4751,NO_RELATION
5.3-15A,5.1.4-3,0.4751,NO_RELATION
5.4-3,5.4.2-2,0.475,NO_RELATION
5.12-2,5.2.5-4,0.4749,NO_RELATION
5.6-5,5.4.1-3,0.4749,NO_RELATION
5.5-6,5.2.4-2,0.4749,NO_RELATION
5.11-2,5.2.2-3,0.4749,NO_RELATION
5.9-1,5.2.5-4.1,0.4748,NO_RELATION
5.3-13,5.1.2-5.1,0.4748,NO_RELATION
5.4-2,5.2.4-2.1,0.4748,NO_RELATION
5.3-1,5.1.3-1.3,0.4748,NO_RELATION
5.5-7,5.2.4-1,0.4746,NO_RELATION
5.3-12,5.1.2-5,0.4745,NO_RELATION
5.5-5,5.1.4-3,0.4745,NO_RELATION
5.1-2,5.2.3-2.2,0.4745,NO_RELATION
5.5-4,5.1.3-1.1,0.4745,NO_RELATION
5.1-3,5.2.5-3,0.4745,NO_RELATION
5.6-1,5.2.5-1,0.4744,NO_RELATION
5.3-15A,5.2.1-3,0.4744,NO_RELATION
5.8-3,5.2.1-3,0.4744,NO_RELATION
5.5-1,5.2.5-3,0.4744,NO_RELATION
5.4-2,5.2.3-3,0.4744,NO_RELATION
5.12-3,5.2.3-3,0.4744,NO_RELATION
5.4-1,5.1.3-1.3,0.4742,NO_RELATION
5.3-6A,5.2.5-2.1,0.4742,NO_RELATION
5.6-2,5.1.1-1,0.4742,NO_RELATION
5.6-2,5.2.5-4,0.4741,NO_RELATION
5.6-1,5.2.5-2,0.4741,NO_RELATION
5.6-8,5.2.5-4,0.4741,NO_RELATION
5.4-3,5.4.2-1,0.4739,NO_RELATION
5.6-1,5.3.1-2.1,0.4737,NO_RELATION
5.3-8,5.2.5-2.1,0.4736,NO_RELATION
5.3-4A,5.2.4-2.1,0.4736,NO_RELATION
5.3-15A,5.1.2-3,0.4736,NO_RELATION
5.9-2,5.2.1-4.2,0.4736,NO_RELATION
5.3-3,5.2.5-3,0.4736,NO_RELATION
5.11-1,5.4.2-2,0.4735,NO_RELATION
5.1-1,5.2.2-1,0.4735,NO_RELATION
5.5-4,5.1.2-1.1,0.4734,NO_RELATION
5.6-1,5.1.4-4,0.4734,NO_RELATION
5.5-5,5.2.4-1.2,0.4734,NO_RELATION
5.5-6,5.2.4-2.1,0.4733,NO_RELATION
5.11-3,5.1.2-4,0.4732,NO_RELATION
5.6-3,5.1.1-2.1,0.4731,NO_RELATION
5.6-3,5.1.3-1.3,0.4731,NO_RELATION
5.6-1,5.2.1-1,0.4731,NO_RELATION
5.3-3,5.4.2-3,0.473,NO_RELATION
5.6-8,5.2.1-1,0.4729,NO_RELATION
5.6-1,5.1.4-1,0.4729,NO_RELATION
5.9-3,5.2.2-2,0.4729,NO_RELATION
5.9-2,5.1.3-1.3,0.4728,NO_RELATION
5.6-3,5.1.4-4,0.4728,NO_RELATION
5.3-15A,5.1.3-1,0.4728,NO_RELATION
5.1-2A,5.2.4-1.1,0.4728,NO_RELATION
5.8-2,5.2.5-4.1,0.4726,NO_RELATION
5.3-14,5.2.1-3,0.4726,NO_RELATION
5.6-5,5.1.3-1.1,0.4725,NO_RELATION
5.7-1,5.1.1-2.1,0.4724,NO_RELATION
5.3-12,5.2.1-1,0.4724,NO_RELATION
5.11-1,5.1.2-1,0.4724,NO_RELATION
5.3-15B,5.1.3-1,0.4723,NO_RELATION
5.6-1,5.4.1-2,0.4723,NO_RELATION
5.2-1,5.2.5-2.1,0.4723,NO_RELATION
5.8-2,5.2.4-2.1,0.4723,NO_RELATION
5.3-16,5.2.5-4,0.4722,NO_RELATION
5.11-1,5.2.3-2,0.4722,NO_RELATION
5.3-6B,5.1.2-5,0.4722,NO_RELATION
5.3-3,5.1.4-5,0.4721,NO_RELATION
5.11-4,5.1.3-1.1,0.4721,NO_RELATION
5.7-1,5.2.3-2.1,0.4721,NO_RELATION
5.6-4A,5.1.1-2.1,0.472,NO_RELATION
5.5-3,5.1.2-7,0.472,NO_RELATION
5.9-1,5.2.3-4,0.472,NO_RELATION
5.11-3,5.1.1-2.2,0.4719,NO_RELATION
5.1-1,5.4.1-2,0.4719,NO_RELATION
5.1-2A,5.2.3-4,0.4719,NO_RELATION
5.5-5,5.2.2-1,0.4719,NO_RELATION
5.5-4,5.2.1-4.2,0.4719,NO_RELATION
5.1-3,5.2.4-2,0.4716,NO_RELATION
5.3-15A,5.4.2-1,0.4716,NO_RELATION
5.1-3,5.2.4-2.1,0.4715,NO_RELATION
5.6-4A,5.2.2-1,0.4714,NO_RELATION
5.6-3,5.2.5-1,0.4714,NO_RELATION
5.6-3,5.2.5-2.1,0.4713,NO_RELATION
5.3-1,5.3.1-2.1,0.4712,NO_RELATION
5.12-2,5.2.3-3,0.4711,NO_RELATION
5.11-4,5.2.3-1,0.4711,NO_RELATION
5.5-4,5.4.1-2,0.4711,NO_RELATION
5.3-13,5.1.3-1.3,0.4709,NO_RELATION
5.9-2,5.2.4-1.1,0.4709,NO_RELATION
5.6-8,5.1.2-7,0.4708,NO_RELATION
5.5-4,5.2.5-3,0.4708,NO_RELATION
5.6-5,5.2.1-3,0.4707,NO_RELATION
5.8-2,5.2.5-4,0.4707,NO_RELATION
5.3-15B,5.1.1-2.2,0.4707,NO_RELATION
5.5-4,5.2.2-6,0.4704,NO_RELATION
5.5-7,5.5.1-2,0.4703,NO_RELATION
5.7-1,5.2.1-4.2,0.4703,NO_RELATION
5.8-3,5.4.1-1.1,0.4701,NO_RELATION
5.11-3,5.1.3-4,0.47,NO_RELATION
5.7-1,5.2.4-1.1,0.4699,NO_RELATION
5.6-9,5.1.1-1.1,0.4699,NO_RELATION
5.6-3,5.4.1-2,0.4698,NO_RELATION
5.8-3,5.2.5-4.1,0.4698,NO_RELATION
5.5-7,5.4.1-2,0.4698,NO_RELATION
5.6-1,5.3.1-2.2,0.4697,NO_RELATION
5.5-7,5.4.2-2,0.4695,NO_RELATION
5.1-4,5.2.4-1.1,0.4695,NO_RELATION
5.5-1,5.1.2-1.1,0.4694,NO_RELATION
5.11-1,5.1.1-2.2,0.4694,NO_RELATION
5.6-5,5.2.2-5,0.4693,NO_RELATION
5.1-4,5.1.2-5.1,0.4693,NO_RELATION
5.8-2,5.2.2-5,0.469,NO_RELATION
5.3-6A,5.2.5-4,0.469,NO_RELATION
5.7-1,5.1.2-1.1,0.469,NO_RELATION
5.4-3,5.1.3-1.1,0.4689,NO_RELATION
5.11-1,5.1.3-3,0.4689,NO_RELATION
5.3-3,5.4.2-1,0.4688,NO_RELATION
5.6-4A,5.2.2-6,0.4688,NO_RELATION
5.3-13,5.1.2-5,0.4687,NO_RELATION
5.7-1,5.1.4-1,0.4687,NO_RELATION
5.5-7,5.2.3-2.1,0.4686,NO_RELATION
5.1-2A,5.1.4-5,0.4685,NO_RELATION
5.1-2A,5.3.1-2.1,0.4684,NO_RELATION
5.3-6B,5.2.5-3,0.4683,NO_RELATION
5.5-4,5.1.1-2,0.4683,NO_RELATION
5.3-2,5.2.3-2.2,0.4683,NO_RELATION
5.5-6,5.2.5-4.1,0.4682,NO_RELATION
5.9-1,5.3.1-2.2,0.4682,NO_RELATION
5.5-5,5.2.1-3,0.4681,NO_RELATION
5.3-3,5.2.5-2,0.4681,NO_RELATION
5.5-4,5.3.1-2.1,0.468,NO_RELATION
5.5-4,5.1.3-1,0.468,NO_RELATION
5.6-4A,5.3.1-2.2,0.4678,NO_RELATION
5.6-5,5.2.2-1,0.4678,NO_RELATION
5.1-1,5.1.3-1.1,0.4677,NO_RELATION
5.6-3,5.2.3-3,0.4677,NO_RELATION
5.3-6A,5.2.2-1,0.4676,NO_RELATION
5.1-1,5.3.1-2.2,0.4675,NO_RELATION
5.3-3,5.1.2-2,0.4675,NO_RELATION
5.6-5,5.2.1-1,0.4675,NO_RELATION
5.3-15B,5.4.2-1,0.4675,NO_RELATION
5.5-4,5.2.1-1,0.4675,NO_RELATION
5.1-5,5.2.4-1.1,0.4674,NO_RELATION
5.3-8,5.1.1-1.1,0.4674,NO_RELATION
5.6-1,5.1.2-2,0.4673,NO_RELATION
5.5-4,5.2.4-1,0.4672,NO_RELATION
5.5-7,5.2.5-4.1,0.4672,NO_RELATION
5.1-3,5.4.1-3,0.4672,NO_RELATION
5.7-1,5.4.1-2,0.4672,NO_RELATION
5.6-2,5.1.1-1.1,0.4671,NO_RELATION
5.3-16,5.2.1-1,0.4671,NO_RELATION
5.3-12,5.2.2-4,0.4671,NO_RELATION
5.3-16,5.2.1-4,0.467,NO_RELATION
5.11-1,5.2.4-2,0.467,NO_RELATION
5.1-2A,5.4.2-4,0.4668,NO_RELATION
5.1-1,5.3.1-2.1,0.4668,NO_RELATION
5.6-5,5.1.1-2.2,0.4667,NO_RELATION
5.1-1,5.2.4-1,0.4667,NO_RELATION
5.1-1,5.1.2-7,0.4666,NO_RELATION
5.3-6B,5.1.2-1.1,0.4665,NO_RELATION
5.6-5,5.4.2-1,0.4665,NO_RELATION
5.11-3,5.1.3-1.2,0.4664,NO_RELATION
5.3-10,5.2.4-2,0.4664,NO_RELATION
5.3-3,5.1.2-1.1,0.4663,NO_RELATION
5.4-1,5.2.5-4.1,0.4663,NO_RELATION
5.3-10,5.1.1-1.1,0.4661,NO_RELATION
5.5-1,5.1.4-2,0.4661,NO_RELATION
5.3-9,5.2.1-4.2,0.4659,NO_RELATION
5.1-3,5.2.5-4,0.4658,NO_RELATION
5.6-3,5.2.2-4,0.4657,NO_RELATION
5.3-6B,5.4.2-1,0.4657,NO_RELATION
5.4-1,5.2.3-2,0.4656,NO_RELATION
5.5-7,5.1.1-1,0.4656,NO_RELATION
5.1-4,5.2.5-4,0.4656,NO_RELATION
5.5-4,5.1.2-1,0.4654,NO_RELATION
5.11-4,5.1.4-3,0.4654,NO_RELATION
5.6-3,5.2.4-1.1,0.4652,NO_RELATION
5.1-2A,5.4.2-2,0.4652,NO_RELATION
5.11-2,5.1.1-1.1,0.4652,NO_RELATION
5.3-9,5.2.5-2.1,0.4652,NO_RELATION
5.3-6B,5.3.1-2.1,0.465,NO_RELATION
5.2-3,5.2.4-2.1,0.4649,NO_RELATION
5.5-1,5.2.5-4,0.4648,NO_RELATION
5.1-1,5.1.4-5,0.4647,NO_RELATION
5.3-15A,5.2.2-1,0.4647,NO_RELATION
5.5-5,5.1.4-4,0.4646,NO_RELATION
5.6-1,5.2.1-4.2,0.4646,NO_RELATION
5.7-1,5.2.3-2.2,0.4646,NO_RELATION
5.11-1,5.1.4-3,0.4646,NO_RELATION
5.1-4,5.2.2-5,0.4644,NO_RELATION
5.5-5,5.1.4-1,0.4643,NO_RELATION
5.3-16,5.2.5-3,0.4643,NO_RELATION
5.3-4B,5.1.3-1.3,0.4643,NO_RELATION
5.1-5,5.2.5-3,0.4642,NO_RELATION
5.3-1,5.2.4-2,0.4641,NO_RELATION
5.1-1,5.1.2-1.1,0.464,NO_RELATION
5.5-5,5.4.2-3,0.4639,NO_RELATION
5.3-13,5.2.2-1,0.4639,NO_RELATION
5.3-3,5.1.1-1,0.4638,NO_RELATION
5.4-3,5.3.1-2.2,0.4637,NO_RELATION
5.1-1,5.2.2-4,0.4637,NO_RELATION
5.3-10,5.2.4-2.1,0.4636,NO_RELATION
5.8-3,5.2.4-2,0.4635,NO_RELATION
5.5-7,5.1.2-7,0.4635,NO_RELATION
5.6-3,5.1.2-5.1,0.4634,NO_RELATION
5.5-4,5.2.1-3,0.4633,NO_RELATION
5.3-3,5.2.3-1,0.4632,NO_RELATION
5.3-15B,5.1.3-1.3,0.4631,NO_RELATION
5.7-1,5.2.2-4,0.463,NO_RELATION
5.11-2,5.1.3-1.3,0.463,NO_RELATION
5.11-4,5.1.3-1,0.4629,NO_RELATION
5.6-8,5.1.3-1.3,0.4629,NO_RELATION
5.6-5,5.1.3-1,0.4628,NO_RELATION
5.7-1,5.2.3-4,0.4628,NO_RELATION
5.3-15B,5.1.2-1,0.4625,NO_RELATION
5.5-7,5.3.1-2.1,0.4625,NO_RELATION
5.3-6B,5.1.4-3,0.4624,NO_RELATION
5.5-4,5.4.2-2,0.4623,NO_RELATION
5.8-3,5.2.5-4,0.4623,NO_RELATION
5.3-3,5.4.2-2,0.4623,NO_RELATION
5.6-8,5.2.3-2.2,0.4622,NO_RELATION
5.1-5,5.2.4-1,0.4622,NO_RELATION
5.5-8,5.2.5-4,0.4621,NO_RELATION
5.11-2,5.2.4-2,0.462,NO_RELATION
5.4-1,5.1.4-2,0.462,NO_RELATION
5.3-6B,5.2.1-4.2,0.4619,NO_RELATION
5.1-2,5.1.4-2,0.4619,NO_RELATION
5.6-6,5.2.4-2.1,0.4619,NO_RELATION
5.2-1,5.1.1-1.1,0.4619,NO_RELATION
5.6-1,5.2.4-2.1,0.4616,NO_RELATION
5.11-3,5.2.3-1,0.4614,NO_RELATION
5.3-6A,5.2.1-4.2,0.4614,NO_RELATION
5.5-1,5.2.1-1,0.4613,NO_RELATION
5.3-3,5.2.4-2.1,0.4611,NO_RELATION
5.11-1,5.2.2-3,0.4611,NO_RELATION
5.3-16,5.1.2-5.1,0.4611,NO_RELATION
5.3-6A,5.2.4-1.1,0.4609,NO_RELATION
5.4-3,5.2.1-3,0.4609,NO_RELATION
5.3-12,5.2.3-2.2,0.4607,NO_RELATION
5.2-2,5.1.4-5,0.4607,NO_RELATION
5.11-2,5.2.4-2.1,0.4607,NO_RELATION
5.5-7,5.1.2-1.1,0.4606,NO_RELATION
5.11-1,5.1.2-4,0.4604,NO_RELATION
5.1-2A,5.2.5-2,0.4604,NO_RELATION
5.11-1,5.1.3-2,0.4604,NO_RELATION
5.6-8,5.3.1-2.2,0.4604,NO_RELATION
5.1-2A,5.5.1-2,0.4603,NO_RELATION
5.1-2A,5.1.2-2,0.4602,NO_RELATION
5.6-2,5.1.4-3,0.4601,NO_RELATION
5.7-2,5.1.4-2,0.46,NO_RELATION
5.5-7,5.1.1-1.1,0.46,NO_RELATION
5.3-16,5.2.4-1.1,0.4598,NO_RELATION
5.3-4A,5.2.4-2,0.4597,NO_RELATION
5.5-5,5.1.1-2.2,0.4597,NO_RELATION
5.9-1,5.1.1-1.1,0.4597,NO_RELATION
5.5-1,5.2.1-3,0.4597,NO_RELATION
5.3-6B,5.1.4-1,0.4596,NO_RELATION
5.6-4A,5.2.4-1.1,0.4596,NO_RELATION
5.8-1,5.2.3-3,0.4594,NO_RELATION
5.12-3,5.2.2-5,0.4594,NO_RELATION
5.6-4A,5.1.4-1,0.4594,NO_RELATION
5.3-12,5.2.2-5,0.4594,NO_RELATION
5.6-8,5.2.2-5,0.4593,NO_RELATION
5.4-2,5.2.2-5,0.4593,NO_RELATION
5.3-3,5.1.4-4,0.4592,NO_RELATION
5.11-3,5.2.2-3,0.459,NO_RELATION
5.5-2,5.2.2-5,0.459,NO_RELATION
5.1-1,5.2.4-2,0.4589,NO_RELATION
5.11-4,5.1.1-1.1,0.4587,NO_RELATION
5.3-15B,5.1.2-3,0.4586,NO_RELATION
5.5-4,5.1.2-3,0.4584,NO_RELATION
5.11-4,5.2.2-2,0.4584,NO_RELATION
5.11-1,5.2.4-2.1,0.4583,NO_RELATION
5.3-6B,5.2.3-2.2,0.4583,NO_RELATION
5.1-5,5.2.3-2.2,0.4581,NO_RELATION
5.6-4A,5.2.1-1,0.4581,NO_RELATION
5.3-6B,5.2.2-4,0.4581,NO_RELATION
5.4-1,5.2.4-2,0.458,NO_RELATION
5.2-2,5.2.3-2.2,0.458,NO_RELATION
5.9-2,5.2.5-4,0.4579,NO_RELATION
5.9-2,5.1.1-1,0.4578,NO_RELATION
5.6-5,5.1.3-2,0.4577,NO_RELATION
5.3-16,5.2.4-2.1,0.4577,NO_RELATION
5.3-6B,5.1.4-2,0.4573,NO_RELATION
5.5-5,5.1.2-1.1,0.4571,NO_RELATION
5.6-4B,5.1.1-1,0.457,NO_RELATION
5.5-7,5.4.1-3,0.457,NO_RELATION
5.4-3,5.2.3-3,0.457,NO_RELATION
5.7-1,5.3.1-2.1,0.4569,NO_RELATION
5.3-15A,5.2.4-2,0.4569,NO_RELATION
5.3-3,5.2.3-2.1,0.4568,NO_RELATION
5.6-1,5.2.2-4,0.4568,NO_RELATION
5.1-1,5.2.3-2.1,0.4566,NO_RELATION
5.6-1,5.1.3-1.3,0.4566,NO_RELATION
5.3-3,5.2.1-4.2,0.4565,NO_RELATION
5.6-1,5.1.2-7,0.4565,NO_RELATION
5.1-4,5.1.1-1,0.4564,NO_RELATION
5.6-8,5.1.1-1,0.4562,NO_RELATION
5.11-1,5.1.3-1.1,0.4562,NO_RELATION
5.5-7,5.2.1-3,0.4562,NO_RELATION
5.3-13,5.1.4-3,0.4562,NO_RELATION
5.4-3,5.2.5-2,0.4561,NO_RELATION
5.11-1,5.1.2-7,0.4561,NO_RELATION
5.3-13,5.1.1-1,0.456,NO_RELATION
5.3-12,5.1.4-3,0.4558,NO_RELATION
5.1-3,5.2.2-5,0.4558,NO_RELATION
5.6-2,5.1.4-1,0.4558,NO_RELATION
5.3-6B,5.1.2-2,0.4556,NO_RELATION
5.12-3,5.4.1-3,0.4555,NO_RELATION
5.6-5,5.3.1-2.2,0.4555,NO_RELATION
5.1-1,5.2.5-3,0.4555,NO_RELATION
5.3-12,5.1.1-2.2,0.4555,NO_RELATION
5.9-1,5.2.3-2.2,0.4555,NO_RELATION
5.11-3,5.1.3-1.3,0.4553,NO_RELATION
5.1-1,5.1.4-1,0.4553,NO_RELATION
5.1-3,5.2.3-3,0.4552,NO_RELATION
5.3-7,5.2.4-2,0.4552,NO_RELATION
5.6-8,5.4.1-3,0.455,NO_RELATION
5.1-2A,5.2.5-3,0.455,NO_RELATION
5.3-16,5.4.2-1,0.4549,NO_RELATION
5.1-2A,5.2.2-6,0.4549,NO_RELATION
5.3-3,5.2.1-1,0.4548,NO_RELATION
5.5-5,5.2.3-1,0.4547,NO_RELATION
5.4-1,5.2.3-3,0.4547,NO_RELATION
5.6-3,5.1.1-2.2,0.4547,NO_RELATION
5.4-2,5.4.1-3,0.4546,NO_RELATION
5.7-1,5.4.1-3,0.4546,NO_RELATION
5.7-1,5.2.5-4.1,0.4545,NO_RELATION
5.3-13,5.1.1-2.2,0.4544,NO_RELATION
5.6-3,5.4.1-3,0.4543,NO_RELATION
5.5-6,5.2.5-4,0.4541,NO_RELATION
5.1-1,5.1.2-5.1,0.454,NO_RELATION
5.3-3,5.5.1-2,0.4539,NO_RELATION
5.6-3,5.2.5-2,0.4538,NO_RELATION
5.3-15B,5.2.4-2,0.4536,NO_RELATION
5.6-4A,5.1.2-5.1,0.4535,NO_RELATION
5.1-2A,5.2.1-4.2,0.4534,NO_RELATION
5.11-3,5.4.1-3,0.4533,NO_RELATION
5.6-1,5.2.2-1,0.4533,NO_RELATION
5.5-7,5.1.2-5.1,0.453,NO_RELATION
5.3-3,5.1.2-5.1,0.453,NO_RELATION
5.6-4A,5.2.2-5,0.4529,NO_RELATION
5.3-9,5.2.2-5,0.4528,NO_RELATION
5.1-2A,5.2.5-1,0.4527,NO_RELATION
5.5-5,5.2.4-2.1,0.4526,NO_RELATION
5.11-1,5.4.1-3,0.4526,NO_RELATION
5.1-2A,5.2.5-4,0.4526,NO_RELATION
5.4-1,5.2.5-4,0.4525,NO_RELATION
5.3-3,5.2.1-3,0.4524,NO_RELATION
5.6-3,5.2.2-1,0.4523,NO_RELATION
5.8-1,5.4.1-3,0.4523,NO_RELATION
5.5-4,5.1.1-2.1,0.4523,NO_RELATION
5.6-8,5.1.2-5.1,0.4521,NO_RELATION
5.6-1,5.4.1-3,0.452,NO_RELATION
5.5-4,5.2.3-1,0.452,NO_RELATION
5.3-6B,5.2.1-1,0.4519,NO_RELATION
5.11-1,5.1.2-5.1,0.4518,NO_RELATION
5.6-2,5.4.1-3,0.4517,NO_RELATION
5.11-1,5.1.3-1,0.4517,NO_RELATION
5.6-4A,5.1.4-3,0.4514,NO_RELATION
5.5-5,5.2.2-5,0.4514,NO_RELATION
5.1-1,5.2.3-1,0.4513,NO_RELATION
5.4-1,5.3.1-2.1,0.4512,NO_RELATION
5.3-3,5.2.3-2.2,0.4512,NO_RELATION
5.11-1,5.1.1-1.1,0.4511,NO_RELATION
5.6-1,5.2.1-3,0.451,NO_RELATION
5.3-6B,5.1.1-2.2,0.4509,NO_RELATION
5.5-7,5.1.4-3,0.4508,NO_RELATION
5.4-3,5.2.5-3,0.4507,NO_RELATION
5.7-1,5.1.4-5,0.4507,NO_RELATION
5.5-1,5.2.5-2,0.4506,NO_RELATION
5.3-3,5.1.3-3,0.4506,NO_RELATION
5.1-2A,5.1.2-5.1,0.4504,NO_RELATION
5.1-2A,5.1.2-1,0.4503,NO_RELATION
5.11-1,5.3.1-2.1,0.4502,NO_RELATION
5.3-9,5.2.3-2.2,0.4502,NO_RELATION
5.3-12,5.2.1-4,0.4501,NO_RELATION
5.3-6B,5.1.2-5.1,0.4497,NO_RELATION
5.4-1,5.2.4-2.1,0.4497,NO_RELATION
5.5-4,5.1.1-2.2,0.4497,NO_RELATION
5.5-6,5.4.1-3,0.4497,NO_RELATION
5.5-1,5.1.1-1.1,0.4497,NO_RELATION
5.11-4,5.1.3-1.2,0.4495,NO_RELATION
5.1-2A,5.4.1-1.1,0.4495,NO_RELATION
5.3-16,5.4.1-1.1,0.4495,NO_RELATION
5.1-1,5.2.3-4,0.4494,NO_RELATION
5.6-5,5.1.2-3,0.4494,NO_RELATION
5.5-5,5.2.5-2.1,0.4493,NO_RELATION
5.6-1,5.1.4-3,0.4493,NO_RELATION
5.1-2A,5.4.2-1,0.4493,NO_RELATION
5.3-15A,5.1.3-1.3,0.4487,NO_RELATION
5.6-1,5.2.4-1.2,0.4485,NO_RELATION
5.1-2A,5.2.4-1,0.4485,NO_RELATION
5.3-6B,5.2.3-1,0.4481,NO_RELATION
5.6-3,5.2.1-1,0.448,NO_RELATION
5.6-5,5.1.1-2,0.4479,NO_RELATION
5.6-5,5.4.2-2,0.4477,NO_RELATION
5.1-1,5.1.4-3,0.4473,NO_RELATION
5.5-4,5.2.4-2,0.4473,NO_RELATION
5.1-1,5.2.3-2.2,0.4469,NO_RELATION
5.6-7,5.2.4-2,0.4468,NO_RELATION
5.5-4,5.2.3-3,0.4465,NO_RELATION
5.3-8,5.2.5-4,0.4465,NO_RELATION
5.3-2,5.1.1-1.1,0.4464,NO_RELATION
5.6-8,5.2.5-2,0.4463,NO_RELATION
5.5-6,5.3.1-2,0.4459,NO_RELATION
5.3-3,5.1.4-1,0.4459,NO_RELATION
5.6-1,5.4.2-1,0.4457,NO_RELATION
5.5-7,5.1.4-2,0.4457,NO_RELATION
5.1-2A,5.2.5-4.1,0.4454,NO_RELATION
5.6-5,5.1.2-5.1,0.4454,NO_RELATION
5.9-2,5.1.1-2.2,0.4454,NO_RELATION
5.3-15B,5.2.4-1.1,0.4452,NO_RELATION
5.4-3,5.1.4-3,0.445,NO_RELATION
5.6-4A,5.2.1-4.2,0.4443,NO_RELATION
5.3-16,5.1.4-3,0.4442,NO_RELATION
5.6-3,5.2.1-3,0.4442,NO_RELATION
5.11-1,5.1.1-2.1,0.4442,NO_RELATION
5.5-4,5.1.4-1,0.4442,NO_RELATION
5.3-12,5.2.1-3,0.444,NO_RELATION
5.1-3,5.1.4-2,0.4438,NO_RELATION
5.5-5,5.2.1-1,0.4437,NO_RELATION
5.6-6,5.2.4-2,0.4436,NO_RELATION
5.12-3,5.2.1-3,0.4436,NO_RELATION
5.7-1,5.1.1-1,0.4435,NO_RELATION
5.3-15B,5.1.2-5.1,0.4433,NO_RELATION
5.3-3,5.1.3-1.3,0.4433,NO_RELATION
5.6-4A,5.2.3-3,0.4432,NO_RELATION
5.6-4A,5.2.3-1,0.4429,NO_RELATION
5.3-13,5.2.2-5,0.4427,NO_RELATION
5.3-2,5.2.4-2.1,0.4427,NO_RELATION
5.5-5,5.2.4-1.1,0.4424,NO_RELATION
5.6-1,5.2.2-6,0.4424,NO_RELATION
5.8-2,5.2.3-3,0.4423,NO_RELATION
5.4-1,5.4.1-3,0.4422,NO_RELATION
5.2-2,5.2.5-4,0.4421,NO_RELATION
5.6-4A,5.1.4-2,0.442,NO_RELATION
5.6-4A,5.1.3-1.3,0.4419,NO_RELATION
5.5-5,5.2.3-3,0.4417,NO_RELATION
5.1-2A,5.1.3-3,0.4417,NO_RELATION
5.3-6B,5.2.4-2.1,0.4416,NO_RELATION
5.1-4,5.2.4-2,0.4416,NO_RELATION
5.6-2,5.2.3-3,0.4415,NO_RELATION
5.3-6A,5.1.1-1.1,0.4415,NO_RELATION
5.5-4,5.2.2-5,0.4411,NO_RELATION
5.3-15B,5.2.2-1,0.4411,NO_RELATION
5.5-7,5.1.4-1,0.4411,NO_RELATION
5.6-8,5.2.3-3,0.4407,NO_RELATION
5.1-2A,5.1.4-4,0.4407,NO_RELATION
5.7-1,5.1.2-5.1,0.4406,NO_RELATION
5.4-3,5.1.4-1,0.4404,NO_RELATION
5.11-1,5.1.1-1,0.4404,NO_RELATION
5.7-1,5.2.3-3,0.4402,NO_RELATION
5.9-2,5.2.4-2,0.4399,NO_RELATION
5.1-5,5.2.4-2.1,0.4395,NO_RELATION
5.6-5,5.2.3-2.2,0.4395,NO_RELATION
5.11-4,5.1.1-2.2,0.4393,NO_RELATION
5.6-3,5.2.1-4.2,0.4392,NO_RELATION
5.5-7,5.2.1-1,0.4388,NO_RELATION
5.11-1,5.1.3-1.3,0.4387,NO_RELATION
5.6-3,5.2.3-1,0.4386,NO_RELATION
5.7-1,5.2.5-4,0.4384,NO_RELATION
5.1-1,5.2.5-4.1,0.4383,NO_RELATION
5.3-16,5.2.2-1,0.4381,NO_RELATION
5.1-5,5.1.1-1.1,0.438,NO_RELATION
5.3-16,5.2.5-2,0.438,NO_RELATION
5.3-6A,5.2.4-2,0.438,NO_RELATION
5.3-16,5.1.3-1.3,0.4377,NO_RELATION
5.6-1,5.2.3-3,0.4377,NO_RELATION
5.4-3,5.1.1-1,0.4376,NO_RELATION
5.3-6B,5.1.1-1,0.4376,NO_RELATION
5.3-6B,5.1.3-1.3,0.4375,NO_RELATION
5.1-2A,5.1.2-4,0.4374,NO_RELATION
5.6-1,5.2.2-5,0.4373,NO_RELATION
5.1-2A,5.2.1-1,0.4372,NO_RELATION
5.5-8,5.2.4-2.1,0.4372,NO_RELATION
5.7-1,5.2.2-5,0.4368,NO_RELATION
5.6-2,5.1.4-2,0.4368,NO_RELATION
5.1-1,5.1.1-1,0.4365,NO_RELATION
5.6-2,5.2.2-5,0.4365,NO_RELATION
5.5-5,5.2.5-3,0.4363,NO_RELATION
5.4-3,5.2.1-1,0.4354,NO_RELATION
5.6-1,5.2.5-3,0.4351,NO_RELATION
5.7-1,5.2.1-3,0.435,NO_RELATION
5.3-3,5.2.2-1,0.435,NO_RELATION
5.1-1,5.2.4-2.1,0.435,NO_RELATION
5.3-16,5.2.5-2.1,0.4348,NO_RELATION
5.9-1,5.2.5-4,0.4347,NO_RELATION
5.4-3,5.1.1-1.1,0.4342,NO_RELATION
5.1-1,5.1.3-1.3,0.4339,NO_RELATION
5.5-4,5.1.3-1.3,0.4323,NO_RELATION
5.3-3,5.2.5-4,0.432,NO_RELATION
5.7-1,5.1.3-1.3,0.4317,NO_RELATION
5.5-5,5.2.1-4.2,0.4314,NO_RELATION
5.6-1,5.2.4-1.1,0.4309,NO_RELATION
5.8-2,5.4.1-3,0.4307,NO_RELATION
5.6-8,5.1.1-1.1,0.4303,NO_RELATION
5.7-1,5.1.4-2,0.4302,NO_RELATION
5.3-7,5.2.4-2.1,0.4296,NO_RELATION
5.5-7,5.1.3-1.3,0.4294,NO_RELATION
5.6-8,5.2.5-3,0.4292,NO_RELATION
5.3-3,5.1.4-3,0.4289,NO_RELATION
5.1-2A,5.2.2-1,0.4277,NO_RELATION
5.3-4B,5.1.1-1.1,0.4277,NO_RELATION
5.5-7,5.2.5-3,0.4277,NO_RELATION
5.9-3,5.2.5-4,0.4276,NO_RELATION
5.5-7,5.2.5-2,0.4273,NO_RELATION
5.1-1,5.2.5-4,0.4272,NO_RELATION
5.1-2A,5.1.1-1.1,0.4268,NO_RELATION
5.6-5,5.1.1-1.1,0.4267,NO_RELATION
5.12-3,5.1.1-1.1,0.4266,NO_RELATION
5.6-4A,5.2.1-3,0.4263,NO_RELATION
5.1-2A,5.1.3-1.1,0.4263,NO_RELATION
5.12-1,5.2.4-2,0.4259,NO_RELATION
5.3-12,5.1.3-1.3,0.4258,NO_RELATION
5.3-16,5.2.1-3,0.4258,NO_RELATION
5.5-2,5.1.1-1.1,0.4256,NO_RELATION
5.3-12,5.2.2-1,0.4251,NO_RELATION
5.3-1,5.2.4-2.1,0.4248,NO_RELATION
5.6-5,5.2.4-1.1,0.4246,NO_RELATION
5.3-12,5.2.5-2.1,0.4245,NO_RELATION
5.6-1,5.1.4-2,0.4244,NO_RELATION
5.5-5,5.1.4-2,0.4244,NO_RELATION
5.5-1,5.2.3-3,0.4242,NO_RELATION
5.6-8,5.1.4-2,0.4239,NO_RELATION
5.3-12,5.2.1-4.2,0.4239,NO_RELATION
5.3-9,5.2.1-3,0.4239,NO_RELATION
5.1-4,5.2.4-2.1,0.4236,NO_RELATION
5.6-3,5.1.1-1,0.4235,NO_RELATION
5.6-1,5.2.3-1,0.4229,NO_RELATION
5.3-15A,5.1.1-1.1,0.4226,NO_RELATION
5.3-9,5.1.3-1.3,0.4225,NO_RELATION
5.5-5,5.1.2-5.1,0.4221,NO_RELATION
5.5-4,5.1.1-1.1,0.4218,NO_RELATION
5.1-2A,5.4.2-3,0.4218,NO_RELATION
5.1-1,5.2.2-5,0.4214,NO_RELATION
5.5-4,5.1.2-5.1,0.4213,NO_RELATION
5.5-5,5.1.1-1,0.4212,NO_RELATION
5.9-1,5.2.4-2.1,0.4205,NO_RELATION
5.1-2A,5.3.1-2.2,0.4201,NO_RELATION
5.3-16,5.2.2-5,0.4201,NO_RELATION
5.3-16,5.1.1-1,0.4199,NO_RELATION
5.9-3,5.2.4-2,0.4197,NO_RELATION
5.5-1,5.4.1-3,0.4196,NO_RELATION
5.1-2A,5.4.1-2,0.4191,NO_RELATION
5.11-4,5.1.3-1.3,0.419,NO_RELATION
5.3-3,5.2.2-5,0.4184,NO_RELATION
5.6-3,5.2.2-5,0.4181,NO_RELATION
5.4-3,5.1.2-5.1,0.4175,NO_RELATION
5.1-1,5.4.1-3,0.4173,NO_RELATION
5.1-2A,5.1.1-1,0.4173,NO_RELATION
5.1-1,5.2.3-3,0.4168,NO_RELATION
5.3-16,5.1.1-1.1,0.4162,NO_RELATION
5.3-15A,5.2.4-2.1,0.4158,NO_RELATION
5.1-2A,5.4.1-3,0.4157,NO_RELATION
5.1-2A,5.1.2-1.1,0.4154,NO_RELATION
5.7-1,5.1.1-1.1,0.4149,NO_RELATION
5.1-2A,5.1.2-7,0.4148,NO_RELATION
5.5-4,5.1.1-1,0.4146,NO_RELATION
5.3-15B,5.1.1-1.1,0.4144,NO_RELATION
5.5-4,5.1.4-3,0.414,NO_RELATION
5.3-14,5.1.1-1.1,0.4133,NO_RELATION
5.3-3,5.2.5-2.1,0.4128,NO_RELATION
5.6-1,5.1.2-5.1,0.4127,NO_RELATION
5.1-2A,5.1.4-1,0.4125,NO_RELATION
5.6-5,5.1.1-2.1,0.4125,NO_RELATION
5.9-2,5.2.4-2.1,0.4124,NO_RELATION
5.6-5,5.1.1-1,0.4121,NO_RELATION
5.3-6B,5.2.2-1,0.4119,NO_RELATION
5.5-1,5.2.2-5,0.4116,NO_RELATION
5.5-4,5.2.4-1.1,0.4116,NO_RELATION
5.5-4,5.2.4-2.1,0.4106,NO_RELATION
5.1-2A,5.2.3-1,0.4099,NO_RELATION
5.3-6B,5.2.1-3,0.4098,NO_RELATION
5.9-2,5.1.1-1.1,0.4081,NO_RELATION
5.12-1,5.2.4-2.1,0.4077,NO_RELATION
5.3-6B,5.2.2-5,0.4073,NO_RELATION
5.6-1,5.1.1-1,0.4073,NO_RELATION
5.5-4,5.1.4-2,0.4071,NO_RELATION
5.3-13,5.2.1-3,0.406,NO_RELATION
5.3-3,5.1.1-1.1,0.4059,NO_RELATION
5.4-3,5.1.3-1.3,0.4057,NO_RELATION
5.6-5,5.2.4-2,0.4053,NO_RELATION
5.3-13,5.2.5-2.1,0.405,NO_RELATION
5.3-6B,5.2.5-2.1,0.4044,NO_RELATION
5.1-2A,5.2.3-2.1,0.404,NO_RELATION
5.5-5,5.1.1-1.1,0.4026,NO_RELATION
5.4-3,5.2.2-5,0.4024,NO_RELATION
5.6-4A,5.1.1-1.1,0.401,NO_RELATION
5.7-2,5.1.1-1.1,0.4006,NO_RELATION
5.1-1,5.1.4-2,0.3999,NO_RELATION
5.6-1,5.1.1-1.1,0.3984,NO_RELATION
5.1-2A,5.1.4-3,0.3976,NO_RELATION
5.1-2A,5.2.1-3,0.3975,NO_RELATION
5.3-6A,5.2.4-2.1,0.3968,NO_RELATION
5.6-4A,5.1.1-1,0.3968,NO_RELATION
5.1-2A,5.1.3-1.3,0.3949,NO_RELATION
5.5-7,5.2.3-3,0.3933,NO_RELATION
5.5-7,5.2.2-5,0.3917,NO_RELATION
5.3-15B,5.2.4-2.1,0.3884,NO_RELATION
5.1-2A,5.2.3-3,0.3877,NO_RELATION
5.3-13,5.1.1-1.1,0.3875,NO_RELATION
5.9-3,5.2.4-2.1,0.3872,NO_RELATION
5.6-3,5.1.1-1.1,0.3827,NO_RELATION
5.1-2A,5.1.4-2,0.3803,NO_RELATION
5.3-12,5.1.1-1.1,0.3749,NO_RELATION
5.1-2A,5.2.2-4,0.3742,NO_RELATION
5.3-9,5.1.1-1.1,0.3696,NO_RELATION
5.1-2A,5.2.2-5,0.3533,NO_RELATION
5.3-6B,5.1.1-1.1,0.3529,NO_RELATION
5.6-5,5.2.4-2.1,0.3447,NO_RELATION
