src_id,tgt_id,cysecbert_score,predicted_rel
5.0-1,5.2.1-4.1,0.9254,EQUIVALENCE
5.0-1,5.3.1-1,0.9222,EQUIVALENCE
5.4-4,5.1.2-6,0.9186,EQUIVALENCE
5.0-1,5.1.2-6,0.9185,EQUIVALENCE
5.0-1,5.1.3-2,0.918,EQUIVALENCE
5.12-2,5.2.4-3,0.9159,EQUIVALENCE
5.0-1,5.1.2-3,0.9155,EQUIVALENCE
5.4-4,5.2.1-2,0.9135,EQUIVALENCE
5.3-14,5.2.4-3,0.9121,EQUIVALENCE
5.12-2,5.1.3-2,0.9119,EQUIVALENCE
5.3-6B,5.2.4-3,0.9119,EQUIVALENCE
5.0-1,5.1.2-1,0.9117,EQUIVALENCE
5.3-4B,5.2.4-3,0.9117,EQUIVALENCE
5.1-2,5.1.2-6,0.9114,EQUIVALENCE
5.5-5,5.1.2-6,0.9112,EQUIVALENCE
5.4-4,5.1.3-4,0.9112,EQUIVALENCE
5.3-8,5.1.3-2,0.9109,EQUIVALENCE
5.0-1,5.2.2-3,0.9103,EQUIVALENCE
5.0-1,5.1.2-7,0.9101,EQUIVALENCE
5.5-1,5.1.3-4,0.9098,EQUIVALENCE
5.6-9,5.2.4-3,0.9096,EQUIVALENCE
5.1-3,5.1.2-6,0.9091,EQUIVALENCE
5.5-2,5.1.4-1,0.9082,EQUIVALENCE
5.6-9,5.2.2-3,0.9081,EQUIVALENCE
5.4-4,5.2.2-3,0.9077,EQUIVALENCE
5.6-9,5.2.1-2,0.9074,EQUIVALENCE
5.3-4B,5.2.2-2,0.9072,EQUIVALENCE
5.3-13,5.3.1-1,0.907,EQUIVALENCE
5.0-1,5.1.3-1.3,0.907,EQUIVALENCE
5.6-9,5.2.1-4.1,0.9067,EQUIVALENCE
5.3-6B,5.1.3-2,0.9064,EQUIVALENCE
5.12-3,5.3.1-1,0.9062,EQUIVALENCE
5.0-1,5.3.1-3,0.9057,EQUIVALENCE
5.3-4B,5.5.1-1,0.9054,EQUIVALENCE
5.3-4B,5.1.3-2,0.9053,EQUIVALENCE
5.6-3,5.2.2-2,0.9052,EQUIVALENCE
5.6-1,5.2.2-3,0.9048,EQUIVALENCE
5.12-2,5.5.1-1,0.9046,EQUIVALENCE
5.1-2,5.2.2-2,0.9045,EQUIVALENCE
5.1-2,5.5.1-1,0.9041,EQUIVALENCE
5.7-2,5.2.4-3,0.9039,EQUIVALENCE
5.3-8,5.3.1-1,0.9039,EQUIVALENCE
5.0-1,5.2.3-2,0.9038,EQUIVALENCE
5.3-4B,5.1.3-4,0.9035,EQUIVALENCE
5.3-6B,5.2.2-2,0.9033,EQUIVALENCE
5.3-4B,5.2.2-3,0.9027,EQUIVALENCE
5.2-2,5.1.3-2,0.9026,EQUIVALENCE
5.8-2,5.1.2-6,0.9026,EQUIVALENCE
5.7-2,5.2.2-2,0.9025,EQUIVALENCE
5.6-9,5.1.2-6,0.9024,EQUIVALENCE
5.6-4A,5.2.2-3,0.9023,EQUIVALENCE
5.3-8,5.1.2-6,0.9022,EQUIVALENCE
5.8-1,5.1.2-6,0.902,EQUIVALENCE
5.6-9,5.2.3-2,0.902,EQUIVALENCE
5.6-1,5.3.1-1,0.902,EQUIVALENCE
5.6-9,5.1.3-2,0.9016,EQUIVALENCE
5.2-2,5.1.1-2,0.9014,EQUIVALENCE
5.5-2,5.1.2-6,0.9014,EQUIVALENCE
5.0-1,5.1.1-2,0.9013,EQUIVALENCE
5.1-1,5.1.2-6,0.9013,EQUIVALENCE
5.12-2,5.3.1-2,0.9011,EQUIVALENCE
5.4-4,5.5.1-1,0.901,EQUIVALENCE
5.3-14,5.3.1-2,0.901,EQUIVALENCE
5.6-9,5.2.2-2,0.9009,EQUIVALENCE
5.5-1,5.2.2-3,0.9004,EQUIVALENCE
5.0-1,5.1.3-4,0.9004,EQUIVALENCE
5.3-6B,5.1.3-4,0.9003,EQUIVALENCE
5.3-6B,5.5.1-1,0.9003,EQUIVALENCE
5.12-1,5.1.3-4,0.9002,EQUIVALENCE
5.12-2,5.1.3-4,0.9002,EQUIVALENCE
5.5-2,5.1.2-1.1,0.9002,EQUIVALENCE
5.3-8,5.2.2-3,0.9,EQUIVALENCE
5.3-6B,5.2.1-4.1,0.8998,EQUIVALENCE
5.3-4B,5.2.1-4.1,0.8997,EQUIVALENCE
5.1-2,5.2.4-3,0.8994,EQUIVALENCE
5.7-2,5.5.1-1,0.8993,EQUIVALENCE
5.4-4,5.1.2-3,0.8993,EQUIVALENCE
5.8-1,5.1.2-5,0.8992,EQUIVALENCE
5.5-2,5.3.1-2,0.8992,EQUIVALENCE
5.3-14,5.2.4-2.1,0.8992,EQUIVALENCE
5.3-4B,5.1.2-6,0.8991,EQUIVALENCE
5.2-2,5.3.1-3,0.899,EQUIVALENCE
5.3-8,5.2.1-4.1,0.8989,EQUIVALENCE
5.6-2,5.3.1-1,0.8989,EQUIVALENCE
5.8-2,5.1.2-5,0.8989,EQUIVALENCE
5.8-3,5.1.2-1.1,0.8988,EQUIVALENCE
5.3-4B,5.2.1-2,0.8987,EQUIVALENCE
5.12-3,5.5.1-1,0.8987,EQUIVALENCE
5.3-8,5.1.1-2,0.8987,EQUIVALENCE
5.6-9,5.5.1-1,0.8983,EQUIVALENCE
5.6-1,5.1.2-6,0.8982,EQUIVALENCE
5.3-8,5.2.4-3,0.898,EQUIVALENCE
5.3-6B,5.1.2-6,0.898,EQUIVALENCE
5.5-2,5.1.2-4,0.898,EQUIVALENCE
5.12-3,5.1.3-2,0.8978,EQUIVALENCE
5.8-3,5.1.4-4,0.8978,EQUIVALENCE
5.0-1,5.3.1-2,0.8976,EQUIVALENCE
5.1-1,5.2.4-3,0.8976,EQUIVALENCE
5.12-2,5.2.2-3,0.8975,EQUIVALENCE
5.4-4,5.2.4-3,0.8973,EQUIVALENCE
5.3-8,5.3.1-3,0.8973,EQUIVALENCE
5.12-3,5.2.4-3,0.8972,EQUIVALENCE
5.5-5,5.2.4-3,0.8971,EQUIVALENCE
5.12-2,5.3.1-1,0.8971,EQUIVALENCE
5.12-2,5.2.1-4.1,0.8967,EQUIVALENCE
5.6-1,5.1.3-2,0.8967,EQUIVALENCE
5.12-2,5.2.1-2,0.8966,EQUIVALENCE
5.0-1,5.1.2-4,0.8965,EQUIVALENCE
5.8-3,5.1.2-6,0.8963,EQUIVALENCE
5.0-1,5.2.4-3,0.8963,EQUIVALENCE
5.2-3,5.2.1-2,0.8961,EQUIVALENCE
5.5-2,5.2.2-2,0.8961,EQUIVALENCE
5.3-14,5.3.1-1,0.8961,EQUIVALENCE
5.6-9,5.1.3-4,0.8959,EQUIVALENCE
5.3-14,5.1.2-3,0.8958,EQUIVALENCE
5.5-1,5.1.2-6,0.8957,EQUIVALENCE
5.3-6B,5.2.2-3,0.8956,EQUIVALENCE
5.3-6B,5.3.1-2,0.8956,EQUIVALENCE
5.0-1,5.2.2-2,0.8953,EQUIVALENCE
5.3-8,5.2.2-2,0.8953,EQUIVALENCE
5.1-4,5.1.2-6,0.8953,EQUIVALENCE
5.6-4A,5.2.2-2,0.8952,EQUIVALENCE
5.0-1,5.2.4-1.1,0.8952,EQUIVALENCE
5.5-2,5.1.3-4,0.8951,EQUIVALENCE
5.11-2,5.5.1-1,0.8949,EQUIVALENCE
5.4-4,5.1.3-2,0.8948,EQUIVALENCE
5.3-3,5.2.2-2,0.8946,EQUIVALENCE
5.6-4A,5.1.2-6,0.8946,EQUIVALENCE
5.3-6B,5.3.1-1,0.8946,EQUIVALENCE
5.12-3,5.1.2-3,0.8946,EQUIVALENCE
5.3-14,5.1.2-1.1,0.8946,EQUIVALENCE
5.6-1,5.2.2-2,0.8945,EQUIVALENCE
5.5-2,5.4.2-3,0.8945,EQUIVALENCE
5.12-3,5.1.2-6,0.8944,EQUIVALENCE
5.7-2,5.1.2-6,0.8943,EQUIVALENCE
5.6-5,5.1.2-6,0.8943,EQUIVALENCE
5.1-5,5.2.2-2,0.8942,EQUIVALENCE
5.6-9,5.3.1-2,0.8941,EQUIVALENCE
5.3-4B,5.3.1-1,0.894,EQUIVALENCE
5.5-1,5.1.3-2,0.8939,EQUIVALENCE
5.3-14,5.1.2-6,0.8939,EQUIVALENCE
5.5-2,5.2.5-2.1,0.8938,EQUIVALENCE
5.5-2,5.2.5-3,0.8938,EQUIVALENCE
5.6-9,5.4.1-3,0.8937,EQUIVALENCE
5.0-1,5.2.3-2.1,0.8937,EQUIVALENCE
5.5-7,5.2.2-2,0.8936,EQUIVALENCE
5.11-2,5.1.2-6,0.8936,EQUIVALENCE
5.8-3,5.2.3-2.2,0.8936,EQUIVALENCE
5.3-14,5.2.4-1,0.8934,EQUIVALENCE
5.5-2,5.3.1-3,0.8934,EQUIVALENCE
5.0-1,5.2.5-1,0.8933,EQUIVALENCE
5.4-4,5.2.3-2,0.8932,EQUIVALENCE
5.5-2,5.5.1-1,0.8932,EQUIVALENCE
5.12-1,5.1.4-5,0.893,EQUIVALENCE
5.3-4B,5.1.2-3,0.8929,EQUIVALENCE
5.3-8,5.2.4-2,0.8928,EQUIVALENCE
5.4-4,5.3.1-2,0.8928,EQUIVALENCE
5.6-9,5.3.1-1,0.8927,EQUIVALENCE
5.3-8,5.1.3-4,0.8927,EQUIVALENCE
5.2-1,5.3.1-3,0.8926,EQUIVALENCE
5.0-1,5.3.1-2.1,0.8925,EQUIVALENCE
5.5-2,5.2.5-4,0.8924,EQUIVALENCE
5.5-2,5.2.1-2,0.8923,EQUIVALENCE
5.3-6A,5.3.1-2,0.8923,EQUIVALENCE
5.2-1,5.1.3-2,0.8922,EQUIVALENCE
5.6-3,5.1.2-6,0.8922,EQUIVALENCE
5.12-2,5.1.2-3,0.8921,EQUIVALENCE
5.12-3,5.3.1-2,0.8921,EQUIVALENCE
5.13-1B,5.1.2-6,0.892,EQUIVALENCE
5.13-1A,5.1.2-6,0.892,EQUIVALENCE
5.3-8,5.3.1-2,0.892,EQUIVALENCE
5.3-13,5.2.3-2,0.8919,EQUIVALENCE
5.3-6B,5.2.3-2,0.8917,EQUIVALENCE
5.4-4,5.1.4-3,0.8916,EQUIVALENCE
5.3-14,5.2.3-2,0.8916,EQUIVALENCE
5.12-3,5.2.2-3,0.8916,EQUIVALENCE
5.5-2,5.2.2-3,0.8916,EQUIVALENCE
5.5-1,5.1.1-2,0.8916,EQUIVALENCE
5.3-11,5.1.3-2,0.8916,EQUIVALENCE
5.0-1,5.1.2-5,0.8913,EQUIVALENCE
5.0-1,5.1.3-1.1,0.8912,EQUIVALENCE
5.4-4,5.2.1-4.1,0.8912,EQUIVALENCE
5.5-1,5.2.1-4.1,0.8912,EQUIVALENCE
5.4-2,5.1.2-6,0.8911,EQUIVALENCE
5.3-14,5.1.3-2,0.8911,EQUIVALENCE
5.6-9,5.1.2-3,0.8911,EQUIVALENCE
5.3-6A,5.2.4-3,0.8911,EQUIVALENCE
5.7-2,5.2.2-3,0.891,EQUIVALENCE
5.2-2,5.1.2-3,0.891,EQUIVALENCE
5.6-1,5.1.3-4,0.891,EQUIVALENCE
5.6-2,5.1.2-6,0.8909,EQUIVALENCE
5.5-5,5.2.3-2,0.8909,EQUIVALENCE
5.11-4,5.3.1-1,0.8908,EQUIVALENCE
5.4-4,5.1.2-4,0.8907,EQUIVALENCE
5.6-4A,5.3.1-1,0.8907,EQUIVALENCE
5.3-4B,5.3.1-3,0.8906,EQUIVALENCE
5.11-4,5.2.1-4.1,0.8906,EQUIVALENCE
5.11-2,5.3.1-2,0.8905,EQUIVALENCE
5.3-4B,5.3.1-2,0.8905,EQUIVALENCE
5.2-2,5.2.4-2,0.8905,EQUIVALENCE
5.12-2,5.2.2-2,0.8903,EQUIVALENCE
5.5-5,5.2.2-3,0.8902,EQUIVALENCE
5.2-2,5.2.2-3,0.8902,EQUIVALENCE
5.7-2,5.1.3-2,0.8902,EQUIVALENCE
5.12-3,5.1.3-4,0.89,EQUIVALENCE
5.3-3,5.3.1-1,0.8899,EQUIVALENCE
5.7-2,5.1.3-4,0.8898,EQUIVALENCE
5.6-9,5.2.2-1,0.8898,EQUIVALENCE
5.5-2,5.3.1-1,0.8897,EQUIVALENCE
5.5-2,5.1.4-3,0.8897,EQUIVALENCE
5.6-9,5.3.1-3,0.8896,EQUIVALENCE
5.3-14,5.2.2-3,0.8896,EQUIVALENCE
5.4-4,5.2.2-2,0.8896,EQUIVALENCE
5.5-1,5.2.2-2,0.8893,EQUIVALENCE
5.5-8,5.1.2-3,0.8893,EQUIVALENCE
5.4-3,5.2.4-3,0.8893,EQUIVALENCE
5.6-2,5.1.2-1.1,0.8892,EQUIVALENCE
5.10-1,5.1.2-1.1,0.8891,EQUIVALENCE
5.6-1,5.2.3-2,0.889,EQUIVALENCE
5.12-2,5.1.2-6,0.8887,EQUIVALENCE
5.5-2,5.1.3-1.2,0.8887,EQUIVALENCE
5.3-4B,5.2.3-2,0.8887,EQUIVALENCE
5.8-3,5.3.1-2,0.8887,EQUIVALENCE
5.3-8,5.1.2-3,0.8887,EQUIVALENCE
5.5-1,5.2.1-2,0.8886,EQUIVALENCE
5.6-1,5.2.4-3,0.8886,EQUIVALENCE
5.6-3,5.5.1-1,0.8886,EQUIVALENCE
5.6-1,5.3.1-2,0.8885,EQUIVALENCE
5.3-6B,5.2.1-2,0.8884,EQUIVALENCE
5.5-8,5.1.3-1.1,0.8883,EQUIVALENCE
5.4-4,5.1.1-2.2,0.8882,EQUIVALENCE
5.3-14,5.2.5-3,0.8882,EQUIVALENCE
5.5-2,5.1.3-1.1,0.8882,EQUIVALENCE
5.8-3,5.2.4-1,0.8882,EQUIVALENCE
5.5-2,5.1.1-2.2,0.8881,EQUIVALENCE
5.6-3,5.2.5-4,0.8881,EQUIVALENCE
5.6-2,5.3.1-2,0.888,EQUIVALENCE
5.12-3,5.2.2-2,0.888,EQUIVALENCE
5.3-14,5.1.3-4,0.8879,EQUIVALENCE
5.2-2,5.2.4-3,0.8879,EQUIVALENCE
5.2-2,5.4.1-2,0.8878,EQUIVALENCE
5.6-1,5.5.1-1,0.8877,EQUIVALENCE
5.3-14,5.2.4-2,0.8876,EQUIVALENCE
5.6-2,5.2.2-2,0.8875,EQUIVALENCE
5.12-1,5.2.4-1,0.8875,EQUIVALENCE
5.1-2,5.2.1-4.1,0.8872,EQUIVALENCE
5.3-3,5.2.4-3,0.8872,EQUIVALENCE
5.1-2,5.2.3-2,0.8871,EQUIVALENCE
5.6-4A,5.1.3-2,0.887,EQUIVALENCE
5.11-4,5.1.2-6,0.8869,EQUIVALENCE
5.5-1,5.1.2-4,0.8868,EQUIVALENCE
5.3-8,5.2.1-2,0.8868,EQUIVALENCE
5.1-2,5.1.2-3,0.8867,EQUIVALENCE
5.3-5,5.1.3-1.1,0.8866,EQUIVALENCE
5.8-3,5.2.3-4,0.8865,EQUIVALENCE
5.3-6A,5.2.2-2,0.8865,EQUIVALENCE
5.3-10,5.1.2-6,0.8864,EQUIVALENCE
5.8-2,5.2.2-3,0.8863,EQUIVALENCE
5.11-4,5.3.1-2,0.8863,EQUIVALENCE
5.5-1,5.1.2-1,0.8863,EQUIVALENCE
5.4-4,5.2.2-1,0.8863,EQUIVALENCE
5.5-7,5.2.2-3,0.8863,EQUIVALENCE
5.4-4,5.3.1-3,0.8861,EQUIVALENCE
5.5-2,5.2.3-2.1,0.8861,EQUIVALENCE
5.3-4B,5.4.1-2,0.8861,EQUIVALENCE
5.6-2,5.5.1-1,0.886,EQUIVALENCE
5.6-4A,5.1.3-4,0.886,EQUIVALENCE
5.5-1,5.1.2-3,0.8859,EQUIVALENCE
5.12-1,5.1.4-3,0.8858,EQUIVALENCE
5.6-9,5.2.4-1.1,0.8858,EQUIVALENCE
5.3-11,5.1.2-7,0.8858,EQUIVALENCE
5.3-6B,5.3.1-3,0.8858,EQUIVALENCE
5.4-4,5.1.3-1.1,0.8857,EQUIVALENCE
5.0-1,5.2.1-2,0.8856,EQUIVALENCE
5.2-1,5.1.2-1,0.8856,EQUIVALENCE
5.6-3,5.3.1-1,0.8856,EQUIVALENCE
5.7-2,5.2.1-4.1,0.8856,EQUIVALENCE
5.0-1,5.2.4-2,0.8855,EQUIVALENCE
5.2-1,5.1.2-3,0.8855,EQUIVALENCE
5.6-1,5.2.1-4.1,0.8854,EQUIVALENCE
5.6-4A,5.2.4-3,0.8853,EQUIVALENCE
5.7-2,5.3.1-3,0.8852,EQUIVALENCE
5.6-9,5.1.1-2,0.8851,EQUIVALENCE
5.5-2,5.2.1-4.1,0.8851,EQUIVALENCE
5.2-2,5.2.1-4.1,0.8851,EQUIVALENCE
5.3-14,5.2.1-4.1,0.885,EQUIVALENCE
5.12-3,5.1.2-1.1,0.885,EQUIVALENCE
5.12-1,5.3.1-2,0.885,EQUIVALENCE
5.6-9,5.1.4-2,0.8849,EQUIVALENCE
5.6-9,5.4.2-3,0.8847,EQUIVALENCE
5.1-5,5.1.2-6,0.8847,EQUIVALENCE
5.3-4B,5.1.1-2,0.8845,EQUIVALENCE
5.3-13,5.2.4-1,0.8845,EQUIVALENCE
5.7-2,5.2.3-2,0.8844,EQUIVALENCE
5.10-1,5.1.2-4,0.8844,EQUIVALENCE
5.6-9,5.1.2-4,0.8844,EQUIVALENCE
5.3-8,5.5.1-1,0.8843,EQUIVALENCE
5.1-4,5.2.2-2,0.8843,EQUIVALENCE
5.3-8,5.1.3-1.1,0.8843,EQUIVALENCE
5.12-3,5.3.1-3,0.8843,EQUIVALENCE
5.8-1,5.2.2-3,0.8842,EQUIVALENCE
5.3-6B,5.2.4-2,0.8842,EQUIVALENCE
5.6-3,5.2.4-3,0.8841,EQUIVALENCE
5.4-3,5.5.1-1,0.8841,EQUIVALENCE
5.12-1,5.2.2-6,0.8839,EQUIVALENCE
5.1-2,5.2.2-3,0.8839,EQUIVALENCE
5.3-5,5.1.2-6,0.8839,EQUIVALENCE
5.10-1,5.1.2-6,0.8837,EQUIVALENCE
5.4-4,5.1.2-2,0.8836,EQUIVALENCE
5.8-3,5.2.4-1.2,0.8836,EQUIVALENCE
5.2-2,5.2.2-2,0.8835,EQUIVALENCE
5.12-3,5.1.2-4,0.8834,EQUIVALENCE
5.3-3,5.1.2-6,0.8834,EQUIVALENCE
5.8-3,5.1.2-7,0.8834,EQUIVALENCE
5.3-8,5.2.4-1.1,0.8833,EQUIVALENCE
5.5-8,5.1.2-6,0.8832,EQUIVALENCE
5.3-13,5.2.4-2,0.8832,EQUIVALENCE
5.11-2,5.2.2-3,0.8832,EQUIVALENCE
5.6-9,5.2.2-6,0.8832,EQUIVALENCE
5.11-4,5.3.1-3,0.8831,EQUIVALENCE
5.2-2,5.1.3-4,0.8831,EQUIVALENCE
5.11-2,5.1.3-1.2,0.8831,EQUIVALENCE
5.3-14,5.2.4-1.1,0.8831,EQUIVALENCE
5.11-2,5.1.2-1.1,0.8831,EQUIVALENCE
5.5-7,5.1.2-6,0.883,EQUIVALENCE
5.2-2,5.2.1-2,0.883,EQUIVALENCE
5.6-8,5.2.2-3,0.8829,EQUIVALENCE
5.5-2,5.1.2-7,0.8829,EQUIVALENCE
5.0-1,5.1.4-3,0.8829,EQUIVALENCE
5.6-9,5.1.4-3,0.8828,EQUIVALENCE
5.4-3,5.2.2-2,0.8828,EQUIVALENCE
5.7-1,5.1.2-6,0.8827,EQUIVALENCE
5.3-5,5.2.4-3,0.8826,EQUIVALENCE
5.3-8,5.1.2-1,0.8826,EQUIVALENCE
5.5-2,5.4.1-2,0.8826,EQUIVALENCE
5.4-2,5.5.1-1,0.8826,EQUIVALENCE
5.2-1,5.2.4-3,0.8825,EQUIVALENCE
5.3-5,5.3.1-2,0.8825,EQUIVALENCE
5.8-3,5.3.1-1,0.8825,EQUIVALENCE
5.6-2,5.1.3-1.1,0.8824,EQUIVALENCE
5.12-3,5.2.4-2,0.8824,EQUIVALENCE
5.2-1,5.2.4-1.1,0.8823,EQUIVALENCE
5.3-13,5.3.1-2,0.8823,EQUIVALENCE
5.3-8,5.2.3-2,0.8822,EQUIVALENCE
5.3-13,5.1.2-3,0.8822,EQUIVALENCE
5.3-14,5.2.2-2,0.8822,EQUIVALENCE
5.4-4,5.1.3-1.2,0.8821,EQUIVALENCE
5.1-1,5.2.3-2,0.8821,EQUIVALENCE
5.8-2,5.1.3-1.3,0.8821,EQUIVALENCE
5.6-8,5.2.2-2,0.8821,EQUIVALENCE
5.11-4,5.1.3-2,0.882,EQUIVALENCE
5.5-1,5.1.3-1.3,0.882,EQUIVALENCE
5.5-1,5.1.3-1.1,0.882,EQUIVALENCE
5.6-9,5.1.1-2.1,0.8819,EQUIVALENCE
5.2-1,5.3.1-1,0.8819,EQUIVALENCE
5.1-3,5.1.2-3,0.8819,EQUIVALENCE
5.11-2,5.2.2-6,0.8819,EQUIVALENCE
5.9-3,5.1.2-3,0.8818,EQUIVALENCE
5.8-2,5.1.3-1.1,0.8818,EQUIVALENCE
5.5-2,5.2.5-1,0.8818,EQUIVALENCE
5.3-13,5.2.4-3,0.8818,EQUIVALENCE
5.6-4A,5.2.4-2,0.8817,EQUIVALENCE
5.3-14,5.1.4-4,0.8816,EQUIVALENCE
5.8-1,5.3.1-3,0.8816,EQUIVALENCE
5.0-1,5.2.1-4,0.8815,EQUIVALENCE
5.12-1,5.1.4-1,0.8814,EQUIVALENCE
5.3-11,5.1.3-1.1,0.8814,EQUIVALENCE
5.6-5,5.3.1-2,0.8814,EQUIVALENCE
5.8-3,5.3.1-2.2,0.8813,EQUIVALENCE
5.11-1,5.3.1-2,0.8813,EQUIVALENCE
5.5-5,5.2.2-2,0.8813,EQUIVALENCE
5.1-3,5.2.2-3,0.8813,EQUIVALENCE
5.5-6,5.1.2-5,0.8812,EQUIVALENCE
5.12-3,5.2.1-4.1,0.8812,EQUIVALENCE
5.6-9,5.2.5-2.1,0.8811,EQUIVALENCE
5.11-4,5.3.1-2.2,0.8811,EQUIVALENCE
5.12-2,5.1.2-1,0.881,EQUIVALENCE
5.12-1,5.2.2-3,0.8809,EQUIVALENCE
5.1-3,5.1.2-5,0.8809,EQUIVALENCE
5.7-2,5.3.1-2,0.8809,EQUIVALENCE
5.6-5,5.1.4-4,0.8809,EQUIVALENCE
5.8-1,5.1.3-1.3,0.8809,EQUIVALENCE
5.7-1,5.2.2-3,0.8808,EQUIVALENCE
5.12-2,5.2.3-2,0.8808,EQUIVALENCE
5.5-2,5.2.3-2,0.8808,EQUIVALENCE
5.3-6A,5.1.2-6,0.8807,EQUIVALENCE
5.12-3,5.1.3-1.1,0.8807,EQUIVALENCE
5.9-1,5.1.3-4,0.8806,EQUIVALENCE
5.1-3,5.3.1-2,0.8806,EQUIVALENCE
5.5-5,5.2.1-4.1,0.8806,EQUIVALENCE
5.3-11,5.3.1-3,0.8806,EQUIVALENCE
5.0-1,5.2.4-2.1,0.8806,EQUIVALENCE
5.6-3,5.2.3-2,0.8806,EQUIVALENCE
5.4-4,5.2.4-1.1,0.8805,EQUIVALENCE
5.3-13,5.1.2-6,0.8805,EQUIVALENCE
5.6-5,5.2.5-4,0.8805,EQUIVALENCE
5.3-14,5.2.2-6,0.8804,EQUIVALENCE
5.5-5,5.3.1-2,0.8804,EQUIVALENCE
5.11-4,5.2.2-3,0.8804,EQUIVALENCE
5.11-2,5.1.2-3,0.8802,EQUIVALENCE
5.3-4B,5.1.3-1.1,0.8802,EQUIVALENCE
5.6-1,5.1.3-1.1,0.8802,EQUIVALENCE
5.5-2,5.2.4-3,0.8801,EQUIVALENCE
5.12-3,5.2.3-2,0.8801,EQUIVALENCE
5.2-2,5.1.2-6,0.8801,EQUIVALENCE
5.5-7,5.3.1-1,0.8801,EQUIVALENCE
5.3-4B,5.2.4-2,0.8801,EQUIVALENCE
5.4-3,5.2.2-3,0.8801,EQUIVALENCE
5.3-11,5.1.1-2,0.88,EQUIVALENCE
5.3-8,5.1.1-2.1,0.88,EQUIVALENCE
5.11-2,5.2.1-4.1,0.88,EQUIVALENCE
5.12-3,5.2.1-2,0.8799,EQUIVALENCE
5.6-5,5.3.1-2.1,0.8799,EQUIVALENCE
5.3-6B,5.1.2-1.1,0.8799,EQUIVALENCE
5.5-2,5.4.1-3,0.8799,EQUIVALENCE
5.6-9,5.2.3-2.1,0.8798,EQUIVALENCE
5.1-2,5.3.1-1,0.8798,EQUIVALENCE
5.2-1,5.4.1-1,0.8797,EQUIVALENCE
5.1-3,5.2.4-3,0.8797,EQUIVALENCE
5.3-14,5.3.1-3,0.8797,EQUIVALENCE
5.3-5,5.1.4-4,0.8796,EQUIVALENCE
5.1-3,5.1.3-1.3,0.8796,EQUIVALENCE
5.6-4A,5.3.1-2,0.8795,EQUIVALENCE
5.12-2,5.1.2-1.1,0.8795,EQUIVALENCE
5.4-4,5.2.4-1,0.8794,EQUIVALENCE
5.3-9,5.2.4-3,0.8794,EQUIVALENCE
5.4-2,5.3.1-1,0.8794,EQUIVALENCE
5.7-2,5.3.1-1,0.8794,EQUIVALENCE
5.12-2,5.2.4-2.1,0.8794,EQUIVALENCE
5.3-13,5.2.5-1,0.8793,EQUIVALENCE
5.11-4,5.2.3-4,0.8793,EQUIVALENCE
5.3-4B,5.4.2-4,0.8793,EQUIVALENCE
5.3-3,5.2.4-2,0.8793,EQUIVALENCE
5.8-2,5.3.1-2,0.8793,EQUIVALENCE
5.12-2,5.3.1-3,0.8792,EQUIVALENCE
5.5-2,5.1.4-5,0.8792,EQUIVALENCE
5.2-2,5.2.4-1.1,0.8792,EQUIVALENCE
5.11-1,5.1.2-6,0.8792,EQUIVALENCE
5.3-3,5.5.1-1,0.8791,EQUIVALENCE
5.3-14,5.2.1-2,0.8791,EQUIVALENCE
5.3-5,5.1.2-1.1,0.8791,EQUIVALENCE
5.12-1,5.2.5-3,0.879,EQUIVALENCE
5.5-2,5.1.2-3,0.8789,EQUIVALENCE
5.3-14,5.5.1-1,0.8788,EQUIVALENCE
5.2-2,5.1.2-1,0.8788,EQUIVALENCE
5.3-4B,5.2.4-1.1,0.8787,EQUIVALENCE
5.2-1,5.2.4-1,0.8787,EQUIVALENCE
5.4-4,5.3.1-1,0.8787,EQUIVALENCE
5.1-5,5.2.4-3,0.8786,EQUIVALENCE
5.3-3,5.2.2-3,0.8786,EQUIVALENCE
5.1-3,5.2.1-4.1,0.8786,EQUIVALENCE
5.6-2,5.1.3-4,0.8786,EQUIVALENCE
5.5-5,5.2.5-4,0.8786,EQUIVALENCE
5.2-2,5.1.2-4,0.8785,EQUIVALENCE
5.6-5,5.2.5-2,0.8785,EQUIVALENCE
5.1-2,5.1.3-1.2,0.8785,EQUIVALENCE
5.8-3,5.2.2-3,0.8784,EQUIVALENCE
5.6-2,5.1.3-2,0.8784,EQUIVALENCE
5.7-2,5.1.2-3,0.8783,EQUIVALENCE
5.5-2,5.1.4-2,0.8783,EQUIVALENCE
5.5-2,5.1.3-2,0.8782,EQUIVALENCE
5.12-3,5.1.2-7,0.8782,EQUIVALENCE
5.7-2,5.1.3-1.1,0.8781,EQUIVALENCE
5.8-1,5.1.3-1.1,0.8781,EQUIVALENCE
5.4-2,5.1.2-4,0.878,EQUIVALENCE
5.6-5,5.1.2-5,0.8779,EQUIVALENCE
5.5-2,5.4.2-4,0.8779,EQUIVALENCE
5.3-11,5.1.2-1,0.8779,EQUIVALENCE
5.3-3,5.1.3-4,0.8779,EQUIVALENCE
5.5-1,5.3.1-3,0.8779,EQUIVALENCE
5.3-4B,5.2.4-2.1,0.8779,EQUIVALENCE
5.9-1,5.1.2-1.1,0.8778,EQUIVALENCE
5.1-3,5.3.1-2.1,0.8778,EQUIVALENCE
5.3-8,5.1.2-1.1,0.8778,EQUIVALENCE
5.3-13,5.2.4-1.1,0.8778,EQUIVALENCE
5.6-4A,5.1.2-1.1,0.8778,EQUIVALENCE
5.6-4A,5.5.1-1,0.8778,EQUIVALENCE
5.2-1,5.2.4-2.1,0.8778,EQUIVALENCE
5.5-8,5.2.1-2,0.8777,EQUIVALENCE
5.5-2,5.4.1-1.1,0.8777,EQUIVALENCE
5.5-2,5.2.2-1,0.8777,EQUIVALENCE
5.3-5,5.5.1-1,0.8777,EQUIVALENCE
5.8-1,5.3.1-2,0.8777,EQUIVALENCE
5.2-2,5.1.1-2.1,0.8776,EQUIVALENCE
5.2-1,5.1.1-2,0.8776,EQUIVALENCE
5.3-16,5.1.2-6,0.8776,EQUIVALENCE
5.2-1,5.3.1-2,0.8775,EQUIVALENCE
5.1-2,5.1.3-4,0.8775,EQUIVALENCE
5.7-2,5.2.1-2,0.8774,EQUIVALENCE
5.3-14,5.1.2-4,0.8774,EQUIVALENCE
5.6-5,5.1.4-5,0.8774,EQUIVALENCE
5.3-12,5.1.3-4,0.8774,EQUIVALENCE
5.2-3,5.1.1-2.2,0.8773,EQUIVALENCE
5.4-4,5.4.2-4,0.8773,EQUIVALENCE
5.1-3,5.2.2-2,0.8773,EQUIVALENCE
5.11-2,5.2.2-2,0.8772,EQUIVALENCE
5.5-1,5.3.1-2,0.8771,EQUIVALENCE
5.6-8,5.1.2-6,0.8771,EQUIVALENCE
5.6-5,5.2.3-2,0.877,EQUIVALENCE
5.3-4B,5.1.3-1.2,0.877,EQUIVALENCE
5.5-5,5.5.1-1,0.877,EQUIVALENCE
5.12-1,5.1.2-4,0.877,EQUIVALENCE
5.6-9,5.2.5-3,0.8769,EQUIVALENCE
5.3-11,5.3.1-1,0.8769,EQUIVALENCE
5.8-1,5.1.3-4,0.8769,EQUIVALENCE
5.12-2,5.1.1-2,0.8768,EQUIVALENCE
5.4-4,5.2.3-2.1,0.8768,EQUIVALENCE
5.12-1,5.1.2-1.1,0.8768,EQUIVALENCE
5.8-1,5.1.2-7,0.8767,EQUIVALENCE
5.5-7,5.5.1-1,0.8767,EQUIVALENCE
5.12-1,5.2.5-2.1,0.8767,EQUIVALENCE
5.4-4,5.2.5-1,0.8767,EQUIVALENCE
5.8-1,5.3.1-1,0.8767,EQUIVALENCE
5.4-4,5.4.1-2,0.8766,EQUIVALENCE
5.10-1,5.1.3-1.2,0.8766,EQUIVALENCE
5.12-2,5.1.3-1.1,0.8766,EQUIVALENCE
5.1-1,5.5.1-1,0.8766,EQUIVALENCE
5.6-9,5.1.1-2.2,0.8765,EQUIVALENCE
5.1-3,5.3.1-3,0.8765,EQUIVALENCE
5.3-8,5.2.4-2.1,0.8765,EQUIVALENCE
5.5-1,5.3.1-1,0.8765,EQUIVALENCE
5.3-13,5.1.2-7,0.8764,EQUIVALENCE
5.0-1,5.4.2-2,0.8763,EQUIVALENCE
5.3-12,5.2.2-2,0.8763,EQUIVALENCE
5.8-3,5.2.4-3,0.8763,EQUIVALENCE
5.4-3,5.2.3-2,0.8763,EQUIVALENCE
5.3-6A,5.1.3-1.1,0.8762,EQUIVALENCE
5.5-2,5.1.2-1,0.8762,EQUIVALENCE
5.3-11,5.1.3-3,0.8761,EQUIVALENCE
5.3-9,5.2.4-1.2,0.8761,EQUIVALENCE
5.11-3,5.3.1-2,0.8761,EQUIVALENCE
5.12-1,5.2.3-1,0.8761,EQUIVALENCE
5.3-12,5.3.1-2,0.8761,EQUIVALENCE
5.8-1,5.1.2-1,0.876,EQUIVALENCE
5.3-3,5.3.1-2,0.876,EQUIVALENCE
5.6-9,5.2.1-4,0.876,EQUIVALENCE
5.12-3,5.1.2-1,0.876,EQUIVALENCE
5.3-5,5.2.5-2,0.8759,EQUIVALENCE
5.2-2,5.3.1-1,0.8759,EQUIVALENCE
5.3-8,5.3.1-2.1,0.8759,EQUIVALENCE
5.4-4,5.1.2-5,0.8759,EQUIVALENCE
5.6-4A,5.2.1-4.1,0.8759,EQUIVALENCE
5.5-2,5.2.5-4.1,0.8758,EQUIVALENCE
5.5-2,5.1.3-1,0.8758,EQUIVALENCE
5.3-13,5.2.1-4.1,0.8758,EQUIVALENCE
5.0-1,5.4.1-2,0.8758,EQUIVALENCE
5.12-3,5.2.4-1,0.8758,EQUIVALENCE
5.11-3,5.2.5-3,0.8758,EQUIVALENCE
5.1-3,5.3.1-1,0.8758,EQUIVALENCE
5.1-3,5.2.5-1,0.8757,EQUIVALENCE
5.5-2,5.3.1-2.1,0.8757,EQUIVALENCE
5.0-1,5.2.4-1,0.8757,EQUIVALENCE
5.3-11,5.2.3-2.1,0.8757,EQUIVALENCE
5.8-2,5.2.1-4.1,0.8757,EQUIVALENCE
5.0-1,5.1.2-1.1,0.8756,EQUIVALENCE
5.4-4,5.2.2-6,0.8756,EQUIVALENCE
5.8-3,5.2.5-4,0.8756,EQUIVALENCE
5.3-6B,5.4.1-1,0.8756,EQUIVALENCE
5.3-10,5.5.1-1,0.8754,EQUIVALENCE
5.6-9,5.4.1-2,0.8754,EQUIVALENCE
5.3-4B,5.1.2-4,0.8754,EQUIVALENCE
5.5-1,5.1.4-3,0.8754,EQUIVALENCE
5.12-3,5.1.3-1.2,0.8754,EQUIVALENCE
5.7-1,5.2.4-3,0.8753,EQUIVALENCE
5.3-14,5.1.4-2,0.8753,EQUIVALENCE
5.6-4A,5.1.2-3,0.8753,EQUIVALENCE
5.10-1,5.3.1-1,0.8753,EQUIVALENCE
5.12-1,5.1.2-6,0.8753,EQUIVALENCE
5.8-3,5.1.2-5,0.8752,EQUIVALENCE
5.3-13,5.1.2-5,0.8752,EQUIVALENCE
5.4-4,5.4.1-1,0.8752,EQUIVALENCE
5.11-1,5.5.1-1,0.8752,EQUIVALENCE
5.13-1A,5.1.2-2,0.8752,EQUIVALENCE
5.9-1,5.1.4-5,0.8751,EQUIVALENCE
5.3-3,5.2.3-2,0.8751,EQUIVALENCE
5.1-4,5.3.1-2,0.8751,EQUIVALENCE
5.6-3,5.2.5-4.1,0.8751,EQUIVALENCE
5.11-3,5.2.4-3,0.875,EQUIVALENCE
5.3-9,5.1.3-4,0.875,EQUIVALENCE
5.3-5,5.3.1-3,0.875,EQUIVALENCE
5.11-4,5.2.5-1,0.875,EQUIVALENCE
5.3-2,5.3.1-2.1,0.875,EQUIVALENCE
5.6-2,5.2.2-3,0.8749,EQUIVALENCE
5.6-4A,5.1.3-1.1,0.8749,EQUIVALENCE
5.8-2,5.1.2-3,0.8749,EQUIVALENCE
5.6-3,5.1.2-1.1,0.8748,EQUIVALENCE
5.5-2,5.1.3-3,0.8748,EQUIVALENCE
5.3-6B,5.1.2-3,0.8748,EQUIVALENCE
5.12-2,5.2.4-2,0.8748,EQUIVALENCE
5.6-3,5.3.1-2,0.8747,EQUIVALENCE
5.3-5,5.2.1-4.1,0.8747,EQUIVALENCE
5.1-2,5.1.3-2,0.8746,EQUIVALENCE
5.1-4,5.5.1-1,0.8746,EQUIVALENCE
5.4-3,5.2.5-4,0.8746,EQUIVALENCE
5.7-1,5.5.1-1,0.8746,EQUIVALENCE
5.12-2,5.2.4-1,0.8746,EQUIVALENCE
5.3-11,5.1.2-6,0.8746,EQUIVALENCE
5.8-1,5.2.1-4.1,0.8746,EQUIVALENCE
5.3-6A,5.1.3-4,0.8745,EQUIVALENCE
5.8-2,5.3.1-3,0.8745,EQUIVALENCE
5.4-2,5.2.3-2,0.8745,EQUIVALENCE
5.13-1B,5.1.2-3,0.8745,EQUIVALENCE
5.8-2,5.3.1-1,0.8744,EQUIVALENCE
5.1-4,5.1.2-7,0.8743,EQUIVALENCE
5.6-5,5.1.2-1.1,0.8742,EQUIVALENCE
5.13-1A,5.1.2-3,0.8742,EQUIVALENCE
5.6-5,5.2.4-3,0.8742,EQUIVALENCE
5.3-12,5.1.2-1.1,0.8741,EQUIVALENCE
5.3-8,5.4.1-2,0.8741,EQUIVALENCE
5.6-1,5.1.2-1.1,0.8741,EQUIVALENCE
5.6-1,5.2.1-2,0.874,EQUIVALENCE
5.1-4,5.1.2-3,0.874,EQUIVALENCE
5.8-2,5.1.2-7,0.874,EQUIVALENCE
5.2-2,5.4.2-2,0.874,EQUIVALENCE
5.6-4A,5.3.1-3,0.874,EQUIVALENCE
5.3-4B,5.4.2-3,0.874,EQUIVALENCE
5.3-11,5.1.2-5,0.874,EQUIVALENCE
5.2-1,5.2.2-3,0.874,EQUIVALENCE
5.11-2,5.1.3-4,0.874,EQUIVALENCE
5.1-5,5.2.2-3,0.8739,EQUIVALENCE
5.5-1,5.2.3-2,0.8739,EQUIVALENCE
5.3-6B,5.4.1-2,0.8739,EQUIVALENCE
5.11-2,5.2.1-2,0.8738,EQUIVALENCE
5.3-10,5.1.2-7,0.8738,EQUIVALENCE
5.0-1,5.1.3-3,0.8737,EQUIVALENCE
5.6-2,5.3.1-3,0.8737,EQUIVALENCE
5.3-5,5.2.3-4,0.8737,EQUIVALENCE
5.4-4,5.1.1-2,0.8737,EQUIVALENCE
5.12-1,5.1.2-2,0.8737,EQUIVALENCE
5.1-3,5.2.3-2,0.8736,EQUIVALENCE
5.3-9,5.2.5-3,0.8736,EQUIVALENCE
5.8-3,5.2.1-4.1,0.8735,EQUIVALENCE
5.0-1,5.2.3-4,0.8734,EQUIVALENCE
5.12-3,5.1.4-3,0.8734,EQUIVALENCE
5.8-1,5.1.2-3,0.8734,EQUIVALENCE
5.6-5,5.1.3-1.1,0.8734,EQUIVALENCE
5.12-3,5.2.5-3,0.8734,EQUIVALENCE
5.3-9,5.1.4-4,0.8734,EQUIVALENCE
5.3-8,5.1.2-4,0.8733,EQUIVALENCE
5.9-2,5.3.1-3,0.8733,EQUIVALENCE
5.4-4,5.4.2-2,0.8733,EQUIVALENCE
5.2-2,5.1.3-1.1,0.8733,EQUIVALENCE
5.3-6B,5.2.5-4,0.8733,EQUIVALENCE
5.1-3,5.1.3-4,0.8732,EQUIVALENCE
5.1-1,5.2.2-2,0.8732,EQUIVALENCE
5.3-4B,5.4.2-2,0.8732,EQUIVALENCE
5.2-1,5.2.1-4.1,0.8731,EQUIVALENCE
5.3-5,5.2.5-3,0.8731,EQUIVALENCE
5.3-3,5.1.3-2,0.8731,EQUIVALENCE
5.5-7,5.2.1-4.1,0.8731,EQUIVALENCE
5.6-4A,5.2.3-2,0.8731,EQUIVALENCE
5.1-2,5.2.1-2,0.873,EQUIVALENCE
5.8-3,5.1.3-1.1,0.873,EQUIVALENCE
5.2-1,5.1.2-7,0.873,EQUIVALENCE
5.8-3,5.2.5-1,0.873,EQUIVALENCE
5.12-1,5.3.1-3,0.8729,EQUIVALENCE
5.3-14,5.5.1-2,0.8729,EQUIVALENCE
5.11-4,5.2.4-1,0.8729,EQUIVALENCE
5.12-3,5.1.1-2,0.8729,EQUIVALENCE
5.5-8,5.2.4-1.1,0.8729,EQUIVALENCE
5.11-3,5.5.1-2,0.8729,EQUIVALENCE
5.5-8,5.3.1-2.1,0.8728,EQUIVALENCE
5.12-2,5.1.1-2.2,0.8728,EQUIVALENCE
5.7-1,5.2.2-2,0.8728,EQUIVALENCE
5.12-2,5.4.2-4,0.8727,EQUIVALENCE
5.7-1,5.1.3-4,0.8727,EQUIVALENCE
5.11-1,5.2.2-3,0.8726,EQUIVALENCE
5.3-6A,5.2.2-3,0.8726,EQUIVALENCE
5.5-2,5.1.2-2,0.8726,EQUIVALENCE
5.3-14,5.3.1-2.1,0.8725,EQUIVALENCE
5.3-14,5.1.4-3,0.8725,EQUIVALENCE
5.3-2,5.1.2-1.1,0.8725,EQUIVALENCE
5.2-3,5.1.2-5.1,0.8724,EQUIVALENCE
5.0-1,5.5.1-1,0.8724,EQUIVALENCE
5.10-1,5.5.1-1,0.8724,EQUIVALENCE
5.6-9,5.2.4-1,0.8724,EQUIVALENCE
5.6-2,5.2.4-2,0.8723,EQUIVALENCE
5.13-1B,5.1.2-2,0.8723,EQUIVALENCE
5.3-4B,5.1.4-3,0.8723,EQUIVALENCE
5.6-9,5.4.1-1.1,0.8723,EQUIVALENCE
5.3-4B,5.1.2-1.1,0.8722,EQUIVALENCE
5.12-3,5.4.1-2,0.8722,EQUIVALENCE
5.3-13,5.2.4-2.1,0.8721,EQUIVALENCE
5.7-2,5.2.4-2,0.8721,EQUIVALENCE
5.1-5,5.2.3-2,0.872,EQUIVALENCE
5.11-2,5.2.4-3,0.872,EQUIVALENCE
5.12-3,5.2.5-1,0.872,EQUIVALENCE
5.11-2,5.3.1-1,0.872,EQUIVALENCE
5.11-4,5.1.2-1.1,0.872,EQUIVALENCE
5.8-2,5.1.3-4,0.8719,EQUIVALENCE
5.6-9,5.2.5-4,0.8719,EQUIVALENCE
5.2-3,5.1.3-2,0.8718,EQUIVALENCE
5.6-3,5.2.5-1,0.8718,EQUIVALENCE
5.4-3,5.3.1-1,0.8718,EQUIVALENCE
5.4-4,5.1.3-1,0.8718,EQUIVALENCE
5.5-1,5.5.1-1,0.8718,EQUIVALENCE
5.2-1,5.1.2-6,0.8717,EQUIVALENCE
5.12-2,5.2.4-1.1,0.8717,EQUIVALENCE
5.5-7,5.1.3-4,0.8717,EQUIVALENCE
5.3-4B,5.5.1-2,0.8716,EQUIVALENCE
5.10-1,5.1.3-4,0.8716,EQUIVALENCE
5.1-2,5.1.3-1.1,0.8716,EQUIVALENCE
5.3-2,5.1.2-6,0.8716,EQUIVALENCE
5.3-6B,5.1.1-2,0.8716,EQUIVALENCE
5.3-11,5.1.2-3,0.8715,EQUIVALENCE
5.6-5,5.2.5-1,0.8714,EQUIVALENCE
5.8-2,5.1.2-1,0.8714,EQUIVALENCE
5.3-6B,5.4.2-4,0.8713,EQUIVALENCE
5.5-8,5.2.2-3,0.8713,EQUIVALENCE
5.3-3,5.2.1-4.1,0.8713,EQUIVALENCE
5.4-4,5.1.4-2,0.8713,EQUIVALENCE
5.3-6B,5.1.4-2,0.8713,EQUIVALENCE
5.11-3,5.1.3-2,0.8713,EQUIVALENCE
5.3-8,5.1.3-1.2,0.8713,EQUIVALENCE
5.10-1,5.4.2-4,0.8713,EQUIVALENCE
5.3-5,5.1.3-4,0.8712,EQUIVALENCE
5.8-1,5.2.5-1,0.8712,EQUIVALENCE
5.2-3,5.1.3-4,0.8712,EQUIVALENCE
5.12-1,5.2.4-1.1,0.8712,EQUIVALENCE
5.6-6,5.2.5-2,0.8711,EQUIVALENCE
5.5-5,5.3.1-2.1,0.8711,EQUIVALENCE
5.3-6B,5.4.2-3,0.8711,EQUIVALENCE
5.3-10,5.3.1-2,0.8711,EQUIVALENCE
5.3-8,5.1.3-1.3,0.8711,EQUIVALENCE
5.12-1,5.1.2-3,0.8711,EQUIVALENCE
5.10-1,5.2.5-3,0.8711,EQUIVALENCE
5.6-9,5.4.2-4,0.871,EQUIVALENCE
5.4-2,5.1.3-1.2,0.871,EQUIVALENCE
5.8-3,5.1.2-3,0.871,EQUIVALENCE
5.6-3,5.1.3-4,0.871,EQUIVALENCE
5.3-6B,5.1.3-1.1,0.871,EQUIVALENCE
5.11-1,5.3.1-2.2,0.8709,EQUIVALENCE
5.7-2,5.4.1-2,0.8709,EQUIVALENCE
5.12-1,5.1.4-4,0.8709,EQUIVALENCE
5.5-1,5.2.4-1.1,0.8708,EQUIVALENCE
5.11-3,5.2.4-1,0.8708,EQUIVALENCE
5.6-8,5.5.1-1,0.8708,EQUIVALENCE
5.2-3,5.2.2-1,0.8707,EQUIVALENCE
5.6-5,5.3.1-1,0.8707,EQUIVALENCE
5.8-2,5.2.1-2,0.8707,EQUIVALENCE
5.12-3,5.5.1-2,0.8707,EQUIVALENCE
5.2-3,5.1.4-3,0.8707,EQUIVALENCE
5.3-13,5.3.1-2.1,0.8706,EQUIVALENCE
5.3-10,5.1.2-3,0.8706,EQUIVALENCE
5.9-3,5.1.3-4,0.8706,EQUIVALENCE
5.6-9,5.2.4-2.1,0.8706,EQUIVALENCE
5.3-9,5.4.2-4,0.8705,EQUIVALENCE
5.11-4,5.2.4-3,0.8705,EQUIVALENCE
5.3-13,5.2.2-3,0.8705,EQUIVALENCE
5.3-6A,5.1.4-3,0.8705,EQUIVALENCE
5.6-3,5.3.1-3,0.8705,EQUIVALENCE
5.5-7,5.2.3-2,0.8704,EQUIVALENCE
5.6-4A,5.1.2-7,0.8704,EQUIVALENCE
5.3-1,5.2.4-1.2,0.8704,EQUIVALENCE
5.1-2,5.1.4-3,0.8704,EQUIVALENCE
5.5-5,5.3.1-1,0.8704,EQUIVALENCE
5.3-6B,5.1.2-4,0.8704,EQUIVALENCE
5.3-14,5.1.2-5,0.8704,EQUIVALENCE
5.3-8,5.4.1-1.1,0.8703,EQUIVALENCE
5.11-4,5.3.1-2.1,0.8703,EQUIVALENCE
5.4-2,5.2.2-3,0.8703,EQUIVALENCE
5.5-2,5.5.1-2,0.8703,EQUIVALENCE
5.11-3,5.2.1-4.1,0.8703,EQUIVALENCE
5.11-2,5.1.3-2,0.8702,EQUIVALENCE
5.8-1,5.2.1-2,0.8701,EQUIVALENCE
5.4-2,5.2.2-2,0.8701,EQUIVALENCE
5.12-3,5.2.4-2.1,0.8701,EQUIVALENCE
5.12-2,5.4.2-3,0.87,EQUIVALENCE
5.3-9,5.2.2-2,0.8699,EQUIVALENCE
5.3-11,5.3.1-2.2,0.8699,EQUIVALENCE
5.13-1A,5.3.1-2,0.8699,EQUIVALENCE
5.11-3,5.1.2-1.1,0.8699,EQUIVALENCE
5.4-4,5.4.2-3,0.8699,EQUIVALENCE
5.6-9,5.1.3-1.2,0.8698,EQUIVALENCE
5.3-6B,5.1.4-3,0.8698,EQUIVALENCE
5.6-8,5.2.1-4.1,0.8698,EQUIVALENCE
5.11-2,5.1.4-3,0.8698,EQUIVALENCE
5.10-1,5.4.2-2,0.8698,EQUIVALENCE
5.1-1,5.2.1-4.1,0.8697,EQUIVALENCE
5.6-3,5.1.3-1.2,0.8697,EQUIVALENCE
5.3-5,5.2.4-1,0.8697,EQUIVALENCE
5.12-2,5.1.4-2,0.8697,EQUIVALENCE
5.3-11,5.3.1-2.1,0.8697,EQUIVALENCE
5.5-5,5.1.3-1.1,0.8697,EQUIVALENCE
5.5-8,5.3.1-2,0.8697,EQUIVALENCE
5.1-4,5.2.4-3,0.8696,EQUIVALENCE
5.3-12,5.2.4-2.1,0.8695,EQUIVALENCE
5.6-2,5.2.4-3,0.8695,EQUIVALENCE
5.12-1,5.4.1-2,0.8695,EQUIVALENCE
5.3-3,5.2.4-2.1,0.8695,EQUIVALENCE
5.1-5,5.3.1-2,0.8695,EQUIVALENCE
5.3-4B,5.4.1-1.1,0.8695,EQUIVALENCE
5.3-10,5.1.2-4,0.8695,EQUIVALENCE
5.3-12,5.1.3-2,0.8694,EQUIVALENCE
5.1-3,5.2.4-1.1,0.8694,EQUIVALENCE
5.3-12,5.2.4-3,0.8694,EQUIVALENCE
5.6-1,5.2.4-2,0.8694,EQUIVALENCE
5.11-3,5.2.5-4,0.8694,EQUIVALENCE
5.3-9,5.3.1-3,0.8694,EQUIVALENCE
5.1-2,5.2.3-2.1,0.8694,EQUIVALENCE
5.3-5,5.1.2-4,0.8694,EQUIVALENCE
5.8-2,5.2.5-1,0.8694,EQUIVALENCE
5.6-1,5.1.2-4,0.8693,EQUIVALENCE
5.3-13,5.3.1-3,0.8693,EQUIVALENCE
5.3-14,5.2.4-1.2,0.8693,EQUIVALENCE
5.5-4,5.1.2-6,0.8693,EQUIVALENCE
5.3-8,5.1.4-3,0.8693,EQUIVALENCE
5.8-1,5.5.1-1,0.8693,EQUIVALENCE
5.13-1B,5.3.1-2,0.8693,EQUIVALENCE
5.5-5,5.2.5-2,0.8692,EQUIVALENCE
5.12-2,5.1.2-5,0.8692,EQUIVALENCE
5.3-6A,5.2.5-3,0.8692,EQUIVALENCE
5.3-4B,5.2.5-3,0.8692,EQUIVALENCE
5.3-11,5.3.1-2,0.8692,EQUIVALENCE
5.3-6A,5.4.1-1,0.8692,EQUIVALENCE
5.6-1,5.1.3-1.2,0.8692,EQUIVALENCE
5.3-12,5.1.2-6,0.8692,EQUIVALENCE
5.9-3,5.1.2-6,0.8691,EQUIVALENCE
5.4-4,5.2.4-1.2,0.8691,EQUIVALENCE
5.4-3,5.2.4-2,0.8691,EQUIVALENCE
5.11-4,5.1.2-7,0.8691,EQUIVALENCE
5.1-5,5.5.1-1,0.869,EQUIVALENCE
5.1-2,5.4.1-2,0.869,EQUIVALENCE
5.3-14,5.4.2-4,0.869,EQUIVALENCE
5.13-1B,5.1.3-1.1,0.869,EQUIVALENCE
5.12-3,5.2.4-1.1,0.869,EQUIVALENCE
5.7-1,5.1.2-7,0.869,EQUIVALENCE
5.4-3,5.1.2-6,0.8689,EQUIVALENCE
5.12-3,5.4.2-4,0.8689,EQUIVALENCE
5.13-1A,5.1.3-1.1,0.8689,EQUIVALENCE
5.4-4,5.1.3-3,0.8689,EQUIVALENCE
5.0-1,5.2.5-3,0.8689,EQUIVALENCE
5.8-1,5.1.1-2.2,0.8689,EQUIVALENCE
5.3-5,5.4.1-2,0.8689,EQUIVALENCE
5.3-4B,5.1.1-2.1,0.8688,EQUIVALENCE
5.5-1,5.2.4-3,0.8688,EQUIVALENCE
5.3-4B,5.4.1-1,0.8688,EQUIVALENCE
5.3-5,5.2.2-2,0.8687,EQUIVALENCE
5.5-8,5.2.4-3,0.8687,EQUIVALENCE
5.3-5,5.1.2-7,0.8687,EQUIVALENCE
5.3-14,5.2.5-4,0.8687,EQUIVALENCE
5.3-8,5.4.2-2,0.8687,EQUIVALENCE
5.1-3,5.1.2-1,0.8686,EQUIVALENCE
5.8-1,5.1.2-4,0.8686,EQUIVALENCE
5.3-14,5.1.3-1.2,0.8686,EQUIVALENCE
5.6-9,5.2.4-2,0.8686,EQUIVALENCE
5.3-6A,5.2.5-4,0.8686,EQUIVALENCE
5.1-5,5.2.5-4,0.8686,EQUIVALENCE
5.6-1,5.1.2-3,0.8685,EQUIVALENCE
5.3-16,5.3.1-1,0.8685,EQUIVALENCE
5.12-1,5.1.4-2,0.8685,EQUIVALENCE
5.4-3,5.1.3-2,0.8684,EQUIVALENCE
5.7-2,5.1.4-3,0.8684,EQUIVALENCE
5.3-2,5.2.2-2,0.8684,EQUIVALENCE
5.1-5,5.3.1-2.1,0.8684,EQUIVALENCE
5.5-8,5.2.3-2.1,0.8684,EQUIVALENCE
5.11-1,5.3.1-1,0.8684,EQUIVALENCE
5.0-1,5.2.2-1,0.8683,EQUIVALENCE
5.5-7,5.1.3-2,0.8683,EQUIVALENCE
5.5-1,5.1.2-5.1,0.8683,EQUIVALENCE
5.2-2,5.5.1-1,0.8682,EQUIVALENCE
5.3-4B,5.1.2-1,0.8682,EQUIVALENCE
5.1-3,5.1.2-7,0.8682,EQUIVALENCE
5.3-14,5.1.2-7,0.8682,EQUIVALENCE
5.8-2,5.1.2-4,0.8682,EQUIVALENCE
5.11-2,5.5.1-2,0.8682,EQUIVALENCE
5.5-2,5.1.1-2,0.8682,EQUIVALENCE
5.11-4,5.2.4-2,0.8681,EQUIVALENCE
5.12-2,5.1.2-4,0.8681,EQUIVALENCE
5.0-1,5.1.4-2,0.8681,EQUIVALENCE
5.6-9,5.2.4-1.2,0.8681,EQUIVALENCE
5.3-9,5.1.4-2,0.8681,EQUIVALENCE
5.3-11,5.1.3-4,0.868,EQUIVALENCE
5.3-6B,5.2.4-2.1,0.868,EQUIVALENCE
5.6-4A,5.2.1-2,0.868,EQUIVALENCE
5.11-1,5.1.2-3,0.868,EQUIVALENCE
5.11-4,5.1.2-5,0.868,EQUIVALENCE
5.8-2,5.3.1-2.1,0.868,EQUIVALENCE
5.8-2,5.1.1-2.2,0.868,EQUIVALENCE
5.2-3,5.3.1-3,0.868,EQUIVALENCE
5.3-12,5.5.1-1,0.8679,EQUIVALENCE
5.2-1,5.2.4-2,0.8679,EQUIVALENCE
5.11-2,5.1.3-1.1,0.8679,EQUIVALENCE
5.5-8,5.2.2-1,0.8679,EQUIVALENCE
5.3-8,5.4.2-4,0.8679,EQUIVALENCE
5.7-2,5.1.2-7,0.8679,EQUIVALENCE
5.11-4,5.2.4-1.1,0.8679,EQUIVALENCE
5.4-4,5.1.2-1.1,0.8678,EQUIVALENCE
5.2-2,5.3.1-2,0.8678,EQUIVALENCE
5.3-2,5.2.2-6,0.8678,EQUIVALENCE
5.3-5,5.2.5-1,0.8677,EQUIVALENCE
5.3-5,5.1.4-5,0.8677,EQUIVALENCE
5.6-3,5.4.2-4,0.8677,EQUIVALENCE
5.4-2,5.1.2-3,0.8677,EQUIVALENCE
5.1-3,5.2.5-2,0.8677,EQUIVALENCE
5.9-2,5.1.2-6,0.8677,EQUIVALENCE
5.1-1,5.3.1-1,0.8677,EQUIVALENCE
5.3-6B,5.2.5-4.1,0.8676,EQUIVALENCE
5.9-2,5.1.2-1.1,0.8676,EQUIVALENCE
5.8-2,5.2.1-4,0.8676,EQUIVALENCE
5.8-1,5.2.4-3,0.8676,EQUIVALENCE
5.2-3,5.2.4-1,0.8675,EQUIVALENCE
5.4-3,5.2.1-2,0.8675,EQUIVALENCE
5.6-9,5.3.1-2.1,0.8675,EQUIVALENCE
5.12-3,5.1.4-4,0.8675,EQUIVALENCE
5.4-4,5.2.5-4,0.8675,EQUIVALENCE
5.3-11,5.1.2-5.1,0.8674,EQUIVALENCE
5.3-10,5.1.2-1.1,0.8674,EQUIVALENCE
5.6-3,5.1.4-1,0.8674,EQUIVALENCE
5.3-9,5.4.1-2,0.8674,EQUIVALENCE
5.5-2,5.1.4-4,0.8674,EQUIVALENCE
5.5-2,5.2.4-1.2,0.8674,EQUIVALENCE
5.8-3,5.1.3-2,0.8674,EQUIVALENCE
5.4-4,5.2.1-4,0.8674,EQUIVALENCE
5.1-2,5.2.4-1.1,0.8673,EQUIVALENCE
5.3-11,5.1.2-4,0.8673,EQUIVALENCE
5.3-12,5.3.1-1,0.8673,EQUIVALENCE
5.3-5,5.5.1-2,0.8673,EQUIVALENCE
5.3-2,5.2.5-4,0.8673,EQUIVALENCE
5.2-2,5.2.4-2.1,0.8672,EQUIVALENCE
5.3-1,5.5.1-1,0.8672,EQUIVALENCE
5.3-6A,5.2.4-1,0.8672,EQUIVALENCE
5.6-4A,5.1.1-2,0.8672,EQUIVALENCE
5.6-2,5.1.2-4,0.8672,EQUIVALENCE
5.3-6B,5.1.2-1,0.8671,EQUIVALENCE
5.6-4A,5.2.5-2,0.8671,EQUIVALENCE
5.9-3,5.2.3-2.1,0.8671,EQUIVALENCE
5.6-4B,5.1.4-4,0.8671,EQUIVALENCE
5.1-2,5.2.5-4,0.8671,EQUIVALENCE
5.12-1,5.2.2-5,0.867,EQUIVALENCE
5.11-4,5.1.4-4,0.867,EQUIVALENCE
5.8-3,5.1.4-2,0.867,EQUIVALENCE
5.6-2,5.1.2-7,0.867,EQUIVALENCE
5.6-4A,5.2.5-4,0.8669,EQUIVALENCE
5.5-1,5.1.2-5,0.8669,EQUIVALENCE
5.11-1,5.1.2-1.1,0.8669,EQUIVALENCE
5.5-2,5.2.4-1,0.8669,EQUIVALENCE
5.6-2,5.2.5-1,0.8668,EQUIVALENCE
5.12-1,5.5.1-1,0.8668,EQUIVALENCE
5.1-4,5.3.1-1,0.8668,EQUIVALENCE
5.12-2,5.1.3-1.2,0.8668,EQUIVALENCE
5.11-3,5.3.1-1,0.8668,EQUIVALENCE
5.5-2,5.4.2-2,0.8667,EQUIVALENCE
5.3-8,5.2.5-1,0.8667,EQUIVALENCE
5.12-2,5.5.1-2,0.8667,EQUIVALENCE
5.6-4A,5.2.5-1,0.8667,EQUIVALENCE
5.2-2,5.4.1-1.1,0.8667,EQUIVALENCE
5.1-1,5.2.2-3,0.8667,EQUIVALENCE
5.7-2,5.2.5-4,0.8667,EQUIVALENCE
5.4-4,5.2.5-3,0.8667,EQUIVALENCE
5.8-2,5.1.1-2,0.8667,EQUIVALENCE
5.3-14,5.4.1-2,0.8666,EQUIVALENCE
5.13-1B,5.2.2-2,0.8666,EQUIVALENCE
5.6-4A,5.1.4-4,0.8666,EQUIVALENCE
5.6-3,5.2.2-3,0.8665,EQUIVALENCE
5.10-1,5.4.2-3,0.8665,EQUIVALENCE
5.5-1,5.4.2-2,0.8665,EQUIVALENCE
5.6-9,5.2.5-1,0.8665,EQUIVALENCE
5.12-2,5.1.4-3,0.8665,EQUIVALENCE
5.3-6A,5.2.1-2,0.8665,EQUIVALENCE
5.8-1,5.3.1-2.1,0.8664,EQUIVALENCE
5.3-4B,5.2.4-1,0.8664,EQUIVALENCE
5.12-1,5.2.1-2,0.8664,EQUIVALENCE
5.3-13,5.1.3-2,0.8663,EQUIVALENCE
5.1-2,5.3.1-2,0.8663,EQUIVALENCE
5.5-8,5.5.1-1,0.8663,EQUIVALENCE
5.3-11,5.2.3-4,0.8663,EQUIVALENCE
5.12-1,5.2.1-4.1,0.8663,EQUIVALENCE
5.4-2,5.1.2-1.1,0.8663,EQUIVALENCE
5.11-4,5.5.1-2,0.8663,EQUIVALENCE
5.9-3,5.2.5-3,0.8662,EQUIVALENCE
5.8-1,5.2.4-1.1,0.8662,EQUIVALENCE
5.3-6B,5.2.4-1,0.8662,EQUIVALENCE
5.3-6B,5.1.3-1.2,0.8662,EQUIVALENCE
5.3-2,5.1.4-4,0.8662,EQUIVALENCE
5.7-1,5.2.1-2,0.8661,EQUIVALENCE
5.3-6B,5.2.4-1.1,0.8661,EQUIVALENCE
5.12-2,5.2.2-1,0.8661,EQUIVALENCE
5.11-4,5.2.5-3,0.8661,EQUIVALENCE
5.5-8,5.2.4-1,0.8661,EQUIVALENCE
5.6-9,5.1.2-1.1,0.8661,EQUIVALENCE
5.9-3,5.1.2-1.1,0.8661,EQUIVALENCE
5.0-1,5.1.3-1,0.8661,EQUIVALENCE
5.3-8,5.1.2-7,0.8661,EQUIVALENCE
5.3-5,5.4.2-4,0.866,EQUIVALENCE
5.1-2,5.1.4-2,0.866,EQUIVALENCE
5.11-3,5.1.4-4,0.866,EQUIVALENCE
5.5-7,5.2.4-3,0.8659,EQUIVALENCE
5.5-2,5.3.1-2.2,0.8659,EQUIVALENCE
5.7-1,5.2.3-2,0.8659,EQUIVALENCE
5.9-3,5.3.1-3,0.8659,EQUIVALENCE
5.12-2,5.1.2-5.1,0.8658,EQUIVALENCE
5.0-1,5.1.2-5.1,0.8658,EQUIVALENCE
5.3-6A,5.3.1-3,0.8658,EQUIVALENCE
5.7-1,5.3.1-1,0.8658,EQUIVALENCE
5.11-3,5.2.3-4,0.8658,EQUIVALENCE
5.3-6B,5.2.2-6,0.8658,EQUIVALENCE
5.13-1A,5.2.2-2,0.8658,EQUIVALENCE
5.3-5,5.3.1-1,0.8657,EQUIVALENCE
5.5-2,5.1.3-1.3,0.8657,EQUIVALENCE
5.0-1,5.4.2-4,0.8657,EQUIVALENCE
5.8-2,5.2.2-1,0.8657,EQUIVALENCE
5.11-3,5.2.4-2.1,0.8657,EQUIVALENCE
5.3-14,5.2.5-1,0.8656,EQUIVALENCE
5.3-6B,5.2.5-3,0.8656,EQUIVALENCE
5.3-5,5.2.5-4,0.8656,EQUIVALENCE
5.6-9,5.1.2-1,0.8656,EQUIVALENCE
5.1-3,5.2.1-2,0.8656,EQUIVALENCE
5.6-3,5.2.1-4.1,0.8656,EQUIVALENCE
5.4-3,5.2.1-4.1,0.8656,EQUIVALENCE
5.3-9,5.2.5-4,0.8656,EQUIVALENCE
5.5-2,5.2.2-6,0.8655,EQUIVALENCE
5.7-2,5.1.1-2,0.8655,EQUIVALENCE
5.3-14,5.1.1-2,0.8655,EQUIVALENCE
5.12-1,5.1.3-2,0.8655,EQUIVALENCE
5.5-8,5.2.2-6,0.8655,EQUIVALENCE
5.5-1,5.1.1-2.2,0.8655,EQUIVALENCE
5.11-4,5.1.2-3,0.8654,EQUIVALENCE
5.3-4B,5.2.5-4,0.8654,EQUIVALENCE
5.6-3,5.1.4-2,0.8654,EQUIVALENCE
5.3-11,5.1.2-1.1,0.8654,EQUIVALENCE
5.11-3,5.4.2-3,0.8654,EQUIVALENCE
5.5-1,5.3.1-2.1,0.8654,EQUIVALENCE
5.5-2,5.1.1-2.1,0.8654,EQUIVALENCE
5.1-3,5.1.2-4,0.8653,EQUIVALENCE
5.3-6A,5.2.1-4.1,0.8653,EQUIVALENCE
5.3-5,5.3.1-2.2,0.8653,EQUIVALENCE
5.3-11,5.1.3-1.3,0.8653,EQUIVALENCE
5.5-6,5.1.3-1.3,0.8653,EQUIVALENCE
5.12-2,5.4.1-2,0.8653,EQUIVALENCE
5.3-9,5.1.2-1.1,0.8653,EQUIVALENCE
5.3-4B,5.3.1-2.1,0.8652,EQUIVALENCE
5.6-2,5.2.1-2,0.8652,EQUIVALENCE
5.5-8,5.1.2-1.1,0.8652,EQUIVALENCE
5.6-9,5.4.1-1,0.8652,EQUIVALENCE
5.2-3,5.1.2-6,0.8651,EQUIVALENCE
5.9-2,5.5.1-1,0.8651,EQUIVALENCE
5.6-3,5.2.4-2,0.865,EQUIVALENCE
5.3-15A,5.1.4-4,0.865,EQUIVALENCE
5.6-3,5.1.3-2,0.865,EQUIVALENCE
5.3-4B,5.4.1-3,0.865,EQUIVALENCE
5.3-10,5.2.2-6,0.865,EQUIVALENCE
5.11-1,5.2.1-4.1,0.865,EQUIVALENCE
5.6-2,5.2.5-4,0.865,EQUIVALENCE
5.3-11,5.2.1-4.1,0.8649,EQUIVALENCE
5.6-4A,5.1.2-4,0.8649,EQUIVALENCE
5.5-1,5.1.2-7,0.8649,EQUIVALENCE
5.3-10,5.1.3-1.1,0.8649,EQUIVALENCE
5.12-1,5.1.3-1.1,0.8649,EQUIVALENCE
5.3-6A,5.5.1-1,0.8649,EQUIVALENCE
5.3-10,5.2.2-2,0.8649,EQUIVALENCE
5.4-4,5.1.4-5,0.8648,EQUIVALENCE
5.6-5,5.1.2-7,0.8648,EQUIVALENCE
5.2-1,5.2.3-2,0.8648,EQUIVALENCE
5.12-3,5.1.4-2,0.8648,EQUIVALENCE
5.2-3,5.2.4-3,0.8648,EQUIVALENCE
5.1-4,5.2.3-2.1,0.8647,EQUIVALENCE
5.3-8,5.1.3-1,0.8647,EQUIVALENCE
5.11-4,5.1.2-5.1,0.8647,EQUIVALENCE
5.12-2,5.2.5-3,0.8647,EQUIVALENCE
5.3-11,5.4.1-2,0.8646,EQUIVALENCE
5.5-5,5.3.1-3,0.8646,EQUIVALENCE
5.7-2,5.4.2-4,0.8646,EQUIVALENCE
5.7-2,5.2.5-2,0.8646,EQUIVALENCE
5.3-10,5.1.4-3,0.8646,EQUIVALENCE
5.3-14,5.2.3-4,0.8646,EQUIVALENCE
5.3-12,5.1.3-1.1,0.8646,EQUIVALENCE
5.5-8,5.2.3-2,0.8645,EQUIVALENCE
5.1-4,5.2.1-4.1,0.8645,EQUIVALENCE
5.4-3,5.1.3-4,0.8644,EQUIVALENCE
5.3-3,5.1.2-7,0.8644,EQUIVALENCE
5.5-2,5.2.4-1.1,0.8644,EQUIVALENCE
5.3-6B,5.1.2-7,0.8644,EQUIVALENCE
5.6-2,5.2.1-4.1,0.8644,EQUIVALENCE
5.7-1,5.3.1-2,0.8644,EQUIVALENCE
5.9-3,5.1.2-4,0.8644,EQUIVALENCE
5.1-5,5.1.3-4,0.8644,EQUIVALENCE
5.2-2,5.1.2-7,0.8644,EQUIVALENCE
5.3-14,5.4.1-3,0.8643,EQUIVALENCE
5.4-4,5.1.2-5.1,0.8643,EQUIVALENCE
5.4-4,5.4.1-1.1,0.8642,EQUIVALENCE
5.11-1,5.1.3-2,0.8642,EQUIVALENCE
5.5-8,5.1.2-5,0.8642,EQUIVALENCE
5.11-4,5.2.1-2,0.8642,EQUIVALENCE
5.11-4,5.2.5-2,0.8642,EQUIVALENCE
5.3-8,5.1.4-2,0.8642,EQUIVALENCE
5.3-2,5.3.1-2,0.8642,EQUIVALENCE
5.7-2,5.5.1-2,0.8642,EQUIVALENCE
5.3-9,5.5.1-1,0.8641,EQUIVALENCE
5.10-1,5.1.3-1.1,0.8641,EQUIVALENCE
5.5-5,5.2.3-4,0.8641,EQUIVALENCE
5.2-2,5.1.4-3,0.8641,EQUIVALENCE
5.6-4A,5.1.4-3,0.8641,EQUIVALENCE
5.3-2,5.2.4-3,0.8641,EQUIVALENCE
5.3-6B,5.5.1-2,0.864,EQUIVALENCE
5.6-8,5.1.3-4,0.864,EQUIVALENCE
5.1-2,5.1.2-4,0.864,EQUIVALENCE
5.6-3,5.2.1-2,0.864,EQUIVALENCE
5.11-2,5.2.4-1,0.864,EQUIVALENCE
5.11-4,5.4.1-1,0.864,EQUIVALENCE
5.6-9,5.5.1-2,0.8639,EQUIVALENCE
5.3-6A,5.2.5-4.1,0.8639,EQUIVALENCE
5.11-1,5.2.3-4,0.8639,EQUIVALENCE
5.3-6A,5.1.2-3,0.8639,EQUIVALENCE
5.6-1,5.2.5-4,0.8639,EQUIVALENCE
5.5-8,5.1.3-1.2,0.8639,EQUIVALENCE
5.3-5,5.4.2-3,0.8638,EQUIVALENCE
5.6-1,5.2.5-1,0.8638,EQUIVALENCE
5.3-10,5.2.2-3,0.8638,EQUIVALENCE
5.11-4,5.4.1-1.1,0.8638,EQUIVALENCE
5.8-1,5.2.2-1,0.8638,EQUIVALENCE
5.3-6A,5.3.1-2.2,0.8638,EQUIVALENCE
5.10-1,5.2.1-2,0.8638,EQUIVALENCE
5.8-3,5.1.4-5,0.8638,EQUIVALENCE
5.1-2,5.1.2-5,0.8637,EQUIVALENCE
5.3-3,5.1.2-1.1,0.8637,EQUIVALENCE
5.4-2,5.1.2-7,0.8637,EQUIVALENCE
5.8-2,5.2.4-1.1,0.8637,EQUIVALENCE
5.9-2,5.1.3-1.1,0.8637,EQUIVALENCE
5.2-3,5.3.1-2,0.8636,EQUIVALENCE
5.4-4,5.2.5-2.1,0.8636,EQUIVALENCE
5.5-1,5.4.1-2,0.8636,EQUIVALENCE
5.12-2,5.2.5-4,0.8636,EQUIVALENCE
5.4-3,5.1.1-2.2,0.8636,EQUIVALENCE
5.6-5,5.2.2-2,0.8635,EQUIVALENCE
5.11-3,5.5.1-1,0.8635,EQUIVALENCE
5.12-2,5.1.2-7,0.8635,EQUIVALENCE
5.8-1,5.2.5-2,0.8634,EQUIVALENCE
5.3-6B,5.1.4-4,0.8634,EQUIVALENCE
5.3-13,5.2.3-4,0.8634,EQUIVALENCE
5.5-8,5.1.3-4,0.8634,EQUIVALENCE
5.3-13,5.1.2-1,0.8634,EQUIVALENCE
5.3-6A,5.1.4-4,0.8634,EQUIVALENCE
5.1-3,5.5.1-1,0.8633,EQUIVALENCE
5.13-1B,5.5.1-1,0.8633,EQUIVALENCE
5.9-2,5.4.2-2,0.8633,EQUIVALENCE
5.1-4,5.2.3-4,0.8633,EQUIVALENCE
5.11-4,5.2.1-4,0.8633,EQUIVALENCE
5.3-6A,5.1.2-7,0.8633,EQUIVALENCE
5.2-2,5.4.1-1,0.8632,EQUIVALENCE
5.3-8,5.1.1-2.2,0.8632,EQUIVALENCE
5.3-2,5.1.4-3,0.8632,EQUIVALENCE
5.11-2,5.2.3-2.1,0.8632,EQUIVALENCE
5.0-1,5.4.1-1.1,0.8632,EQUIVALENCE
5.3-6B,5.1.2-5.1,0.8632,EQUIVALENCE
5.2-2,5.2.3-2,0.8632,EQUIVALENCE
5.6-5,5.2.1-4.1,0.8632,EQUIVALENCE
5.6-4A,5.2.4-1,0.8631,EQUIVALENCE
5.3-6B,5.2.3-4,0.8631,EQUIVALENCE
5.12-1,5.2.5-4,0.8631,EQUIVALENCE
5.4-4,5.2.5-2,0.8631,EQUIVALENCE
5.3-2,5.2.3-2,0.8631,EQUIVALENCE
5.3-10,5.3.1-1,0.8631,EQUIVALENCE
5.12-2,5.2.4-1.2,0.863,EQUIVALENCE
5.5-7,5.2.1-2,0.863,EQUIVALENCE
5.2-3,5.2.3-2,0.863,EQUIVALENCE
5.9-2,5.1.2-7,0.863,EQUIVALENCE
5.9-2,5.1.3-4,0.863,EQUIVALENCE
5.6-8,5.2.1-2,0.863,EQUIVALENCE
5.1-3,5.1.3-1.1,0.863,EQUIVALENCE
5.1-4,5.1.3-1.1,0.863,EQUIVALENCE
5.8-2,5.1.3-2,0.8629,EQUIVALENCE
5.3-6A,5.3.1-2.1,0.8629,EQUIVALENCE
5.3-5,5.1.4-1,0.8629,EQUIVALENCE
5.0-1,5.2.5-4,0.8629,EQUIVALENCE
5.4-4,5.3.1-2.1,0.8629,EQUIVALENCE
5.3-11,5.1.4-2,0.8628,EQUIVALENCE
5.6-1,5.1.2-1,0.8628,EQUIVALENCE
5.4-4,5.2.3-1,0.8628,EQUIVALENCE
5.6-1,5.1.4-3,0.8628,EQUIVALENCE
5.7-1,5.2.4-2,0.8628,EQUIVALENCE
5.3-4B,5.1.4-2,0.8628,EQUIVALENCE
5.5-5,5.1.2-7,0.8627,EQUIVALENCE
5.7-2,5.4.2-2,0.8627,EQUIVALENCE
5.8-1,5.1.2-1.1,0.8627,EQUIVALENCE
5.5-2,5.2.5-2,0.8626,EQUIVALENCE
5.4-4,5.4.1-3,0.8626,EQUIVALENCE
5.8-2,5.5.1-1,0.8626,EQUIVALENCE
5.7-2,5.1.2-1,0.8626,EQUIVALENCE
5.1-2,5.2.4-2.1,0.8626,EQUIVALENCE
5.2-3,5.1.2-1,0.8626,EQUIVALENCE
5.0-1,5.5.1-2,0.8625,EQUIVALENCE
5.12-2,5.1.4-4,0.8625,EQUIVALENCE
5.3-9,5.3.1-1,0.8625,EQUIVALENCE
5.11-3,5.3.1-3,0.8625,EQUIVALENCE
5.1-4,5.1.4-3,0.8624,EQUIVALENCE
5.6-2,5.2.3-2,0.8624,EQUIVALENCE
5.3-6A,5.4.1-3,0.8624,EQUIVALENCE
5.8-3,5.1.4-1,0.8623,EQUIVALENCE
5.12-2,5.2.2-6,0.8623,EQUIVALENCE
5.11-3,5.1.4-5,0.8623,EQUIVALENCE
5.7-1,5.3.1-3,0.8623,EQUIVALENCE
5.4-2,5.5.1-2,0.8622,EQUIVALENCE
5.3-2,5.1.4-5,0.8622,EQUIVALENCE
5.3-14,5.4.1-1,0.8622,EQUIVALENCE
5.6-2,5.1.3-1.2,0.8621,EQUIVALENCE
5.3-1,5.1.2-6,0.8621,EQUIVALENCE
5.10-1,5.1.4-2,0.8621,EQUIVALENCE
5.12-1,5.2.4-3,0.8621,EQUIVALENCE
5.11-1,5.2.4-1,0.8621,EQUIVALENCE
5.3-5,5.2.3-2.1,0.862,EQUIVALENCE
5.6-4A,5.1.3-1.2,0.862,EQUIVALENCE
5.5-1,5.1.3-1.2,0.862,EQUIVALENCE
5.5-7,5.2.4-2,0.862,EQUIVALENCE
5.3-5,5.2.3-2,0.862,EQUIVALENCE
5.3-2,5.5.1-1,0.862,EQUIVALENCE
5.4-2,5.1.3-4,0.862,EQUIVALENCE
5.4-4,5.1.4-4,0.862,EQUIVALENCE
5.6-3,5.4.1-3,0.8619,EQUIVALENCE
5.6-4A,5.1.2-1,0.8619,EQUIVALENCE
5.5-5,5.1.3-4,0.8619,EQUIVALENCE
5.0-1,5.2.4-1.2,0.8619,EQUIVALENCE
5.3-4B,5.2.1-4,0.8618,EQUIVALENCE
5.11-2,5.1.4-4,0.8618,EQUIVALENCE
5.7-1,5.2.4-1.2,0.8618,EQUIVALENCE
5.6-9,5.1.4-1,0.8618,EQUIVALENCE
5.5-5,5.2.1-2,0.8618,EQUIVALENCE
5.11-2,5.3.1-2.1,0.8617,EQUIVALENCE
5.13-1B,5.1.2-1.1,0.8617,EQUIVALENCE
5.3-2,5.1.3-1.1,0.8617,EQUIVALENCE
5.3-10,5.2.1-2,0.8617,EQUIVALENCE
5.0-1,5.2.5-2,0.8617,EQUIVALENCE
5.3-12,5.3.1-3,0.8616,EQUIVALENCE
5.4-4,5.5.1-2,0.8616,EQUIVALENCE
5.1-3,5.1.1-2,0.8616,EQUIVALENCE
5.7-2,5.2.3-2.1,0.8616,EQUIVALENCE
5.11-3,5.3.1-2.2,0.8616,EQUIVALENCE
5.0-1,5.1.1-2.1,0.8616,EQUIVALENCE
5.3-6A,5.1.3-2,0.8615,EQUIVALENCE
5.1-4,5.1.3-1.2,0.8615,EQUIVALENCE
5.12-1,5.4.2-3,0.8615,EQUIVALENCE
5.13-1A,5.1.2-1.1,0.8615,EQUIVALENCE
5.0-1,5.1.4-4,0.8615,EQUIVALENCE
5.12-1,5.4.2-4,0.8614,EQUIVALENCE
5.12-1,5.1.3-1.2,0.8614,EQUIVALENCE
5.5-5,5.1.3-2,0.8614,EQUIVALENCE
5.7-1,5.1.2-3,0.8614,EQUIVALENCE
5.3-11,5.2.4-2,0.8613,EQUIVALENCE
5.4-4,5.1.2-1,0.8613,EQUIVALENCE
5.3-3,5.4.1-2,0.8613,EQUIVALENCE
5.8-1,5.1.1-2,0.8613,EQUIVALENCE
5.7-2,5.3.1-2.1,0.8613,EQUIVALENCE
5.11-4,5.4.2-3,0.8612,EQUIVALENCE
5.6-1,5.1.1-2,0.8612,EQUIVALENCE
5.6-4A,5.4.1-2,0.8612,EQUIVALENCE
5.7-1,5.2.5-1,0.8612,EQUIVALENCE
5.6-5,5.2.4-1,0.8612,EQUIVALENCE
5.12-2,5.3.1-2.1,0.8612,EQUIVALENCE
5.6-4A,5.2.4-2.1,0.8612,EQUIVALENCE
5.2-2,5.1.3-1.3,0.8612,EQUIVALENCE
5.10-1,5.2.2-2,0.8612,EQUIVALENCE
5.3-8,5.4.1-1,0.8612,EQUIVALENCE
5.6-2,5.1.2-3,0.8612,EQUIVALENCE
5.1-3,5.2.3-2.1,0.8612,EQUIVALENCE
5.5-1,5.2.3-2.1,0.8612,EQUIVALENCE
5.11-2,5.3.1-3,0.8611,EQUIVALENCE
5.1-2,5.3.1-2.1,0.8611,EQUIVALENCE
5.3-6A,5.2.2-6,0.8611,EQUIVALENCE
5.3-4B,5.2.2-1,0.8611,EQUIVALENCE
5.3-3,5.1.2-1,0.8611,EQUIVALENCE
5.12-3,5.2.3-4,0.8611,EQUIVALENCE
5.1-2,5.5.1-2,0.8611,EQUIVALENCE
5.6-3,5.1.2-4,0.8611,EQUIVALENCE
5.3-15A,5.5.1-1,0.8611,EQUIVALENCE
5.2-2,5.2.4-1,0.861,EQUIVALENCE
5.10-1,5.1.3-2,0.861,EQUIVALENCE
5.0-1,5.2.2-6,0.861,EQUIVALENCE
5.1-5,5.1.3-1.1,0.861,EQUIVALENCE
5.12-2,5.1.1-2.1,0.861,EQUIVALENCE
5.3-10,5.2.1-4.1,0.861,EQUIVALENCE
5.12-1,5.3.1-2.1,0.861,EQUIVALENCE
5.3-5,5.2.2-6,0.861,EQUIVALENCE
5.7-1,5.2.1-4.1,0.8609,EQUIVALENCE
5.2-1,5.1.1-2.1,0.8609,EQUIVALENCE
5.11-2,5.4.1-2,0.8609,EQUIVALENCE
5.3-15B,5.1.4-4,0.8609,EQUIVALENCE
5.5-5,5.1.2-1.1,0.8609,EQUIVALENCE
5.3-12,5.4.2-4,0.8608,EQUIVALENCE
5.3-15A,5.1.2-1.1,0.8608,EQUIVALENCE
5.11-1,5.1.3-1.2,0.8608,EQUIVALENCE
5.6-3,5.1.3-1.1,0.8608,EQUIVALENCE
5.7-2,5.1.2-4,0.8608,EQUIVALENCE
5.5-1,5.2.4-2,0.8607,EQUIVALENCE
5.6-1,5.5.1-2,0.8607,EQUIVALENCE
5.9-1,5.3.1-3,0.8607,EQUIVALENCE
5.7-2,5.2.4-2.1,0.8607,EQUIVALENCE
5.3-3,5.2.5-4,0.8607,EQUIVALENCE
5.2-1,5.2.1-2,0.8607,EQUIVALENCE
5.3-5,5.3.1-2.1,0.8606,EQUIVALENCE
5.4-2,5.1.3-1.1,0.8606,EQUIVALENCE
5.3-13,5.1.2-1.1,0.8606,EQUIVALENCE
5.8-3,5.1.4-3,0.8606,EQUIVALENCE
5.1-4,5.2.3-2,0.8606,EQUIVALENCE
5.5-8,5.1.4-3,0.8605,EQUIVALENCE
5.9-2,5.4.2-4,0.8605,EQUIVALENCE
5.3-5,5.2.1-2,0.8605,EQUIVALENCE
5.3-11,5.4.1-1.1,0.8605,EQUIVALENCE
5.12-3,5.1.1-2.2,0.8605,EQUIVALENCE
5.4-3,5.1.3-1.2,0.8605,EQUIVALENCE
5.3-8,5.2.1-4,0.8605,EQUIVALENCE
5.3-6B,5.2.2-1,0.8604,EQUIVALENCE
5.6-9,5.1.3-1.1,0.8604,EQUIVALENCE
5.3-3,5.3.1-3,0.8604,EQUIVALENCE
5.8-3,5.1.2-4,0.8604,EQUIVALENCE
5.13-1A,5.2.1-4.1,0.8603,EQUIVALENCE
5.8-2,5.2.3-2.1,0.8603,EQUIVALENCE
5.12-3,5.2.5-2,0.8603,EQUIVALENCE
5.5-8,5.1.3-2,0.8603,EQUIVALENCE
5.3-4B,5.1.2-5.1,0.8603,EQUIVALENCE
5.6-6,5.1.4-4,0.8603,EQUIVALENCE
5.3-1,5.1.4-5,0.8603,EQUIVALENCE
5.9-1,5.1.2-4,0.8602,EQUIVALENCE
5.3-6A,5.2.5-2,0.8602,EQUIVALENCE
5.4-2,5.2.4-2,0.8602,EQUIVALENCE
5.3-5,5.1.4-3,0.8602,EQUIVALENCE
5.3-5,5.1.2-3,0.8602,EQUIVALENCE
5.3-9,5.1.2-6,0.8602,EQUIVALENCE
5.1-5,5.1.2-1,0.8602,EQUIVALENCE
5.9-3,5.2.2-6,0.8601,EQUIVALENCE
5.3-12,5.2.2-3,0.8601,EQUIVALENCE
5.3-6A,5.1.2-1.1,0.8601,EQUIVALENCE
5.1-4,5.1.2-1.1,0.86,EQUIVALENCE
5.13-1B,5.2.1-4.1,0.86,EQUIVALENCE
5.1-2,5.4.2-2,0.86,EQUIVALENCE
5.3-12,5.2.4-1.1,0.86,EQUIVALENCE
5.7-2,5.2.3-4,0.86,EQUIVALENCE
5.3-6A,5.4.1-1.1,0.86,EQUIVALENCE
5.9-3,5.2.2-3,0.86,EQUIVALENCE
5.4-2,5.1.4-3,0.8599,EQUIVALENCE
5.8-1,5.2.3-2.1,0.8599,EQUIVALENCE
5.11-4,5.4.2-2,0.8599,EQUIVALENCE
5.11-3,5.4.1-1,0.8599,EQUIVALENCE
5.2-3,5.1.2-3,0.8599,EQUIVALENCE
5.6-4A,5.2.3-2.1,0.8599,EQUIVALENCE
5.3-9,5.3.1-2,0.8598,EQUIVALENCE
5.3-13,5.1.4-3,0.8598,EQUIVALENCE
5.3-10,5.2.3-4,0.8598,EQUIVALENCE
5.6-3,5.2.4-1.2,0.8598,EQUIVALENCE
5.6-1,5.3.1-3,0.8598,EQUIVALENCE
5.11-4,5.5.1-1,0.8598,EQUIVALENCE
5.7-1,5.1.4-4,0.8598,EQUIVALENCE
5.3-2,5.5.1-2,0.8598,EQUIVALENCE
5.8-1,5.1.3-2,0.8598,EQUIVALENCE
5.3-10,5.1.3-4,0.8597,EQUIVALENCE
5.2-3,5.4.1-1,0.8597,EQUIVALENCE
5.5-5,5.1.4-2,0.8597,EQUIVALENCE
5.3-14,5.1.3-1.1,0.8597,EQUIVALENCE
5.9-3,5.1.4-3,0.8596,EQUIVALENCE
5.3-1,5.2.1-2,0.8596,EQUIVALENCE
5.4-4,5.2.1-1,0.8596,EQUIVALENCE
5.3-13,5.2.2-4,0.8596,EQUIVALENCE
5.12-3,5.1.1-2.1,0.8596,EQUIVALENCE
5.3-11,5.1.4-3,0.8596,EQUIVALENCE
5.3-13,5.1.4-2,0.8595,EQUIVALENCE
5.11-1,5.2.2-6,0.8595,EQUIVALENCE
5.11-2,5.4.1-1.1,0.8595,EQUIVALENCE
5.3-12,5.1.3-1.2,0.8595,EQUIVALENCE
5.6-5,5.1.4-1,0.8595,EQUIVALENCE
5.1-2,5.3.1-3,0.8594,EQUIVALENCE
5.2-2,5.1.1-2.2,0.8594,EQUIVALENCE
5.3-12,5.1.2-3,0.8594,EQUIVALENCE
5.6-6,5.1.2-5,0.8594,EQUIVALENCE
5.6-6,5.1.2-6,0.8594,EQUIVALENCE
5.1-4,5.1.4-4,0.8594,EQUIVALENCE
5.11-2,5.1.3-3,0.8594,EQUIVALENCE
5.13-1A,5.5.1-1,0.8593,EQUIVALENCE
5.1-5,5.1.3-2,0.8593,EQUIVALENCE
5.2-1,5.3.1-2.1,0.8593,EQUIVALENCE
5.11-2,5.2.3-4,0.8593,EQUIVALENCE
5.3-4B,5.2.3-2.1,0.8593,EQUIVALENCE
5.3-6B,5.1.4-5,0.8593,EQUIVALENCE
5.6-4A,5.4.2-4,0.8593,EQUIVALENCE
5.6-3,5.1.1-2.2,0.8593,EQUIVALENCE
5.5-5,5.2.5-1,0.8593,EQUIVALENCE
5.3-4B,5.1.2-7,0.8592,EQUIVALENCE
5.11-2,5.1.2-4,0.8592,EQUIVALENCE
5.2-3,5.4.2-3,0.8592,EQUIVALENCE
5.10-1,5.2.1-4.1,0.8592,EQUIVALENCE
5.11-2,5.1.4-5,0.8592,EQUIVALENCE
5.7-2,5.1.3-1.2,0.8592,EQUIVALENCE
5.8-1,5.2.1-4,0.8592,EQUIVALENCE
5.5-8,5.1.4-4,0.8591,EQUIVALENCE
5.2-1,5.1.2-5,0.8591,EQUIVALENCE
5.1-4,5.2.2-3,0.8591,EQUIVALENCE
5.11-4,5.2.3-2,0.8591,EQUIVALENCE
5.3-5,5.4.1-3,0.8591,EQUIVALENCE
5.12-3,5.2.3-2.1,0.8591,EQUIVALENCE
5.7-2,5.1.2-1.1,0.8591,EQUIVALENCE
5.2-3,5.4.2-1,0.859,EQUIVALENCE
5.6-1,5.2.4-1,0.8589,EQUIVALENCE
5.11-2,5.1.4-2,0.8589,EQUIVALENCE
5.2-1,5.1.3-1.3,0.8588,EQUIVALENCE
5.2-3,5.1.1-2,0.8588,EQUIVALENCE
5.7-1,5.1.3-2,0.8588,EQUIVALENCE
5.7-2,5.2.4-1.1,0.8588,EQUIVALENCE
5.5-2,5.2.1-1,0.8588,EQUIVALENCE
5.6-1,5.3.1-2.1,0.8588,EQUIVALENCE
5.3-11,5.2.4-1.1,0.8588,EQUIVALENCE
5.8-2,5.1.2-1.1,0.8588,EQUIVALENCE
5.8-2,5.2.5-2,0.8588,EQUIVALENCE
5.1-3,5.2.2-1,0.8588,EQUIVALENCE
5.13-1B,5.1.3-4,0.8588,EQUIVALENCE
5.8-3,5.2.5-2,0.8587,EQUIVALENCE
5.6-9,5.1.3-1.3,0.8587,EQUIVALENCE
5.2-1,5.1.3-1.1,0.8587,EQUIVALENCE
5.2-2,5.1.2-1.1,0.8587,EQUIVALENCE
5.3-5,5.4.1-1,0.8587,EQUIVALENCE
5.4-3,5.2.4-2.1,0.8586,EQUIVALENCE
5.2-3,5.4.2-4,0.8586,EQUIVALENCE
5.1-2,5.2.4-2,0.8586,EQUIVALENCE
5.8-3,5.1.3-3,0.8586,EQUIVALENCE
5.6-5,5.2.3-4,0.8585,EQUIVALENCE
5.11-3,5.2.2-3,0.8585,EQUIVALENCE
5.12-1,5.2.5-2,0.8585,EQUIVALENCE
5.0-1,5.3.1-2.2,0.8585,EQUIVALENCE
5.5-2,5.1.1-1,0.8585,EQUIVALENCE
5.9-2,5.2.2-2,0.8585,EQUIVALENCE
5.12-3,5.2.5-4,0.8585,EQUIVALENCE
5.2-1,5.1.2-1.1,0.8584,EQUIVALENCE
5.3-9,5.1.2-7,0.8584,EQUIVALENCE
5.3-13,5.2.3-2.2,0.8584,EQUIVALENCE
5.3-6B,5.1.1-2.1,0.8584,EQUIVALENCE
5.5-8,5.2.1-4.1,0.8584,EQUIVALENCE
5.10-1,5.2.4-2,0.8584,EQUIVALENCE
5.2-2,5.4.1-3,0.8584,EQUIVALENCE
5.12-3,5.2.2-6,0.8584,EQUIVALENCE
5.3-11,5.2.4-3,0.8584,EQUIVALENCE
5.12-3,5.2.1-4,0.8584,EQUIVALENCE
5.11-4,5.4.1-2,0.8584,EQUIVALENCE
5.7-1,5.2.5-2,0.8583,EQUIVALENCE
5.11-1,5.1.3-1.1,0.8583,EQUIVALENCE
5.8-3,5.2.5-3,0.8583,EQUIVALENCE
5.12-3,5.1.2-5,0.8583,EQUIVALENCE
5.3-16,5.1.2-7,0.8583,EQUIVALENCE
5.3-11,5.2.5-3,0.8583,EQUIVALENCE
5.1-5,5.2.2-6,0.8582,EQUIVALENCE
5.6-3,5.4.2-3,0.8582,EQUIVALENCE
5.3-13,5.2.5-3,0.8582,EQUIVALENCE
5.6-4A,5.2.5-3,0.8582,EQUIVALENCE
5.5-5,5.1.3-1.2,0.8582,EQUIVALENCE
5.1-3,5.2.5-4,0.8582,EQUIVALENCE
5.1-4,5.1.3-4,0.8582,EQUIVALENCE
5.1-5,5.1.4-3,0.8582,EQUIVALENCE
5.6-9,5.1.3-1,0.8581,EQUIVALENCE
5.2-3,5.2.5-1,0.8581,EQUIVALENCE
5.5-7,5.1.1-2,0.8581,EQUIVALENCE
5.8-2,5.1.4-3,0.8581,EQUIVALENCE
5.3-8,5.2.5-4,0.8581,EQUIVALENCE
5.3-4B,5.1.3-1,0.8581,EQUIVALENCE
5.3-6B,5.2.1-4,0.8581,EQUIVALENCE
5.10-1,5.1.2-3,0.858,EQUIVALENCE
5.4-4,5.1.4-1,0.858,EQUIVALENCE
5.3-6B,5.3.1-2.1,0.8579,EQUIVALENCE
5.8-3,5.3.1-3,0.8579,EQUIVALENCE
5.6-3,5.2.5-3,0.8579,EQUIVALENCE
5.6-5,5.5.1-1,0.8579,EQUIVALENCE
5.1-1,5.1.2-3,0.8579,EQUIVALENCE
5.3-3,5.1.3-1.1,0.8578,EQUIVALENCE
5.9-1,5.4.2-4,0.8578,EQUIVALENCE
5.9-3,5.1.3-1.1,0.8578,EQUIVALENCE
5.2-2,5.2.5-2,0.8578,EQUIVALENCE
5.6-9,5.2.5-2,0.8578,EQUIVALENCE
5.11-4,5.2.4-2.1,0.8578,EQUIVALENCE
5.12-3,5.2.4-1.2,0.8578,EQUIVALENCE
5.6-5,5.1.4-2,0.8578,EQUIVALENCE
5.5-2,5.2.2-5,0.8577,EQUIVALENCE
5.1-4,5.4.1-2,0.8577,EQUIVALENCE
5.3-6B,5.1.2-5,0.8577,EQUIVALENCE
5.5-1,5.2.2-1,0.8577,EQUIVALENCE
5.12-2,5.2.1-4,0.8577,EQUIVALENCE
5.3-13,5.2.5-4,0.8576,EQUIVALENCE
5.8-3,5.3.1-2.1,0.8576,EQUIVALENCE
5.11-1,5.2.1-2,0.8576,EQUIVALENCE
5.3-1,5.1.4-2,0.8576,EQUIVALENCE
5.2-2,5.2.5-1,0.8576,EQUIVALENCE
5.3-8,5.3.1-2.2,0.8575,EQUIVALENCE
5.3-1,5.2.5-4,0.8575,EQUIVALENCE
5.5-5,5.1.4-4,0.8575,EQUIVALENCE
5.13-1B,5.1.2-4,0.8575,EQUIVALENCE
5.2-1,5.2.5-1,0.8575,EQUIVALENCE
5.3-6A,5.5.1-2,0.8575,EQUIVALENCE
5.13-1B,5.2.5-4,0.8574,EQUIVALENCE
5.11-1,5.1.3-4,0.8574,EQUIVALENCE
5.6-2,5.2.5-4.1,0.8574,EQUIVALENCE
5.3-6B,5.4.1-1.1,0.8574,EQUIVALENCE
5.6-9,5.4.2-2,0.8574,EQUIVALENCE
5.3-8,5.4.2-3,0.8574,EQUIVALENCE
5.6-1,5.2.1-4,0.8574,EQUIVALENCE
5.1-3,5.2.5-3,0.8574,EQUIVALENCE
5.11-3,5.4.1-1.1,0.8573,EQUIVALENCE
5.3-11,5.2.2-2,0.8573,EQUIVALENCE
5.2-1,5.1.3-4,0.8573,EQUIVALENCE
5.12-1,5.5.1-2,0.8573,EQUIVALENCE
5.3-4B,5.2.5-1,0.8573,EQUIVALENCE
5.11-1,5.1.4-4,0.8573,EQUIVALENCE
5.3-13,5.4.1-3,0.8572,EQUIVALENCE
5.11-4,5.1.3-4,0.8572,EQUIVALENCE
5.1-4,5.5.1-2,0.8572,EQUIVALENCE
5.3-1,5.1.3-4,0.8572,EQUIVALENCE
5.3-1,5.1.2-1.1,0.8572,EQUIVALENCE
5.13-1A,5.2.5-4,0.8572,EQUIVALENCE
5.6-3,5.1.4-5,0.8572,EQUIVALENCE
5.6-5,5.2.4-1.2,0.8572,EQUIVALENCE
5.5-8,5.3.1-3,0.8572,EQUIVALENCE
5.3-13,5.2.1-4,0.8572,EQUIVALENCE
5.11-4,5.2.1-4.2,0.8572,EQUIVALENCE
5.1-2,5.1.2-1.1,0.8572,EQUIVALENCE
5.5-5,5.1.2-3,0.8572,EQUIVALENCE
5.3-8,5.2.4-1,0.8571,EQUIVALENCE
5.10-1,5.1.4-4,0.8571,EQUIVALENCE
5.1-3,5.1.2-2,0.8571,EQUIVALENCE
5.6-2,5.5.1-2,0.8571,EQUIVALENCE
5.1-3,5.1.3-2,0.8571,EQUIVALENCE
5.7-1,5.1.2-4,0.8571,EQUIVALENCE
5.3-4B,5.2.5-2,0.8571,EQUIVALENCE
5.9-3,5.5.1-2,0.8571,EQUIVALENCE
5.8-3,5.2.2-4,0.857,EQUIVALENCE
5.4-4,5.2.1-4.2,0.857,EQUIVALENCE
5.3-9,5.2.4-2,0.857,EQUIVALENCE
5.6-2,5.2.3-4,0.8569,EQUIVALENCE
5.3-5,5.1.3-3,0.8569,EQUIVALENCE
5.6-3,5.2.3-4,0.8569,EQUIVALENCE
5.13-1B,5.2.2-3,0.8569,EQUIVALENCE
5.11-3,5.2.4-2,0.8568,EQUIVALENCE
5.4-4,5.2.2-5,0.8568,EQUIVALENCE
5.3-4B,5.1.1-2.2,0.8568,EQUIVALENCE
5.6-1,5.1.2-5,0.8568,EQUIVALENCE
5.8-3,5.2.4-2,0.8568,EQUIVALENCE
5.6-4B,5.2.1-3.1,0.8567,EQUIVALENCE
5.13-1A,5.1.3-4,0.8567,EQUIVALENCE
5.5-2,5.2.1-4,0.8567,EQUIVALENCE
5.3-4B,5.2.5-4.1,0.8567,EQUIVALENCE
5.8-2,5.2.4-1,0.8567,EQUIVALENCE
5.3-11,5.1.1-2.2,0.8566,EQUIVALENCE
5.3-13,5.1.1-2.1,0.8566,EQUIVALENCE
5.6-4A,5.1.2-5,0.8566,EQUIVALENCE
5.7-2,5.4.2-3,0.8566,EQUIVALENCE
5.1-1,5.2.5-4,0.8566,EQUIVALENCE
5.1-1,5.1.2-1.1,0.8565,EQUIVALENCE
5.3-10,5.1.4-4,0.8565,EQUIVALENCE
5.3-10,5.1.3-3,0.8565,EQUIVALENCE
5.3-6A,5.1.1-2,0.8565,EQUIVALENCE
5.12-1,5.2.2-1,0.8565,EQUIVALENCE
5.1-5,5.3.1-3,0.8565,EQUIVALENCE
5.9-2,5.1.4-5,0.8565,EQUIVALENCE
5.8-1,5.2.5-3,0.8565,EQUIVALENCE
5.3-1,5.2.3-4,0.8564,EQUIVALENCE
5.3-5,5.2.2-3,0.8564,EQUIVALENCE
5.8-2,5.1.2-2,0.8564,EQUIVALENCE
5.11-4,5.2.5-4,0.8564,EQUIVALENCE
5.11-2,5.2.3-2,0.8564,EQUIVALENCE
5.11-4,5.2.3-2.2,0.8564,EQUIVALENCE
5.13-1A,5.1.2-4,0.8564,EQUIVALENCE
5.3-12,5.1.4-5,0.8564,EQUIVALENCE
5.8-2,5.2.4-3,0.8564,EQUIVALENCE
5.12-1,5.1.1-2.2,0.8563,EQUIVALENCE
5.1-5,5.1.2-7,0.8563,EQUIVALENCE
5.6-9,5.1.2-5.1,0.8563,EQUIVALENCE
5.3-12,5.1.1-2,0.8563,EQUIVALENCE
5.3-15A,5.1.4-5,0.8563,EQUIVALENCE
5.3-14,5.1.4-5,0.8563,EQUIVALENCE
5.1-2,5.2.3-4,0.8563,EQUIVALENCE
5.3-6A,5.4.1-2,0.8562,EQUIVALENCE
5.12-3,5.2.1-1,0.8562,EQUIVALENCE
5.3-11,5.2.3-2,0.8562,EQUIVALENCE
5.6-4A,5.2.4-1.2,0.8562,EQUIVALENCE
5.3-2,5.1.2-7,0.8562,EQUIVALENCE
5.3-11,5.2.2-3,0.8562,EQUIVALENCE
5.5-5,5.1.2-5,0.8562,EQUIVALENCE
5.5-7,5.2.4-2.1,0.8562,EQUIVALENCE
5.2-2,5.1.3-3,0.8562,EQUIVALENCE
5.3-6B,5.2.5-1,0.8561,EQUIVALENCE
5.9-1,5.2.5-3,0.8561,EQUIVALENCE
5.11-4,5.1.1-2,0.8561,EQUIVALENCE
5.11-2,5.1.2-7,0.8561,EQUIVALENCE
5.4-2,5.1.2-5,0.8561,EQUIVALENCE
5.8-1,5.2.3-2,0.8561,EQUIVALENCE
5.1-3,5.2.2-6,0.8561,EQUIVALENCE
5.5-5,5.4.1-3,0.856,EQUIVALENCE
5.3-16,5.2.3-2,0.856,EQUIVALENCE
5.5-8,5.1.1-2.2,0.856,EQUIVALENCE
5.11-1,5.2.4-3,0.856,EQUIVALENCE
5.8-2,5.1.3-3,0.856,EQUIVALENCE
5.12-1,5.1.2-7,0.856,EQUIVALENCE
5.3-10,5.3.1-2.2,0.8559,EQUIVALENCE
5.8-1,5.2.2-2,0.8559,EQUIVALENCE
5.3-4B,5.2.3-4,0.8559,EQUIVALENCE
5.9-2,5.2.5-2,0.8559,EQUIVALENCE
5.11-2,5.4.2-3,0.8559,EQUIVALENCE
5.13-1B,5.1.3-2,0.8559,EQUIVALENCE
5.5-1,5.4.2-4,0.8559,EQUIVALENCE
5.3-10,5.2.1-1,0.8559,EQUIVALENCE
5.4-3,5.3.1-2,0.8559,EQUIVALENCE
5.8-1,5.1.4-3,0.8559,EQUIVALENCE
5.3-3,5.1.2-3,0.8558,EQUIVALENCE
5.1-2,5.4.1-3,0.8558,EQUIVALENCE
5.5-8,5.5.1-2,0.8558,EQUIVALENCE
5.8-1,5.2.5-4,0.8558,EQUIVALENCE
5.4-2,5.2.1-2,0.8558,EQUIVALENCE
5.5-5,5.2.5-4.1,0.8558,EQUIVALENCE
5.1-3,5.2.3-4,0.8558,EQUIVALENCE
5.3-15A,5.1.3-1.2,0.8558,EQUIVALENCE
5.2-3,5.4.2-2,0.8558,EQUIVALENCE
5.6-1,5.1.2-7,0.8558,EQUIVALENCE
5.1-3,5.4.1-2,0.8558,EQUIVALENCE
5.13-1A,5.2.2-3,0.8558,EQUIVALENCE
5.8-3,5.5.1-1,0.8557,EQUIVALENCE
5.3-15B,5.5.1-1,0.8557,EQUIVALENCE
5.9-3,5.1.3-1.3,0.8557,EQUIVALENCE
5.8-3,5.2.1-2,0.8557,EQUIVALENCE
5.3-14,5.2.1-4,0.8557,EQUIVALENCE
5.7-1,5.1.2-1.1,0.8557,EQUIVALENCE
5.5-2,5.2.1-4.2,0.8556,EQUIVALENCE
5.6-5,5.2.5-4.1,0.8556,EQUIVALENCE
5.1-3,5.1.1-2.2,0.8556,EQUIVALENCE
5.6-9,5.1.4-4,0.8556,EQUIVALENCE
5.3-8,5.1.2-5,0.8556,EQUIVALENCE
5.3-6A,5.2.3-4,0.8556,EQUIVALENCE
5.1-1,5.3.1-2.1,0.8556,EQUIVALENCE
5.3-4B,5.2.2-6,0.8555,EQUIVALENCE
5.2-1,5.2.2-2,0.8555,EQUIVALENCE
5.3-10,5.4.1-2,0.8555,EQUIVALENCE
5.1-2,5.1.1-2,0.8554,EQUIVALENCE
5.8-3,5.1.3-4,0.8554,EQUIVALENCE
5.4-2,5.2.1-4.1,0.8554,EQUIVALENCE
5.5-4,5.2.4-3,0.8554,EQUIVALENCE
5.6-9,5.1.2-7,0.8554,EQUIVALENCE
5.3-6B,5.1.1-2.2,0.8553,EQUIVALENCE
5.1-3,5.1.4-3,0.8553,EQUIVALENCE
5.1-1,5.1.4-2,0.8553,EQUIVALENCE
5.1-3,5.4.2-2,0.8553,EQUIVALENCE
5.11-1,5.5.1-2,0.8553,EQUIVALENCE
5.8-1,5.2.4-1,0.8553,EQUIVALENCE
5.5-2,5.2.3-4,0.8553,EQUIVALENCE
5.6-5,5.2.2-6,0.8553,EQUIVALENCE
5.5-5,5.2.4-1.2,0.8552,EQUIVALENCE
5.11-2,5.3.1-2.2,0.8552,EQUIVALENCE
5.3-15A,5.2.1-4.2,0.8552,EQUIVALENCE
5.6-6,5.1.2-1.1,0.8552,EQUIVALENCE
5.3-14,5.3.1-2.2,0.8552,EQUIVALENCE
5.7-1,5.1.1-2.2,0.8552,EQUIVALENCE
5.4-4,5.1.3-1.3,0.8552,EQUIVALENCE
5.9-2,5.2.2-3,0.8552,EQUIVALENCE
5.9-2,5.2.5-4,0.8552,EQUIVALENCE
5.3-5,5.1.3-2,0.8552,EQUIVALENCE
5.3-9,5.2.5-1,0.8551,EQUIVALENCE
5.3-13,5.1.2-4,0.8551,EQUIVALENCE
5.12-2,5.2.5-1,0.8551,EQUIVALENCE
5.6-4A,5.5.1-2,0.8551,EQUIVALENCE
5.7-2,5.1.3-3,0.8551,EQUIVALENCE
5.3-13,5.1.3-1.3,0.8551,EQUIVALENCE
5.5-1,5.1.3-1,0.8551,EQUIVALENCE
5.11-4,5.1.3-3,0.855,EQUIVALENCE
5.13-1B,5.3.1-2.1,0.855,EQUIVALENCE
5.5-5,5.1.2-1,0.855,EQUIVALENCE
5.6-9,5.1.4-5,0.855,EQUIVALENCE
5.13-1B,5.4.2-2,0.855,EQUIVALENCE
5.6-5,5.2.5-3,0.855,EQUIVALENCE
5.13-1A,5.1.3-2,0.855,EQUIVALENCE
5.7-1,5.1.3-1.1,0.855,EQUIVALENCE
5.5-6,5.1.2-6,0.8549,EQUIVALENCE
5.3-6A,5.3.1-1,0.8549,EQUIVALENCE
5.6-1,5.2.5-2,0.8548,EQUIVALENCE
5.12-2,5.2.3-4,0.8548,EQUIVALENCE
5.3-1,5.2.3-2,0.8548,EQUIVALENCE
5.11-2,5.2.5-4,0.8548,EQUIVALENCE
5.11-1,5.2.3-2.2,0.8548,EQUIVALENCE
5.12-2,5.4.1-1.1,0.8547,EQUIVALENCE
5.6-2,5.1.2-1,0.8547,EQUIVALENCE
5.11-3,5.4.2-4,0.8547,EQUIVALENCE
5.10-1,5.2.4-1.1,0.8547,EQUIVALENCE
5.12-3,5.3.1-2.2,0.8547,EQUIVALENCE
5.6-6,5.1.4-5,0.8547,EQUIVALENCE
5.5-8,5.1.2-4,0.8547,EQUIVALENCE
5.3-14,5.2.5-2,0.8547,EQUIVALENCE
5.6-8,5.2.4-3,0.8547,EQUIVALENCE
5.3-13,5.1.4-4,0.8547,EQUIVALENCE
5.2-1,5.1.2-4,0.8547,EQUIVALENCE
5.3-10,5.2.5-3,0.8547,EQUIVALENCE
5.11-2,5.2.2-1,0.8546,EQUIVALENCE
5.7-1,5.1.2-5,0.8546,EQUIVALENCE
5.6-5,5.2.2-3,0.8546,EQUIVALENCE
5.7-2,5.1.2-5,0.8546,EQUIVALENCE
5.6-1,5.1.4-4,0.8546,EQUIVALENCE
5.9-3,5.3.1-2,0.8546,EQUIVALENCE
5.3-6A,5.2.3-2.1,0.8546,EQUIVALENCE
5.2-2,5.4.2-4,0.8545,EQUIVALENCE
5.4-3,5.2.4-1.2,0.8545,EQUIVALENCE
5.1-3,5.1.4-2,0.8545,EQUIVALENCE
5.5-4,5.1.2-1.1,0.8545,EQUIVALENCE
5.11-4,5.2.2-6,0.8545,EQUIVALENCE
5.3-3,5.2.5-1,0.8544,EQUIVALENCE
5.3-16,5.2.2-3,0.8544,EQUIVALENCE
5.10-1,5.4.1-2,0.8544,EQUIVALENCE
5.1-1,5.3.1-2,0.8544,EQUIVALENCE
5.6-2,5.1.4-4,0.8543,EQUIVALENCE
5.6-1,5.2.3-2.1,0.8543,EQUIVALENCE
5.4-4,5.2.3-4,0.8543,EQUIVALENCE
5.11-3,5.2.1-2,0.8543,EQUIVALENCE
5.4-4,5.1.1-1,0.8543,EQUIVALENCE
5.5-7,5.1.1-2.1,0.8543,EQUIVALENCE
5.10-1,5.1.4-1,0.8543,EQUIVALENCE
5.3-6B,5.2.3-2.1,0.8542,EQUIVALENCE
5.10-1,5.1.4-3,0.8542,EQUIVALENCE
5.3-6A,5.2.3-2,0.8542,EQUIVALENCE
5.11-2,5.2.5-2,0.8542,EQUIVALENCE
5.7-1,5.4.1-2,0.8542,EQUIVALENCE
5.3-3,5.1.4-2,0.8542,EQUIVALENCE
5.3-15B,5.1.3-1.2,0.8542,EQUIVALENCE
5.3-7,5.1.4-5,0.8541,EQUIVALENCE
5.5-7,5.2.4-1.1,0.8541,EQUIVALENCE
5.9-2,5.3.1-2,0.8541,EQUIVALENCE
5.3-6B,5.4.2-2,0.8541,EQUIVALENCE
5.2-2,5.1.3-1,0.8541,EQUIVALENCE
5.6-2,5.4.2-4,0.8541,EQUIVALENCE
5.3-6A,5.4.2-4,0.8541,EQUIVALENCE
5.11-2,5.2.5-3,0.8541,EQUIVALENCE
5.11-2,5.1.4-1,0.8541,EQUIVALENCE
5.2-3,5.2.1-1,0.8541,EQUIVALENCE
5.5-8,5.2.3-1,0.854,EQUIVALENCE
5.6-5,5.4.2-4,0.854,EQUIVALENCE
5.8-3,5.2.3-2,0.854,EQUIVALENCE
5.1-1,5.2.4-1.1,0.854,EQUIVALENCE
5.12-1,5.1.1-2,0.854,EQUIVALENCE
5.4-2,5.3.1-2,0.854,EQUIVALENCE
5.5-8,5.1.3-3,0.854,EQUIVALENCE
5.5-7,5.1.3-1.2,0.854,EQUIVALENCE
5.3-6B,5.2.4-1.2,0.8539,EQUIVALENCE
5.13-1A,5.3.1-2.1,0.8539,EQUIVALENCE
5.12-1,5.2.1-4,0.8539,EQUIVALENCE
5.9-2,5.4.1-2,0.8539,EQUIVALENCE
5.4-4,5.1.2-7,0.8538,EQUIVALENCE
5.6-7,5.2.2-3,0.8538,EQUIVALENCE
5.0-1,5.4.2-3,0.8538,EQUIVALENCE
5.3-2,5.2.2-3,0.8537,EQUIVALENCE
5.3-5,5.1.4-2,0.8537,EQUIVALENCE
5.5-5,5.1.4-3,0.8536,EQUIVALENCE
5.4-4,5.2.4-2,0.8536,EQUIVALENCE
5.5-7,5.1.2-3,0.8536,EQUIVALENCE
5.0-1,5.1.1-1,0.8536,EQUIVALENCE
5.7-1,5.1.4-3,0.8536,EQUIVALENCE
5.6-2,5.1.1-2,0.8536,EQUIVALENCE
5.3-9,5.1.4-1,0.8536,EQUIVALENCE
5.5-2,5.1.2-5.1,0.8535,EQUIVALENCE
5.9-1,5.1.2-6,0.8535,EQUIVALENCE
5.1-3,5.2.5-2.1,0.8535,EQUIVALENCE
5.11-3,5.3.1-2.1,0.8535,EQUIVALENCE
5.13-1B,5.1.4-3,0.8535,EQUIVALENCE
5.3-6B,5.1.3-3,0.8535,EQUIVALENCE
5.1-5,5.2.5-2,0.8535,EQUIVALENCE
5.1-4,5.1.2-4,0.8535,EQUIVALENCE
5.3-10,5.1.3-1.2,0.8534,EQUIVALENCE
5.2-2,5.1.4-2,0.8534,EQUIVALENCE
5.6-5,5.1.1-2.2,0.8534,EQUIVALENCE
5.8-3,5.2.2-2,0.8534,EQUIVALENCE
5.6-3,5.4.1-2,0.8534,EQUIVALENCE
5.3-10,5.4.2-2,0.8534,EQUIVALENCE
5.8-1,5.1.3-3,0.8534,EQUIVALENCE
5.5-5,5.2.4-2,0.8534,EQUIVALENCE
5.4-4,5.2.4-2.1,0.8534,EQUIVALENCE
5.3-6B,5.4.1-3,0.8534,EQUIVALENCE
5.1-1,5.5.1-2,0.8533,EQUIVALENCE
5.8-3,5.2.1-3,0.8533,EQUIVALENCE
5.12-1,5.1.3-1,0.8533,EQUIVALENCE
5.6-7,5.2.5-3,0.8533,EQUIVALENCE
5.3-3,5.1.3-1.2,0.8533,EQUIVALENCE
5.5-1,5.4.1-1.1,0.8533,EQUIVALENCE
5.11-2,5.2.1-4,0.8532,EQUIVALENCE
5.9-1,5.4.2-3,0.8532,EQUIVALENCE
5.1-1,5.2.4-2.1,0.8532,EQUIVALENCE
5.1-5,5.2.3-2.1,0.8532,EQUIVALENCE
5.1-3,5.1.2-1.1,0.8531,EQUIVALENCE
5.12-3,5.4.1-3,0.8531,EQUIVALENCE
5.8-1,5.1.4-1,0.8531,EQUIVALENCE
5.3-12,5.3.1-2.1,0.8531,EQUIVALENCE
5.2-3,5.1.3-1.1,0.853,EQUIVALENCE
5.8-2,5.4.2-2,0.853,EQUIVALENCE
5.0-1,5.1.3-1.2,0.853,EQUIVALENCE
5.3-7,5.3.1-2,0.853,EQUIVALENCE
5.3-6B,5.1.4-1,0.853,EQUIVALENCE
5.13-1A,5.1.4-3,0.853,EQUIVALENCE
5.3-8,5.5.1-2,0.8529,EQUIVALENCE
5.3-9,5.4.1-3,0.8529,EQUIVALENCE
5.6-4B,5.2.5-4,0.8529,EQUIVALENCE
5.3-5,5.2.1-1,0.8529,EQUIVALENCE
5.6-2,5.2.4-1.2,0.8529,EQUIVALENCE
5.5-5,5.1.1-2.2,0.8529,EQUIVALENCE
5.2-2,5.3.1-2.1,0.8529,EQUIVALENCE
5.12-3,5.2.2-1,0.8529,EQUIVALENCE
5.5-7,5.3.1-2,0.8528,EQUIVALENCE
5.11-1,5.1.4-3,0.8528,EQUIVALENCE
5.3-2,5.2.5-2,0.8528,EQUIVALENCE
5.11-2,5.4.2-4,0.8528,EQUIVALENCE
5.3-10,5.2.4-1.2,0.8528,EQUIVALENCE
5.3-15B,5.1.4-5,0.8528,EQUIVALENCE
5.6-8,5.1.3-1.2,0.8527,EQUIVALENCE
5.7-1,5.2.5-4,0.8527,EQUIVALENCE
5.1-2,5.2.5-2,0.8527,EQUIVALENCE
5.13-1A,5.4.2-2,0.8527,EQUIVALENCE
5.8-1,5.1.2-2,0.8527,EQUIVALENCE
5.3-8,5.2.5-3,0.8527,EQUIVALENCE
5.9-2,5.1.3-1.2,0.8526,EQUIVALENCE
5.3-8,5.4.1-3,0.8526,EQUIVALENCE
5.2-3,5.2.1-4.1,0.8526,EQUIVALENCE
5.2-3,5.1.3-3,0.8526,EQUIVALENCE
5.13-1A,5.2.5-2,0.8526,EQUIVALENCE
5.3-2,5.2.3-2.1,0.8526,EQUIVALENCE
5.1-3,5.2.1-4,0.8526,EQUIVALENCE
5.3-15A,5.1.3-4,0.8526,EQUIVALENCE
5.3-14,5.1.1-2.1,0.8526,EQUIVALENCE
5.8-2,5.2.5-4,0.8525,EQUIVALENCE
5.13-1B,5.2.5-2,0.8525,EQUIVALENCE
5.3-5,5.1.3-1.2,0.8525,EQUIVALENCE
5.9-2,5.2.3-2,0.8525,EQUIVALENCE
5.3-10,5.3.1-3,0.8525,EQUIVALENCE
5.1-5,5.1.3-1.3,0.8525,EQUIVALENCE
5.2-2,5.2.5-3,0.8524,EQUIVALENCE
5.9-2,5.2.5-3,0.8524,EQUIVALENCE
5.1-2A,5.2.5-4,0.8524,EQUIVALENCE
5.3-1,5.2.1-3,0.8524,EQUIVALENCE
5.12-2,5.2.5-4.1,0.8524,EQUIVALENCE
5.11-3,5.1.3-4,0.8524,EQUIVALENCE
5.10-1,5.2.5-1,0.8524,EQUIVALENCE
5.3-13,5.5.1-1,0.8524,EQUIVALENCE
5.3-6A,5.1.4-1,0.8524,EQUIVALENCE
5.5-1,5.4.2-3,0.8524,EQUIVALENCE
5.1-2,5.1.2-7,0.8524,EQUIVALENCE
5.10-1,5.3.1-2,0.8523,EQUIVALENCE
5.5-7,5.1.2-4,0.8523,EQUIVALENCE
5.0-1,5.1.1-2.2,0.8523,EQUIVALENCE
5.11-3,5.2.1-4,0.8522,EQUIVALENCE
5.1-2,5.4.2-4,0.8522,EQUIVALENCE
5.6-4A,5.2.5-4.1,0.8522,EQUIVALENCE
5.7-1,5.1.3-1.2,0.8522,EQUIVALENCE
5.7-2,5.1.3-1.3,0.8522,EQUIVALENCE
5.4-3,5.1.2-1.1,0.8522,EQUIVALENCE
5.3-5,5.2.4-1.2,0.8522,EQUIVALENCE
5.8-1,5.2.2-6,0.8522,EQUIVALENCE
5.7-2,5.2.5-3,0.8521,EQUIVALENCE
5.9-1,5.1.4-1,0.8521,EQUIVALENCE
5.11-1,5.1.4-5,0.8521,EQUIVALENCE
5.3-12,5.2.5-3,0.8521,EQUIVALENCE
5.7-1,5.1.4-2,0.8521,EQUIVALENCE
5.2-3,5.2.2-2,0.8521,EQUIVALENCE
5.3-15A,5.4.1-2,0.8521,EQUIVALENCE
5.5-1,5.1.1-2.1,0.8521,EQUIVALENCE
5.3-10,5.5.1-2,0.852,EQUIVALENCE
5.10-1,5.2.1-4,0.852,EQUIVALENCE
5.11-4,5.1.2-1,0.852,EQUIVALENCE
5.5-1,5.1.3-3,0.852,EQUIVALENCE
5.3-9,5.2.1-3.1,0.852,EQUIVALENCE
5.11-3,5.1.2-3,0.852,EQUIVALENCE
5.3-7,5.1.3-4,0.852,EQUIVALENCE
5.6-5,5.3.1-3,0.8519,EQUIVALENCE
5.6-2,5.2.1-4,0.8519,EQUIVALENCE
5.3-4B,5.1.3-1.3,0.8519,EQUIVALENCE
5.3-1,5.1.2-2,0.8518,EQUIVALENCE
5.6-4A,5.1.1-2.2,0.8518,EQUIVALENCE
5.2-2,5.1.2-5.1,0.8518,EQUIVALENCE
5.1-2,5.1.4-4,0.8518,EQUIVALENCE
5.3-10,5.1.3-2,0.8518,EQUIVALENCE
5.3-15B,5.4.1-2,0.8517,EQUIVALENCE
5.3-8,5.1.3-3,0.8517,EQUIVALENCE
5.2-2,5.1.1-1,0.8517,EQUIVALENCE
5.8-1,5.4.2-2,0.8517,EQUIVALENCE
5.5-8,5.2.2-2,0.8517,EQUIVALENCE
5.4-2,5.1.3-2,0.8517,EQUIVALENCE
5.3-13,5.1.3-1.1,0.8516,EQUIVALENCE
5.9-2,5.2.1-3.1,0.8516,EQUIVALENCE
5.3-1,5.1.4-4,0.8516,EQUIVALENCE
5.8-2,5.2.3-2,0.8516,EQUIVALENCE
5.1-1,5.2.1-2,0.8515,EQUIVALENCE
5.6-3,5.1.2-1,0.8515,EQUIVALENCE
5.1-5,5.1.2-1.1,0.8515,EQUIVALENCE
5.3-13,5.5.1-2,0.8515,EQUIVALENCE
5.12-3,5.1.4-1,0.8515,EQUIVALENCE
5.3-9,5.2.2-3,0.8515,EQUIVALENCE
5.7-2,5.2.5-4.1,0.8515,EQUIVALENCE
5.12-3,5.1.3-1.3,0.8514,EQUIVALENCE
5.6-3,5.4.2-2,0.8514,EQUIVALENCE
5.9-1,5.2.1-2,0.8514,EQUIVALENCE
5.1-2,5.1.3-1.3,0.8514,EQUIVALENCE
5.6-3,5.1.4-4,0.8514,EQUIVALENCE
5.3-6A,5.2.4-1.1,0.8514,EQUIVALENCE
5.4-4,5.2.1-3,0.8514,EQUIVALENCE
5.3-8,5.2.3-4,0.8514,EQUIVALENCE
5.5-5,5.2.4-2.1,0.8513,EQUIVALENCE
5.11-3,5.2.5-4.1,0.8513,EQUIVALENCE
5.11-1,5.2.1-4,0.8513,EQUIVALENCE
5.3-16,5.2.3-4,0.8513,EQUIVALENCE
5.10-1,5.5.1-2,0.8513,EQUIVALENCE
5.11-4,5.1.3-1.1,0.8513,EQUIVALENCE
5.3-6B,5.1.3-1,0.8513,EQUIVALENCE
5.3-3,5.2.5-4.1,0.8513,EQUIVALENCE
5.13-1A,5.2.1-2,0.8513,EQUIVALENCE
5.3-5,5.2.5-4.1,0.8513,EQUIVALENCE
5.8-2,5.2.2-2,0.8513,EQUIVALENCE
5.1-2A,5.2.4-3,0.8513,EQUIVALENCE
5.0-1,5.2.2-5,0.8513,EQUIVALENCE
5.3-1,5.3.1-2.2,0.8512,EQUIVALENCE
5.8-2,5.2.2-6,0.8512,EQUIVALENCE
5.2-3,5.1.2-4,0.8512,EQUIVALENCE
5.3-11,5.2.5-1,0.8512,EQUIVALENCE
5.2-3,5.4.1-1.1,0.8512,EQUIVALENCE
5.11-2,5.2.4-2.1,0.8512,EQUIVALENCE
5.8-3,5.1.2-1,0.8511,EQUIVALENCE
5.13-1B,5.3.1-1,0.8511,EQUIVALENCE
5.11-1,5.2.5-2,0.8511,EQUIVALENCE
5.3-13,5.2.2-2,0.8511,EQUIVALENCE
5.6-5,5.1.4-3,0.8511,EQUIVALENCE
5.4-3,5.1.4-2,0.8511,EQUIVALENCE
5.6-8,5.3.1-1,0.8511,EQUIVALENCE
5.7-1,5.1.2-1,0.8511,EQUIVALENCE
5.9-2,5.2.4-3,0.8511,EQUIVALENCE
5.12-3,5.3.1-2.1,0.851,EQUIVALENCE
5.9-3,5.5.1-1,0.851,EQUIVALENCE
5.11-4,5.2.3-2.1,0.851,EQUIVALENCE
5.5-4,5.2.5-4,0.851,EQUIVALENCE
5.6-3,5.1.2-2,0.851,EQUIVALENCE
5.10-1,5.2.1-4.2,0.8509,EQUIVALENCE
5.6-1,5.2.4-2.1,0.8509,EQUIVALENCE
5.10-1,5.2.5-4.1,0.8509,EQUIVALENCE
5.3-15A,5.2.2-2,0.8509,EQUIVALENCE
5.3-15B,5.2.4-3,0.8509,EQUIVALENCE
5.6-5,5.1.3-4,0.8509,EQUIVALENCE
5.5-5,5.2.4-1.1,0.8509,EQUIVALENCE
5.6-3,5.1.4-3,0.8508,EQUIVALENCE
5.6-8,5.1.3-2,0.8508,EQUIVALENCE
5.2-2,5.5.1-2,0.8508,EQUIVALENCE
5.2-2,5.1.3-1.2,0.8508,EQUIVALENCE
5.7-2,5.2.4-1,0.8507,EQUIVALENCE
5.10-1,5.1.1-2,0.8507,EQUIVALENCE
5.9-1,5.5.1-1,0.8507,EQUIVALENCE
5.1-2,5.2.5-1,0.8507,EQUIVALENCE
5.3-8,5.2.4-1.2,0.8507,EQUIVALENCE
5.5-5,5.2.2-6,0.8507,EQUIVALENCE
5.2-1,5.5.1-1,0.8506,EQUIVALENCE
5.9-3,5.3.1-2.1,0.8506,EQUIVALENCE
5.1-2A,5.1.2-6,0.8506,EQUIVALENCE
5.3-9,5.1.2-3,0.8506,EQUIVALENCE
5.13-1B,5.2.1-2,0.8506,EQUIVALENCE
5.1-5,5.2.1-4.1,0.8506,EQUIVALENCE
5.5-8,5.1.1-2,0.8505,EQUIVALENCE
5.9-2,5.5.1-2,0.8505,EQUIVALENCE
5.3-15A,5.1.2-6,0.8505,EQUIVALENCE
5.5-4,5.4.1-3,0.8505,EQUIVALENCE
5.4-4,5.1.1-2.1,0.8505,EQUIVALENCE
5.5-8,5.1.3-1.3,0.8505,EQUIVALENCE
5.1-4,5.3.1-2.1,0.8505,EQUIVALENCE
5.3-5,5.2.4-1.1,0.8505,EQUIVALENCE
5.11-1,5.4.1-1.1,0.8504,EQUIVALENCE
5.3-5,5.2.2-1,0.8504,EQUIVALENCE
5.1-4,5.3.1-3,0.8504,EQUIVALENCE
5.3-3,5.4.2-4,0.8504,EQUIVALENCE
5.11-4,5.4.2-4,0.8504,EQUIVALENCE
5.6-4A,5.2.3-4,0.8504,EQUIVALENCE
5.12-2,5.1.3-1.3,0.8504,EQUIVALENCE
5.8-3,5.1.1-2,0.8504,EQUIVALENCE
5.3-9,5.2.3-4,0.8504,EQUIVALENCE
5.6-2,5.2.1-1,0.8504,EQUIVALENCE
5.3-10,5.1.4-1,0.8504,EQUIVALENCE
5.1-2,5.2.2-6,0.8504,EQUIVALENCE
5.3-6A,5.1.2-4,0.8503,EQUIVALENCE
5.3-9,5.2.1-4.1,0.8503,EQUIVALENCE
5.11-1,5.2.2-2,0.8503,EQUIVALENCE
5.3-5,5.2.1-4,0.8503,EQUIVALENCE
5.3-11,5.1.4-4,0.8503,EQUIVALENCE
5.5-4,5.3.1-2,0.8503,EQUIVALENCE
5.3-13,5.4.1-1,0.8503,EQUIVALENCE
5.5-7,5.1.3-1.1,0.8503,EQUIVALENCE
5.9-3,5.4.1-2,0.8503,EQUIVALENCE
5.2-1,5.2.5-3,0.8502,EQUIVALENCE
5.3-6A,5.4.2-2,0.8502,EQUIVALENCE
5.3-14,5.2.2-1,0.8502,EQUIVALENCE
5.2-3,5.2.2-6,0.8502,EQUIVALENCE
5.8-3,5.2.3-2.1,0.8502,EQUIVALENCE
5.6-9,5.2.1-4.2,0.8502,EQUIVALENCE
5.12-1,5.2.2-2,0.8502,EQUIVALENCE
5.9-3,5.1.2-5,0.8502,EQUIVALENCE
5.5-5,5.1.3-3,0.8502,EQUIVALENCE
5.12-1,5.1.2-5,0.8502,EQUIVALENCE
5.2-2,5.2.5-4,0.8502,EQUIVALENCE
5.12-2,5.2.3-2.1,0.8502,EQUIVALENCE
5.12-2,5.1.4-1,0.8502,EQUIVALENCE
5.3-12,5.2.4-1,0.8501,EQUIVALENCE
5.3-13,5.2.4-1.2,0.8501,EQUIVALENCE
5.6-8,5.2.2-1,0.8501,EQUIVALENCE
5.7-1,5.1.1-2,0.85,OVERLAP
5.3-9,5.2.5-4.1,0.85,OVERLAP
5.2-2,5.2.3-2.1,0.85,EQUIVALENCE
5.9-3,5.3.1-1,0.85,EQUIVALENCE
5.5-4,5.2.2-2,0.85,EQUIVALENCE
5.6-6,5.3.1-2,0.85,OVERLAP
5.3-5,5.2.5-2.1,0.85,EQUIVALENCE
5.9-3,5.1.2-7,0.85,OVERLAP
5.13-1A,5.3.1-1,0.8499,OVERLAP
5.7-2,5.1.2-5.1,0.8499,OVERLAP
5.12-2,5.2.5-2.1,0.8499,OVERLAP
5.6-9,5.2.3-1,0.8499,OVERLAP
5.7-2,5.1.4-4,0.8499,OVERLAP
5.3-6A,5.1.4-5,0.8498,OVERLAP
5.5-2,5.2.4-2,0.8498,OVERLAP
5.11-2,5.1.2-5,0.8498,OVERLAP
5.11-1,5.1.2-7,0.8498,OVERLAP
5.8-1,5.1.4-4,0.8498,OVERLAP
5.12-1,5.3.1-2.2,0.8498,OVERLAP
5.3-6A,5.4.2-3,0.8498,OVERLAP
5.12-3,5.1.4-5,0.8497,OVERLAP
5.1-5,5.1.4-2,0.8497,OVERLAP
5.9-2,5.1.2-5,0.8497,OVERLAP
5.9-3,5.2.1-2,0.8497,OVERLAP
5.6-3,5.2.5-2,0.8497,OVERLAP
5.3-11,5.5.1-1,0.8497,OVERLAP
5.6-1,5.2.4-1.1,0.8497,OVERLAP
5.6-8,5.3.1-2,0.8497,OVERLAP
5.3-4B,5.1.4-4,0.8497,OVERLAP
5.9-1,5.1.3-1.2,0.8497,OVERLAP
5.5-5,5.2.3-2.1,0.8497,OVERLAP
5.5-2,5.4.1-1,0.8496,OVERLAP
5.13-1B,5.2.5-3,0.8496,OVERLAP
5.6-2,5.1.4-5,0.8496,OVERLAP
5.5-1,5.2.5-1,0.8495,OVERLAP
5.10-1,5.2.5-2.1,0.8495,OVERLAP
5.10-1,5.2.3-2,0.8495,OVERLAP
5.11-1,5.2.3-2.1,0.8495,OVERLAP
5.5-8,5.4.1-1.1,0.8495,OVERLAP
5.11-3,5.2.4-1.2,0.8495,OVERLAP
5.3-8,5.2.3-2.1,0.8494,OVERLAP
5.3-5,5.4.2-2,0.8494,OVERLAP
5.3-10,5.2.4-1,0.8494,OVERLAP
5.3-14,5.4.2-3,0.8494,OVERLAP
5.9-2,5.2.4-1,0.8494,OVERLAP
5.10-1,5.1.4-5,0.8494,OVERLAP
5.3-4B,5.2.5-2.1,0.8493,OVERLAP
5.3-9,5.2.4-2.1,0.8493,OVERLAP
5.13-1B,5.2.4-3,0.8493,OVERLAP
5.4-2,5.2.5-1,0.8493,OVERLAP
5.6-2,5.1.4-3,0.8492,OVERLAP
5.3-16,5.2.2-2,0.8492,OVERLAP
5.3-13,5.2.2-6,0.8492,OVERLAP
5.5-2,5.2.1-3,0.8492,OVERLAP
5.9-3,5.2.2-5,0.8492,OVERLAP
5.3-13,5.1.3-4,0.8492,OVERLAP
5.6-6,5.3.1-2.1,0.8492,OVERLAP
5.6-1,5.4.2-4,0.8492,OVERLAP
5.11-3,5.1.2-5,0.8492,OVERLAP
5.12-2,5.4.1-3,0.8492,OVERLAP
5.9-1,5.1.4-4,0.8491,OVERLAP
5.13-1B,5.1.3-1.2,0.8491,OVERLAP
5.11-3,5.1.2-6,0.8491,OVERLAP
5.11-3,5.4.1-2,0.8491,OVERLAP
5.3-9,5.1.3-2,0.8491,OVERLAP
5.3-15B,5.2.3-2,0.849,OVERLAP
5.6-1,5.2.5-4.1,0.849,OVERLAP
5.0-1,5.1.4-1,0.849,OVERLAP
5.12-3,5.4.1-1,0.849,OVERLAP
5.2-3,5.1.3-1,0.849,OVERLAP
5.10-1,5.2.2-3,0.849,OVERLAP
5.3-2,5.1.3-4,0.8489,OVERLAP
5.3-15A,5.3.1-2,0.8489,OVERLAP
5.3-12,5.2.1-4.1,0.8489,OVERLAP
5.1-2,5.1.3-3,0.8489,OVERLAP
5.6-9,5.1.3-3,0.8489,OVERLAP
5.1-1,5.1.4-4,0.8489,OVERLAP
5.12-3,5.4.1-1.1,0.8488,OVERLAP
5.6-2,5.2.4-1,0.8488,OVERLAP
5.11-4,5.1.4-5,0.8488,OVERLAP
5.5-8,5.2.5-2,0.8488,OVERLAP
5.6-3,5.5.1-2,0.8488,OVERLAP
5.6-5,5.4.2-3,0.8488,OVERLAP
5.3-10,5.2.4-3,0.8488,OVERLAP
5.6-4A,5.3.1-2.1,0.8488,OVERLAP
5.5-8,5.2.4-1.2,0.8488,OVERLAP
5.3-14,5.2.5-2.1,0.8488,OVERLAP
5.4-3,5.2.5-4.1,0.8488,OVERLAP
5.3-12,5.2.1-2,0.8487,OVERLAP
5.12-1,5.2.3-2.1,0.8487,OVERLAP
5.13-1A,5.2.4-3,0.8487,OVERLAP
5.11-3,5.2.2-6,0.8487,OVERLAP
5.8-2,5.2.5-3,0.8486,OVERLAP
5.1-4,5.2.5-4,0.8486,OVERLAP
5.6-2,5.1.4-1,0.8486,OVERLAP
5.1-1,5.1.2-5,0.8486,OVERLAP
5.2-2,5.2.3-4,0.8486,OVERLAP
5.3-1,5.2.4-3,0.8486,OVERLAP
5.7-2,5.1.1-2.1,0.8485,OVERLAP
5.3-8,5.1.1-1,0.8485,OVERLAP
5.1-2,5.2.5-3,0.8485,OVERLAP
5.0-1,5.4.1-1,0.8485,OVERLAP
5.3-13,5.1.1-2,0.8485,OVERLAP
5.9-1,5.1.3-2,0.8485,OVERLAP
5.12-3,5.2.1-4.2,0.8485,OVERLAP
5.6-3,5.2.1-4,0.8485,OVERLAP
5.3-14,5.1.2-1,0.8485,OVERLAP
5.5-6,5.2.3-2.1,0.8485,OVERLAP
5.1-4,5.1.3-1.3,0.8485,OVERLAP
5.3-12,5.2.4-2,0.8484,OVERLAP
5.4-4,5.2.5-4.1,0.8484,OVERLAP
5.8-2,5.1.4-1,0.8484,OVERLAP
5.1-2A,5.3.1-1,0.8484,OVERLAP
5.6-2,5.2.4-2.1,0.8484,OVERLAP
5.3-15B,5.2.2-6,0.8484,OVERLAP
5.5-8,5.2.5-4,0.8484,OVERLAP
5.6-3,5.1.2-3,0.8483,OVERLAP
5.9-1,5.1.1-2.2,0.8483,OVERLAP
5.7-2,5.1.4-2,0.8483,OVERLAP
5.1-4,5.2.2-6,0.8482,OVERLAP
5.3-8,5.1.2-5.1,0.8482,OVERLAP
5.1-2,5.4.2-3,0.8482,OVERLAP
5.3-7,5.2.1-3,0.8482,OVERLAP
5.2-3,5.2.2-3,0.8482,OVERLAP
5.1-2,5.1.2-1,0.8482,OVERLAP
5.2-3,5.2.4-1.1,0.8481,OVERLAP
5.3-15A,5.5.1-2,0.8481,OVERLAP
5.6-2,5.1.1-2.2,0.8481,OVERLAP
5.6-4A,5.2.4-1.1,0.8481,OVERLAP
5.6-6,5.2.2-3,0.8481,OVERLAP
5.11-1,5.2.1-4.2,0.848,OVERLAP
5.4-3,5.1.4-4,0.848,OVERLAP
5.3-7,5.1.3-1.1,0.848,OVERLAP
5.3-11,5.4.2-3,0.848,OVERLAP
5.13-1A,5.2.2-1,0.848,OVERLAP
5.11-2,5.2.5-4.1,0.8479,OVERLAP
5.11-2,5.4.1-3,0.8479,OVERLAP
5.6-1,5.2.4-1.2,0.8479,OVERLAP
5.13-1B,5.5.1-2,0.8479,OVERLAP
5.1-4,5.2.5-2,0.8479,OVERLAP
5.3-15B,5.2.1-4.2,0.8478,OVERLAP
5.3-2,5.2.5-3,0.8478,OVERLAP
5.6-2,5.2.5-3,0.8478,OVERLAP
5.4-2,5.2.1-4,0.8478,OVERLAP
5.3-6B,5.2.5-2.1,0.8478,OVERLAP
5.11-4,5.2.5-4.1,0.8478,OVERLAP
5.12-1,5.2.1-3,0.8478,OVERLAP
5.5-7,5.3.1-3,0.8477,OVERLAP
5.3-4B,5.3.1-2.2,0.8477,OVERLAP
5.1-1,5.1.3-1.2,0.8477,OVERLAP
5.12-3,5.4.2-3,0.8477,OVERLAP
5.8-3,5.2.1-4,0.8477,OVERLAP
5.6-1,5.4.1-2,0.8477,OVERLAP
5.13-1A,5.1.3-1.2,0.8476,OVERLAP
5.6-4B,5.1.4-5,0.8476,OVERLAP
5.11-4,5.1.1-2.1,0.8476,OVERLAP
5.6-6,5.2.5-3,0.8476,OVERLAP
5.3-13,5.2.1-2,0.8476,OVERLAP
5.13-1A,5.2.5-3,0.8475,OVERLAP
5.4-3,5.3.1-3,0.8475,OVERLAP
5.1-2A,5.2.3-2,0.8475,OVERLAP
5.3-1,5.1.3-2,0.8475,OVERLAP
5.2-3,5.1.2-2,0.8475,OVERLAP
5.6-8,5.2.3-2,0.8475,OVERLAP
5.10-1,5.2.5-4,0.8475,OVERLAP
5.6-5,5.1.2-3,0.8475,OVERLAP
5.9-2,5.1.4-4,0.8475,OVERLAP
5.11-3,5.1.4-2,0.8475,OVERLAP
5.3-15B,5.1.3-4,0.8475,OVERLAP
5.6-6,5.1.4-1,0.8475,OVERLAP
5.5-1,5.1.1-1,0.8475,OVERLAP
5.3-11,5.2.4-1,0.8475,OVERLAP
5.8-1,5.1.4-5,0.8474,OVERLAP
5.3-14,5.4.1-1.1,0.8474,OVERLAP
5.2-1,5.2.5-4,0.8474,OVERLAP
5.9-3,5.2.4-1,0.8474,OVERLAP
5.6-5,5.1.3-2,0.8474,OVERLAP
5.9-3,5.4.2-3,0.8473,OVERLAP
5.1-5,5.1.2-3,0.8473,OVERLAP
5.3-7,5.1.4-3,0.8473,OVERLAP
5.11-4,5.1.4-2,0.8473,OVERLAP
5.9-1,5.2.2-2,0.8473,OVERLAP
5.3-3,5.1.4-3,0.8473,OVERLAP
5.3-9,5.1.4-5,0.8473,OVERLAP
5.12-2,5.2.5-2,0.8473,OVERLAP
5.10-1,5.2.4-2.1,0.8473,OVERLAP
5.6-7,5.1.2-6,0.8473,OVERLAP
5.13-1B,5.2.2-1,0.8473,OVERLAP
5.3-2,5.1.2-5,0.8473,OVERLAP
5.6-2,5.3.1-2.2,0.8472,OVERLAP
5.3-14,5.2.3-2.1,0.8472,OVERLAP
5.3-6B,5.1.3-1.3,0.8472,OVERLAP
5.2-3,5.4.1-3,0.8472,OVERLAP
5.11-3,5.2.4-1.1,0.8472,OVERLAP
5.9-1,5.1.2-3,0.8472,OVERLAP
5.1-3,5.1.3-1.2,0.8471,OVERLAP
5.10-1,5.1.2-5,0.8471,OVERLAP
5.2-3,5.5.1-1,0.8471,OVERLAP
5.5-4,5.2.3-4,0.8471,OVERLAP
5.11-2,5.1.1-2,0.8471,OVERLAP
5.1-2,5.2.1-4,0.8471,OVERLAP
5.3-11,5.2.1-2,0.8471,OVERLAP
5.12-1,5.4.1-1,0.847,OVERLAP
5.12-1,5.4.1-3,0.847,OVERLAP
5.13-1A,5.2.4-1,0.847,OVERLAP
5.5-1,5.2.1-4,0.847,OVERLAP
5.6-7,5.2.1-4.2,0.847,OVERLAP
5.6-1,5.1.1-2.2,0.847,OVERLAP
5.1-4,5.1.2-5,0.847,OVERLAP
5.9-2,5.2.3-2.1,0.847,OVERLAP
5.5-7,5.4.1-2,0.8469,OVERLAP
5.12-2,5.4.1-1,0.8469,OVERLAP
5.1-2A,5.2.2-3,0.8469,OVERLAP
5.8-1,5.4.2-4,0.8469,OVERLAP
5.5-1,5.1.2-2,0.8469,OVERLAP
5.3-12,5.1.4-4,0.8469,OVERLAP
5.3-5,5.4.1-1.1,0.8469,OVERLAP
5.6-3,5.1.2-7,0.8468,OVERLAP
5.5-5,5.1.4-1,0.8468,OVERLAP
5.10-1,5.2.2-6,0.8468,OVERLAP
5.3-4A,5.2.1-3.1,0.8467,OVERLAP
5.8-3,5.1.1-2.2,0.8467,OVERLAP
5.7-2,5.4.1-1,0.8467,OVERLAP
5.4-2,5.1.1-2,0.8467,OVERLAP
5.1-2A,5.2.2-2,0.8467,OVERLAP
5.6-9,5.2.3-4,0.8467,OVERLAP
5.3-6B,5.2.5-2,0.8467,OVERLAP
5.1-3,5.1.4-5,0.8467,OVERLAP
5.1-5,5.2.4-1.1,0.8467,OVERLAP
5.3-16,5.2.4-3,0.8467,OVERLAP
5.3-5,5.2.2-5,0.8466,OVERLAP
5.6-3,5.2.4-1,0.8466,OVERLAP
5.1-5,5.2.4-2.1,0.8466,OVERLAP
5.6-4B,5.2.5-2,0.8466,OVERLAP
5.3-16,5.3.1-2,0.8466,OVERLAP
5.6-8,5.2.4-1.1,0.8466,OVERLAP
5.5-6,5.1.2-7,0.8465,OVERLAP
5.1-4,5.1.4-2,0.8465,OVERLAP
5.3-5,5.1.2-1,0.8465,OVERLAP
5.3-15B,5.2.2-2,0.8465,OVERLAP
5.11-2,5.2.4-1.1,0.8465,OVERLAP
5.9-3,5.1.3-1.2,0.8465,OVERLAP
5.6-8,5.2.1-4,0.8465,OVERLAP
5.9-1,5.2.3-2.1,0.8464,OVERLAP
5.4-3,5.2.1-4,0.8464,OVERLAP
5.2-1,5.1.4-3,0.8464,OVERLAP
5.5-1,5.1.4-1,0.8464,OVERLAP
5.6-5,5.2.3-2.1,0.8464,OVERLAP
5.13-1B,5.2.4-1,0.8464,OVERLAP
5.3-10,5.2.4-2,0.8464,OVERLAP
5.3-4B,5.1.2-5,0.8464,OVERLAP
5.3-8,5.2.2-1,0.8464,OVERLAP
5.3-3,5.2.3-4,0.8463,OVERLAP
5.11-1,5.4.1-2,0.8463,OVERLAP
5.8-2,5.1.4-5,0.8463,OVERLAP
5.3-14,5.1.1-2.2,0.8463,OVERLAP
5.3-7,5.3.1-2.2,0.8463,OVERLAP
5.10-1,5.2.4-3,0.8463,OVERLAP
5.6-7,5.2.5-2,0.8463,OVERLAP
5.1-4,5.2.1-2,0.8463,OVERLAP
5.1-2A,5.5.1-1,0.8463,OVERLAP
5.1-3,5.4.2-4,0.8463,OVERLAP
5.3-12,5.4.1-2,0.8463,OVERLAP
5.1-5,5.1.1-2,0.8463,OVERLAP
5.0-1,5.4.1-3,0.8462,OVERLAP
5.3-4B,5.2.1-1,0.8462,OVERLAP
5.1-2,5.2.2-1,0.8462,OVERLAP
5.6-2,5.1.2-5,0.8462,OVERLAP
5.7-2,5.4.1-1.1,0.8462,OVERLAP
5.5-5,5.2.4-1,0.8462,OVERLAP
5.3-3,5.2.1-2,0.8462,OVERLAP
5.7-1,5.2.4-2.1,0.8462,OVERLAP
5.6-5,5.1.2-1,0.8462,OVERLAP
5.6-5,5.1.3-1.2,0.8462,OVERLAP
5.1-5,5.1.3-3,0.8462,OVERLAP
5.12-2,5.1.4-5,0.8462,OVERLAP
5.2-1,5.2.5-2,0.8461,OVERLAP
5.5-7,5.2.1-4,0.8461,OVERLAP
5.3-2,5.1.3-1.2,0.8461,OVERLAP
5.12-2,5.3.1-2.2,0.8461,OVERLAP
5.13-1A,5.1.4-1,0.8461,OVERLAP
5.3-6A,5.2.4-2,0.846,OVERLAP
5.8-3,5.2.1-1,0.846,OVERLAP
5.3-2,5.2.4-1,0.846,OVERLAP
5.3-6A,5.1.2-5,0.846,OVERLAP
5.3-2,5.2.4-1.1,0.846,OVERLAP
5.1-3,5.1.4-1,0.846,OVERLAP
5.4-1,5.5.1-2,0.846,OVERLAP
5.8-3,5.1.1-2.1,0.846,OVERLAP
5.3-1,5.3.1-2,0.8459,OVERLAP
5.9-3,5.2.4-3,0.8459,OVERLAP
5.8-2,5.2.3-4,0.8459,OVERLAP
5.1-1,5.2.5-1,0.8459,OVERLAP
5.6-4B,5.2.4-3,0.8459,OVERLAP
5.8-3,5.2.1-4.2,0.8459,OVERLAP
5.3-11,5.2.4-2.1,0.8459,OVERLAP
5.3-7,5.1.4-1,0.8459,OVERLAP
5.11-4,5.1.1-2.2,0.8459,OVERLAP
5.9-3,5.2.2-2,0.8458,OVERLAP
5.3-4B,5.2.4-1.2,0.8458,OVERLAP
5.4-3,5.4.2-4,0.8458,OVERLAP
5.3-15A,5.2.3-2,0.8458,OVERLAP
5.12-1,5.2.5-4.1,0.8458,OVERLAP
5.11-4,5.1.2-4,0.8458,OVERLAP
5.11-4,5.2.2-1,0.8458,OVERLAP
5.5-4,5.1.4-4,0.8458,OVERLAP
5.12-3,5.2.5-4.1,0.8458,OVERLAP
5.3-16,5.5.1-1,0.8458,OVERLAP
5.12-1,5.3.1-1,0.8457,OVERLAP
5.13-1A,5.2.5-4.1,0.8457,OVERLAP
5.11-2,5.2.4-1.2,0.8457,OVERLAP
5.3-4B,5.1.3-3,0.8457,OVERLAP
5.3-15A,5.2.1-2,0.8457,OVERLAP
5.5-5,5.4.1-2,0.8457,OVERLAP
5.11-1,5.2.4-1.2,0.8457,OVERLAP
5.3-16,5.1.2-1.1,0.8457,OVERLAP
5.3-12,5.1.2-7,0.8456,OVERLAP
5.6-5,5.1.3-3,0.8456,OVERLAP
5.6-6,5.2.4-3,0.8456,OVERLAP
5.3-7,5.2.3-1,0.8456,OVERLAP
5.6-9,5.3.1-2.2,0.8456,OVERLAP
5.2-2,5.4.2-3,0.8455,OVERLAP
5.3-12,5.2.5-4.1,0.8455,OVERLAP
5.5-8,5.1.2-7,0.8455,OVERLAP
5.3-8,5.2.5-4.1,0.8455,OVERLAP
5.5-7,5.1.2-1,0.8455,OVERLAP
5.9-3,5.2.4-1.1,0.8455,OVERLAP
5.6-6,5.2.4-1,0.8455,OVERLAP
5.3-3,5.2.5-3,0.8455,OVERLAP
5.3-9,5.2.4-1,0.8455,OVERLAP
5.0-1,5.2.5-4.1,0.8454,OVERLAP
5.7-1,5.2.4-1,0.8454,OVERLAP
5.3-1,5.1.1-2.2,0.8453,OVERLAP
5.3-3,5.2.4-1.1,0.8453,OVERLAP
5.11-3,5.1.1-2.2,0.8453,OVERLAP
5.3-8,5.1.4-1,0.8453,OVERLAP
5.3-15A,5.2.5-4,0.8453,OVERLAP
5.3-3,5.3.1-2.1,0.8453,OVERLAP
5.4-1,5.1.2-6,0.8453,OVERLAP
5.3-15A,5.2.5-3,0.8453,OVERLAP
5.1-2,5.1.2-2,0.8453,OVERLAP
5.3-15A,5.1.4-1,0.8452,OVERLAP
5.12-1,5.4.1-1.1,0.8452,OVERLAP
5.1-5,5.1.2-4,0.8452,OVERLAP
5.3-10,5.1.1-2,0.8452,OVERLAP
5.5-4,5.3.1-2.1,0.8452,OVERLAP
5.3-1,5.2.1-1,0.8452,OVERLAP
5.8-2,5.2.1-1,0.8452,OVERLAP
5.6-1,5.2.3-4,0.8452,OVERLAP
5.3-16,5.1.3-1.1,0.8451,OVERLAP
5.8-3,5.1.2-5.1,0.8451,OVERLAP
5.9-1,5.1.3-1.1,0.8451,OVERLAP
5.0-1,5.2.1-1,0.8451,OVERLAP
5.6-1,5.1.3-1.3,0.8451,OVERLAP
5.1-1,5.2.2-6,0.8451,OVERLAP
5.3-3,5.2.4-1,0.845,OVERLAP
5.8-1,5.2.4-2,0.845,OVERLAP
5.11-1,5.1.4-2,0.845,OVERLAP
5.5-7,5.1.4-2,0.845,OVERLAP
5.9-2,5.1.2-2,0.845,OVERLAP
5.6-2,5.2.3-2.2,0.845,OVERLAP
5.8-1,5.2.3-4,0.845,OVERLAP
5.13-1B,5.2.5-4.1,0.845,OVERLAP
5.13-1B,5.1.1-2,0.8449,OVERLAP
5.6-4A,5.1.4-2,0.8449,OVERLAP
5.3-6A,5.2.4-2.1,0.8449,OVERLAP
5.3-8,5.2.5-2,0.8449,OVERLAP
5.8-2,5.1.4-4,0.8449,OVERLAP
5.7-1,5.4.2-4,0.8448,OVERLAP
5.7-2,5.2.5-1,0.8448,OVERLAP
5.12-3,5.1.2-5.1,0.8448,OVERLAP
5.13-1B,5.2.3-4,0.8448,OVERLAP
5.13-1B,5.2.1-4,0.8448,OVERLAP
5.10-1,5.2.3-2.1,0.8448,OVERLAP
5.3-3,5.1.2-4,0.8447,OVERLAP
5.5-6,5.2.5-1,0.8447,OVERLAP
5.5-5,5.4.2-4,0.8447,OVERLAP
5.2-3,5.2.3-2.1,0.8446,OVERLAP
5.3-6A,5.2.4-1.2,0.8446,OVERLAP
5.3-16,5.3.1-2.1,0.8445,OVERLAP
5.3-1,5.2.5-1,0.8445,OVERLAP
5.6-4A,5.2.1-4,0.8445,OVERLAP
5.2-3,5.3.1-1,0.8445,OVERLAP
5.9-2,5.2.4-2,0.8445,OVERLAP
5.13-1A,5.5.1-2,0.8445,OVERLAP
5.13-1B,5.2.4-1.1,0.8445,OVERLAP
5.3-4B,5.1.4-1,0.8444,OVERLAP
5.1-4,5.1.3-3,0.8444,OVERLAP
5.9-2,5.1.2-3,0.8444,OVERLAP
5.3-9,5.1.3-1.1,0.8444,OVERLAP
5.3-12,5.2.5-2,0.8444,OVERLAP
5.3-3,5.1.4-1,0.8444,OVERLAP
5.10-1,5.2.1-1,0.8444,OVERLAP
5.3-6B,5.3.1-2.2,0.8444,OVERLAP
5.6-4A,5.1.3-1.3,0.8444,OVERLAP
5.11-3,5.2.3-2.2,0.8444,OVERLAP
5.2-1,5.1.3-3,0.8443,OVERLAP
5.1-1,5.4.1-3,0.8443,OVERLAP
5.8-3,5.4.1-1.1,0.8443,OVERLAP
5.12-1,5.2.4-1.2,0.8443,OVERLAP
5.6-4B,5.1.4-2,0.8443,OVERLAP
5.3-14,5.2.3-1,0.8443,OVERLAP
5.5-5,5.1.3-1.3,0.8442,OVERLAP
5.3-15A,5.2.2-6,0.8442,OVERLAP
5.3-1,5.2.1-4,0.8442,OVERLAP
5.1-5,5.1.4-4,0.8442,OVERLAP
5.3-13,5.3.1-2.2,0.8442,OVERLAP
5.2-1,5.2.3-4,0.8442,OVERLAP
5.11-1,5.1.1-2,0.8442,OVERLAP
5.6-1,5.2.5-3,0.8442,OVERLAP
5.11-2,5.2.4-2,0.8442,OVERLAP
5.5-8,5.3.1-1,0.8442,OVERLAP
5.1-5,5.1.2-5,0.8441,OVERLAP
5.3-1,5.2.5-4.1,0.8441,OVERLAP
5.3-4B,5.1.4-5,0.8441,OVERLAP
5.5-2,5.1.2-5,0.8441,OVERLAP
5.6-9,5.2.5-4.1,0.8441,OVERLAP
5.6-4B,5.2.5-3,0.8441,OVERLAP
5.6-8,5.4.2-2,0.8441,OVERLAP
5.9-3,5.4.2-4,0.8441,OVERLAP
5.12-3,5.4.2-2,0.8441,OVERLAP
5.5-2,5.2.3-1,0.8441,OVERLAP
5.13-1B,5.1.4-4,0.8441,OVERLAP
5.12-1,5.1.3-1.3,0.844,OVERLAP
5.8-3,5.2.2-6,0.844,OVERLAP
5.13-1B,5.3.1-3,0.844,OVERLAP
5.10-1,5.1.2-2,0.844,OVERLAP
5.3-6A,5.1.1-2.2,0.844,OVERLAP
5.3-7,5.2.4-1,0.844,OVERLAP
5.11-1,5.2.1-1,0.844,OVERLAP
5.5-1,5.1.2-1.1,0.844,OVERLAP
5.6-5,5.2.2-1,0.8439,OVERLAP
5.5-6,5.2.2-3,0.8439,OVERLAP
5.6-4A,5.4.1-3,0.8439,OVERLAP
5.5-5,5.5.1-2,0.8439,OVERLAP
5.13-1A,5.2.4-1.1,0.8438,OVERLAP
5.8-1,5.1.2-5.1,0.8438,OVERLAP
5.8-3,5.2.2-1,0.8438,OVERLAP
5.0-1,5.2.5-2.1,0.8438,OVERLAP
5.3-6A,5.1.4-2,0.8438,OVERLAP
5.3-5,5.1.2-5.1,0.8438,OVERLAP
5.12-2,5.1.3-1,0.8438,OVERLAP
5.3-11,5.4.2-2,0.8438,OVERLAP
5.3-10,5.4.2-4,0.8437,OVERLAP
5.1-1,5.2.3-4,0.8437,OVERLAP
5.13-1A,5.2.3-4,0.8437,OVERLAP
5.6-1,5.2.2-1,0.8437,OVERLAP
5.3-5,5.1.2-5,0.8437,OVERLAP
5.5-5,5.2.5-3,0.8437,OVERLAP
5.1-5,5.4.1-2,0.8437,OVERLAP
5.9-3,5.2.1-4.1,0.8437,OVERLAP
5.3-15B,5.2.5-3,0.8437,OVERLAP
5.1-3,5.2.4-2.1,0.8437,OVERLAP
5.1-5,5.3.1-1,0.8436,OVERLAP
5.9-1,5.3.1-2,0.8436,OVERLAP
5.9-1,5.1.2-2,0.8436,OVERLAP
5.5-7,5.1.2-1.1,0.8436,OVERLAP
5.3-16,5.2.5-1,0.8436,OVERLAP
5.3-6A,5.2.5-1,0.8436,OVERLAP
5.9-2,5.2.3-4,0.8436,OVERLAP
5.3-3,5.2.4-1.2,0.8436,OVERLAP
5.13-1A,5.2.1-4,0.8436,OVERLAP
5.1-1,5.1.3-1.1,0.8436,OVERLAP
5.3-10,5.2.5-1,0.8436,OVERLAP
5.13-1A,5.1.4-4,0.8436,OVERLAP
5.3-15B,5.3.1-2,0.8435,OVERLAP
5.1-1,5.2.4-2,0.8435,OVERLAP
5.9-3,5.1.4-1,0.8435,OVERLAP
5.3-7,5.2.2-3,0.8435,OVERLAP
5.1-2,5.2.4-1.2,0.8435,OVERLAP
5.6-4B,5.1.2-6,0.8435,OVERLAP
5.3-16,5.2.1-4.1,0.8435,OVERLAP
5.3-12,5.2.3-2,0.8435,OVERLAP
5.11-1,5.2.5-1,0.8435,OVERLAP
5.9-2,5.2.1-3,0.8435,OVERLAP
5.2-2,5.3.1-2.2,0.8434,OVERLAP
5.4-4,5.4.2-1,0.8434,OVERLAP
5.3-8,5.2.2-6,0.8434,OVERLAP
5.3-3,5.1.1-2,0.8434,OVERLAP
5.3-1,5.2.4-1,0.8434,OVERLAP
5.10-1,5.1.1-2.2,0.8434,OVERLAP
5.3-15A,5.2.4-3,0.8433,OVERLAP
5.3-15B,5.1.2-1.1,0.8433,OVERLAP
5.6-6,5.1.3-4,0.8433,OVERLAP
5.3-6A,5.2.2-1,0.8433,OVERLAP
5.12-1,5.2.3-2,0.8433,OVERLAP
5.1-5,5.4.2-3,0.8432,OVERLAP
5.3-15B,5.1.2-6,0.8432,OVERLAP
5.3-6A,5.1.3-1.2,0.8432,OVERLAP
5.12-1,5.4.2-2,0.8432,OVERLAP
5.7-1,5.1.4-1,0.8432,OVERLAP
5.1-5,5.4.1-1.1,0.8432,OVERLAP
5.6-1,5.4.1-3,0.8432,OVERLAP
5.11-1,5.3.1-3,0.8432,OVERLAP
5.13-1A,5.3.1-3,0.8432,OVERLAP
5.4-3,5.1.2-3,0.8432,OVERLAP
5.9-1,5.2.1-3,0.8431,OVERLAP
5.3-15A,5.1.4-2,0.8431,OVERLAP
5.6-5,5.2.1-3,0.8431,OVERLAP
5.1-5,5.2.1-2,0.8431,OVERLAP
5.6-8,5.1.2-3,0.8431,OVERLAP
5.12-2,5.4.2-2,0.8431,OVERLAP
5.5-5,5.4.2-3,0.8431,OVERLAP
5.12-1,5.2.5-1,0.8431,OVERLAP
5.3-11,5.2.5-4,0.8431,OVERLAP
5.6-5,5.2.1-2,0.8431,OVERLAP
5.11-4,5.2.1-1,0.8431,OVERLAP
5.8-1,5.1.3-1.2,0.8431,OVERLAP
5.3-10,5.2.5-4,0.843,OVERLAP
5.3-1,5.1.3-1.2,0.843,OVERLAP
5.11-1,5.2.5-4,0.843,OVERLAP
5.11-1,5.4.1-1,0.843,OVERLAP
5.5-8,5.4.2-3,0.843,OVERLAP
5.9-2,5.2.5-1,0.843,OVERLAP
5.13-1B,5.1.4-1,0.843,OVERLAP
5.2-1,5.1.4-4,0.843,OVERLAP
5.5-4,5.5.1-1,0.8429,OVERLAP
5.1-2,5.4.1-1.1,0.8429,OVERLAP
5.11-2,5.2.5-2.1,0.8429,OVERLAP
5.8-2,5.4.2-4,0.8429,OVERLAP
5.1-4,5.1.3-2,0.8429,OVERLAP
5.1-5,5.1.4-5,0.8429,OVERLAP
5.3-5,5.1.1-2.2,0.8428,OVERLAP
5.8-3,5.2.5-4.1,0.8428,OVERLAP
5.7-2,5.1.1-2.2,0.8428,OVERLAP
5.3-3,5.1.4-4,0.8428,OVERLAP
5.7-2,5.4.1-3,0.8428,OVERLAP
5.3-5,5.2.1-3,0.8428,OVERLAP
5.1-1,5.1.2-7,0.8428,OVERLAP
5.3-1,5.1.3-1.1,0.8428,OVERLAP
5.3-11,5.5.1-2,0.8427,OVERLAP
5.11-2,5.2.1-4.2,0.8427,OVERLAP
5.6-1,5.1.4-5,0.8427,OVERLAP
5.3-6A,5.1.2-5.1,0.8427,OVERLAP
5.6-8,5.1.1-2.2,0.8427,OVERLAP
5.1-1,5.2.1-4,0.8426,OVERLAP
5.3-9,5.4.2-2,0.8426,OVERLAP
5.4-2,5.1.2-1,0.8426,OVERLAP
5.7-1,5.2.5-3,0.8426,OVERLAP
5.3-15A,5.2.2-3,0.8426,OVERLAP
5.5-4,5.1.3-1.1,0.8426,OVERLAP
5.3-11,5.1.1-2.1,0.8426,OVERLAP
5.9-3,5.1.4-5,0.8425,OVERLAP
5.3-8,5.2.5-2.1,0.8425,OVERLAP
5.11-1,5.1.2-4,0.8425,OVERLAP
5.3-13,5.2.5-2,0.8425,OVERLAP
5.9-3,5.2.3-4,0.8425,OVERLAP
5.9-1,5.2.1-4.2,0.8425,OVERLAP
5.1-3,5.4.2-3,0.8425,OVERLAP
5.3-10,5.2.2-1,0.8425,OVERLAP
5.3-15A,5.2.3-2.1,0.8425,OVERLAP
5.6-4A,5.2.2-6,0.8424,OVERLAP
5.3-2,5.1.4-1,0.8424,OVERLAP
5.4-4,5.3.1-2.2,0.8424,OVERLAP
5.1-2A,5.1.4-2,0.8423,OVERLAP
5.13-1A,5.1.1-2,0.8423,OVERLAP
5.11-4,5.1.4-3,0.8423,OVERLAP
5.2-3,5.2.5-2,0.8422,OVERLAP
5.5-4,5.2.3-2,0.8422,OVERLAP
5.5-5,5.4.1-1.1,0.8422,OVERLAP
5.5-7,5.1.4-3,0.8421,OVERLAP
5.3-15B,5.2.5-2.1,0.8421,OVERLAP
5.8-3,5.4.2-3,0.8421,OVERLAP
5.3-5,5.1.1-2,0.8421,OVERLAP
5.9-1,5.4.1-2,0.8421,OVERLAP
5.6-4A,5.1.4-1,0.8421,OVERLAP
5.4-2,5.2.4-3,0.8421,OVERLAP
5.3-1,5.2.2-2,0.8421,OVERLAP
5.1-3,5.1.4-4,0.842,OVERLAP
5.10-1,5.2.2-1,0.842,OVERLAP
5.1-5,5.2.5-1,0.842,OVERLAP
5.5-8,5.1.4-5,0.842,OVERLAP
5.11-1,5.2.3-1,0.842,OVERLAP
5.2-1,5.5.1-2,0.8419,OVERLAP
5.8-3,5.1.2-2,0.8419,OVERLAP
5.6-4A,5.4.2-2,0.8419,OVERLAP
5.3-1,5.4.1-2,0.8419,OVERLAP
5.8-3,5.2.4-1.1,0.8419,OVERLAP
5.3-10,5.1.3-1,0.8419,OVERLAP
5.5-7,5.2.5-1,0.8419,OVERLAP
5.1-2,5.2.1-4.2,0.8418,OVERLAP
5.3-1,5.2.5-2.1,0.8418,OVERLAP
5.13-1B,5.1.1-2.2,0.8418,OVERLAP
5.6-7,5.1.1-2.2,0.8418,OVERLAP
5.3-10,5.1.1-2.1,0.8417,OVERLAP
5.3-15A,5.2.5-2,0.8417,OVERLAP
5.3-3,5.1.2-5,0.8417,OVERLAP
5.6-6,5.1.3-1.1,0.8417,OVERLAP
5.12-1,5.1.2-5.1,0.8416,OVERLAP
5.4-2,5.4.1-2,0.8416,OVERLAP
5.3-15A,5.2.5-2.1,0.8416,OVERLAP
5.3-2,5.2.1-4.1,0.8416,OVERLAP
5.4-3,5.2.5-1,0.8416,OVERLAP
5.5-2,5.2.3-2.2,0.8416,OVERLAP
5.3-12,5.1.2-5,0.8415,OVERLAP
5.3-15A,5.1.4-3,0.8415,OVERLAP
5.3-14,5.1.3-1.3,0.8415,OVERLAP
5.1-3,5.4.1-3,0.8415,OVERLAP
5.3-1,5.4.1-1.1,0.8415,OVERLAP
5.8-1,5.2.1-1,0.8415,OVERLAP
5.3-10,5.2.3-2.1,0.8415,OVERLAP
5.8-2,5.1.3-1.2,0.8415,OVERLAP
5.5-1,5.2.5-4,0.8415,OVERLAP
5.3-16,5.1.2-3,0.8415,OVERLAP
5.3-7,5.1.2-1.1,0.8414,OVERLAP
5.6-4A,5.1.4-5,0.8414,OVERLAP
5.3-7,5.2.4-1.2,0.8414,OVERLAP
5.3-10,5.2.1-4,0.8414,OVERLAP
5.2-1,5.4.1-3,0.8414,OVERLAP
5.3-12,5.2.5-4,0.8414,OVERLAP
5.5-7,5.4.1-1.1,0.8413,OVERLAP
5.1-4,5.2.4-2.1,0.8413,OVERLAP
5.12-1,5.2.1-4.2,0.8413,OVERLAP
5.3-6A,5.1.3-1,0.8413,OVERLAP
5.3-12,5.1.4-3,0.8413,OVERLAP
5.3-6A,5.2.5-2.1,0.8412,OVERLAP
5.6-7,5.1.4-4,0.8412,OVERLAP
5.4-2,5.4.2-4,0.8412,OVERLAP
5.9-1,5.3.1-1,0.8412,OVERLAP
5.11-4,5.2.1-3,0.8412,OVERLAP
5.5-8,5.2.5-2.1,0.8412,OVERLAP
5.11-3,5.2.2-2,0.8411,OVERLAP
5.6-7,5.1.2-5,0.8411,OVERLAP
5.5-8,5.2.5-3,0.8411,OVERLAP
5.1-3,5.2.4-1.2,0.8411,OVERLAP
5.11-1,5.2.3-2,0.8411,OVERLAP
5.9-2,5.3.1-1,0.8411,OVERLAP
5.9-1,5.2.2-3,0.841,OVERLAP
5.1-2,5.1.1-2.2,0.841,OVERLAP
5.3-11,5.1.3-1,0.841,OVERLAP
5.8-2,5.1.1-1,0.841,OVERLAP
5.6-1,5.1.1-2.1,0.841,OVERLAP
5.3-11,5.1.1-1,0.8409,OVERLAP
5.3-1,5.2.1-4.2,0.8409,OVERLAP
5.6-4A,5.3.1-2.2,0.8409,OVERLAP
5.6-5,5.4.1-3,0.8408,OVERLAP
5.1-5,5.2.5-3,0.8408,OVERLAP
5.1-2A,5.2.4-2,0.8408,OVERLAP
5.12-2,5.2.1-1,0.8408,OVERLAP
5.3-10,5.1.4-2,0.8408,OVERLAP
5.3-7,5.4.1-1.1,0.8408,OVERLAP
5.3-6A,5.1.2-1,0.8408,OVERLAP
5.11-3,5.2.2-1,0.8408,OVERLAP
5.8-3,5.1.3-1.3,0.8408,OVERLAP
5.7-2,5.2.2-6,0.8408,OVERLAP
5.11-2,5.1.2-5.1,0.8408,OVERLAP
5.5-8,5.2.1-1,0.8408,OVERLAP
5.12-1,5.1.1-1.1,0.8407,OVERLAP
5.9-1,5.4.1-1.1,0.8407,OVERLAP
5.6-3,5.1.3-1,0.8407,OVERLAP
5.3-11,5.2.1-4.2,0.8406,OVERLAP
5.6-8,5.1.3-1.1,0.8406,OVERLAP
5.9-1,5.2.1-4.1,0.8406,OVERLAP
5.6-9,5.1.1-1,0.8406,OVERLAP
5.12-2,5.1.3-3,0.8406,OVERLAP
5.6-4A,5.4.1-1.1,0.8406,OVERLAP
5.8-2,5.4.1-1.1,0.8406,OVERLAP
5.10-1,5.4.1-3,0.8406,OVERLAP
5.6-6,5.2.5-4,0.8406,OVERLAP
5.1-4,5.2.5-3,0.8405,OVERLAP
5.5-7,5.1.1-2.2,0.8405,OVERLAP
5.8-3,5.4.1-3,0.8405,OVERLAP
5.7-1,5.2.5-4.1,0.8405,OVERLAP
5.8-1,5.4.1-2,0.8405,OVERLAP
5.8-3,5.4.1-2,0.8405,OVERLAP
5.3-9,5.2.1-2,0.8405,OVERLAP
5.9-3,5.1.1-2,0.8405,OVERLAP
5.3-14,5.2.3-2.2,0.8405,OVERLAP
5.2-3,5.2.5-4,0.8405,OVERLAP
5.10-1,5.1.3-3,0.8405,OVERLAP
5.9-1,5.2.5-4.1,0.8405,OVERLAP
5.8-3,5.5.1-2,0.8405,OVERLAP
5.11-1,5.2.5-3,0.8405,OVERLAP
5.8-2,5.2.1-4.2,0.8405,OVERLAP
5.5-7,5.2.5-4,0.8404,OVERLAP
5.3-10,5.1.2-2,0.8404,OVERLAP
5.3-9,5.2.5-2,0.8404,OVERLAP
5.5-7,5.1.2-7,0.8404,OVERLAP
5.11-3,5.2.3-2,0.8404,OVERLAP
5.8-2,5.2.4-2,0.8404,OVERLAP
5.1-5,5.5.1-2,0.8404,OVERLAP
5.7-1,5.1.3-3,0.8404,OVERLAP
5.4-3,5.1.3-1.1,0.8404,OVERLAP
5.3-7,5.5.1-1,0.8404,OVERLAP
5.9-2,5.2.1-2,0.8403,OVERLAP
5.13-1A,5.1.1-2.2,0.8403,OVERLAP
5.11-3,5.1.1-2,0.8403,OVERLAP
5.3-12,5.1.2-4,0.8403,OVERLAP
5.5-6,5.1.3-1.1,0.8403,OVERLAP
5.1-4,5.2.4-1.1,0.8403,OVERLAP
5.1-1,5.2.5-3,0.8402,OVERLAP
5.12-1,5.2.3-4,0.8402,OVERLAP
5.2-1,5.2.4-1.2,0.8402,OVERLAP
5.3-14,5.1.4-1,0.8402,OVERLAP
5.9-1,5.1.4-2,0.8402,OVERLAP
5.1-3,5.4.1-1.1,0.8402,OVERLAP
5.3-3,5.1.1-2.2,0.8402,OVERLAP
5.3-1,5.1.4-1,0.8401,OVERLAP
5.2-1,5.2.1-4,0.8401,OVERLAP
5.5-4,5.1.4-2,0.8401,OVERLAP
5.6-2,5.1.3-3,0.8401,OVERLAP
5.5-7,5.1.3-1.3,0.8401,OVERLAP
5.2-3,5.1.4-1,0.8401,OVERLAP
5.1-2A,5.2.1-4.1,0.8401,OVERLAP
5.3-10,5.2.3-2,0.8401,OVERLAP
5.5-5,5.1.1-2,0.8401,OVERLAP
5.3-3,5.4.1-3,0.84,OVERLAP
5.8-1,5.2.1-4.2,0.84,OVERLAP
5.2-1,5.2.2-4,0.84,OVERLAP
5.6-6,5.1.2-7,0.84,OVERLAP
5.2-2,5.4.2-1,0.84,OVERLAP
5.10-1,5.1.2-7,0.84,OVERLAP
5.3-15B,5.2.5-4,0.84,OVERLAP
5.9-2,5.2.1-4.1,0.84,OVERLAP
5.6-3,5.3.1-2.1,0.84,OVERLAP
5.6-8,5.2.4-2.1,0.84,OVERLAP
5.9-2,5.2.2-5,0.84,OVERLAP
5.9-1,5.2.5-1,0.8399,OVERLAP
5.5-7,5.1.2-5,0.8399,OVERLAP
5.6-3,5.2.4-1.1,0.8399,OVERLAP
5.5-5,5.4.2-2,0.8399,OVERLAP
5.0-1,5.2.1-3,0.8399,OVERLAP
5.4-2,5.1.2-2,0.8399,OVERLAP
5.3-2,5.1.4-2,0.8399,OVERLAP
5.3-10,5.4.1-1,0.8399,OVERLAP
5.3-4B,5.1.2-2,0.8399,OVERLAP
5.6-7,5.1.4-5,0.8398,OVERLAP
5.3-2,5.3.1-1,0.8398,OVERLAP
5.7-1,5.2.4-1.1,0.8398,OVERLAP
5.4-1,5.5.1-1,0.8397,OVERLAP
5.3-7,5.1.4-4,0.8397,OVERLAP
5.6-5,5.1.3-1.3,0.8397,OVERLAP
5.11-2,5.1.1-2.2,0.8397,OVERLAP
5.3-11,5.4.2-4,0.8397,OVERLAP
5.2-1,5.4.1-1.1,0.8397,OVERLAP
5.8-3,5.4.2-4,0.8396,OVERLAP
5.9-3,5.3.1-2.2,0.8396,OVERLAP
5.10-1,5.1.3-1,0.8396,OVERLAP
5.13-1A,5.1.3-1,0.8396,OVERLAP
5.3-2,5.4.2-3,0.8396,OVERLAP
5.6-8,5.2.5-4,0.8396,OVERLAP
5.3-10,5.2.5-2,0.8396,OVERLAP
5.5-6,5.3.1-1,0.8396,OVERLAP
5.11-3,5.1.3-1.1,0.8396,OVERLAP
5.4-1,5.1.2-1.1,0.8396,OVERLAP
5.9-2,5.1.2-4,0.8395,OVERLAP
5.8-2,5.3.1-2.2,0.8395,OVERLAP
5.6-5,5.4.1-2,0.8395,OVERLAP
5.6-3,5.2.4-2.1,0.8395,OVERLAP
5.6-2,5.4.1-3,0.8395,OVERLAP
5.2-1,5.1.1-2.2,0.8394,OVERLAP
5.7-2,5.2.2-1,0.8394,OVERLAP
5.12-1,5.1.2-1,0.8393,OVERLAP
5.3-15B,5.2.1-2,0.8393,OVERLAP
5.3-8,5.2.1-1,0.8393,OVERLAP
5.3-12,5.5.1-2,0.8393,OVERLAP
5.3-5,5.2.1-3.1,0.8393,OVERLAP
5.2-3,5.2.1-3,0.8393,OVERLAP
5.12-3,5.1.3-3,0.8393,OVERLAP
5.1-5,5.1.1-2.2,0.8393,OVERLAP
5.1-5,5.2.5-4.1,0.8393,OVERLAP
5.2-2,5.2.1-4,0.8393,OVERLAP
5.6-6,5.2.3-4,0.8393,OVERLAP
5.1-5,5.2.4-2,0.8393,OVERLAP
5.11-4,5.2.1-3.1,0.8393,OVERLAP
5.1-3,5.2.4-1,0.8393,OVERLAP
5.13-1B,5.1.3-1,0.8392,OVERLAP
5.1-1,5.3.1-3,0.8392,OVERLAP
5.3-11,5.2.3-2.2,0.8392,OVERLAP
5.3-7,5.2.1-2,0.8392,OVERLAP
5.3-7,5.2.5-2,0.8392,OVERLAP
5.5-5,5.1.4-5,0.8392,OVERLAP
5.3-14,5.4.2-2,0.8391,OVERLAP
5.6-4B,5.2.2-2,0.8391,OVERLAP
5.8-2,5.1.2-5.1,0.8391,OVERLAP
5.4-3,5.1.2-4,0.8391,OVERLAP
5.11-4,5.1.3-1.3,0.839,OVERLAP
5.5-8,5.4.1-3,0.839,OVERLAP
5.3-9,5.1.2-4,0.839,OVERLAP
5.9-2,5.4.1-1.1,0.839,OVERLAP
5.5-8,5.1.4-2,0.839,OVERLAP
5.5-4,5.2.2-3,0.839,OVERLAP
5.9-1,5.2.5-2.1,0.839,OVERLAP
5.6-8,5.3.1-3,0.839,OVERLAP
5.11-3,5.2.1-4.2,0.839,OVERLAP
5.10-1,5.2.4-1,0.839,OVERLAP
5.3-3,5.1.3-1.3,0.8389,OVERLAP
5.3-5,5.2.4-2,0.8389,OVERLAP
5.1-4,5.2.5-1,0.8389,OVERLAP
5.3-14,5.2.1-1,0.8389,OVERLAP
5.8-3,5.1.3-1.2,0.8388,OVERLAP
5.1-2,5.1.3-1,0.8388,OVERLAP
5.3-15B,5.1.4-2,0.8388,OVERLAP
5.7-2,5.2.1-4,0.8388,OVERLAP
5.3-1,5.1.2-4,0.8387,OVERLAP
5.6-2,5.2.2-1,0.8387,OVERLAP
5.11-1,5.2.1-3,0.8387,OVERLAP
5.5-6,5.3.1-3,0.8387,OVERLAP
5.3-5,5.1.2-2,0.8387,OVERLAP
5.13-1B,5.2.2-6,0.8387,OVERLAP
5.5-8,5.2.3-4,0.8387,OVERLAP
5.3-15A,5.2.3-4,0.8387,OVERLAP
5.6-8,5.2.4-2,0.8387,OVERLAP
5.6-1,5.3.1-2.2,0.8386,OVERLAP
5.3-9,5.2.3-2,0.8386,OVERLAP
5.2-1,5.2.2-6,0.8386,OVERLAP
5.6-2,5.4.2-3,0.8386,OVERLAP
5.6-4A,5.2.1-1,0.8386,OVERLAP
5.6-7,5.4.1-2,0.8386,OVERLAP
5.6-8,5.1.4-3,0.8386,OVERLAP
5.8-1,5.5.1-2,0.8386,OVERLAP
5.8-2,5.2.4-1.2,0.8385,OVERLAP
5.3-3,5.5.1-2,0.8385,OVERLAP
5.9-2,5.4.2-3,0.8385,OVERLAP
5.9-1,5.2.5-4,0.8385,OVERLAP
5.6-2,5.2.4-1.1,0.8385,OVERLAP
5.8-3,5.1.1-1.1,0.8385,OVERLAP
5.11-1,5.4.2-4,0.8384,OVERLAP
5.11-4,5.2.4-1.2,0.8384,OVERLAP
5.4-3,5.5.1-2,0.8384,OVERLAP
5.4-2,5.2.3-4,0.8384,OVERLAP
5.6-2,5.2.5-2,0.8384,OVERLAP
5.6-6,5.2.2-2,0.8384,OVERLAP
5.6-4B,5.1.2-1.1,0.8384,OVERLAP
5.7-1,5.4.2-2,0.8384,OVERLAP
5.12-3,5.2.5-2.1,0.8384,OVERLAP
5.6-8,5.1.4-2,0.8384,OVERLAP
5.5-7,5.4.1-3,0.8383,OVERLAP
5.6-3,5.2.2-1,0.8383,OVERLAP
5.3-10,5.3.1-2.1,0.8383,OVERLAP
5.2-3,5.4.1-2,0.8383,OVERLAP
5.4-2,5.2.3-2.1,0.8383,OVERLAP
5.8-1,5.2.4-1.2,0.8383,OVERLAP
5.6-6,5.1.4-2,0.8383,OVERLAP
5.5-7,5.4.2-4,0.8383,OVERLAP
5.11-3,5.1.2-5.1,0.8382,OVERLAP
5.6-1,5.4.1-1,0.8382,OVERLAP
5.2-2,5.2.1-4.2,0.8382,OVERLAP
5.7-2,5.2.4-1.2,0.8382,OVERLAP
5.11-2,5.4.1-1,0.8382,OVERLAP
5.1-2A,5.3.1-2,0.8382,OVERLAP
5.5-5,5.2.2-1,0.8381,OVERLAP
5.6-3,5.1.3-3,0.8381,OVERLAP
5.5-7,5.2.2-1,0.8381,OVERLAP
5.9-1,5.1.4-3,0.8381,OVERLAP
5.6-3,5.1.1-2,0.838,OVERLAP
5.11-3,5.2.1-3,0.838,OVERLAP
5.3-9,5.4.2-3,0.838,OVERLAP
5.6-3,5.2.3-2.1,0.838,OVERLAP
5.3-15A,5.2.3-1,0.838,OVERLAP
5.6-3,5.2.5-2.1,0.838,OVERLAP
5.5-7,5.4.2-2,0.838,OVERLAP
5.3-1,5.2.1-4.1,0.838,OVERLAP
5.9-1,5.1.1-2,0.838,OVERLAP
5.3-1,5.2.2-3,0.838,OVERLAP
5.1-2,5.2.4-1,0.8379,OVERLAP
5.4-2,5.3.1-3,0.8379,OVERLAP
5.13-1B,5.2.4-2,0.8379,OVERLAP
5.13-1B,5.2.3-1,0.8379,OVERLAP
5.2-3,5.2.5-4.1,0.8379,OVERLAP
5.11-1,5.2.4-2,0.8379,OVERLAP
5.3-2,5.3.1-3,0.8379,OVERLAP
5.1-1,5.1.4-3,0.8379,OVERLAP
5.5-4,5.1.2-7,0.8379,OVERLAP
5.3-2,5.1.3-2,0.8379,OVERLAP
5.3-15A,5.4.2-3,0.8379,OVERLAP
5.6-1,5.1.4-2,0.8378,OVERLAP
5.3-16,5.1.2-1,0.8378,OVERLAP
5.3-12,5.4.1-3,0.8378,OVERLAP
5.3-10,5.4.1-3,0.8378,OVERLAP
5.9-2,5.3.1-2.2,0.8378,OVERLAP
5.2-2,5.1.2-5,0.8377,OVERLAP
5.12-1,5.2.2-4,0.8377,OVERLAP
5.3-3,5.2.5-2,0.8377,OVERLAP
5.3-10,5.4.1-1.1,0.8377,OVERLAP
5.7-1,5.1.2-5.1,0.8377,OVERLAP
5.3-15B,5.2.5-2,0.8377,OVERLAP
5.3-3,5.2.1-4,0.8377,OVERLAP
5.3-16,5.2.4-2,0.8376,OVERLAP
5.13-1A,5.2.3-1,0.8376,OVERLAP
5.3-12,5.4.2-3,0.8376,OVERLAP
5.8-2,5.5.1-2,0.8376,OVERLAP
5.5-1,5.2.5-2,0.8376,OVERLAP
5.11-1,5.1.2-5,0.8375,OVERLAP
5.6-1,5.1.4-1,0.8375,OVERLAP
5.2-2,5.2.4-1.2,0.8375,OVERLAP
5.4-3,5.1.4-3,0.8375,OVERLAP
5.6-2,5.1.1-2.1,0.8375,OVERLAP
5.6-7,5.3.1-3,0.8374,OVERLAP
5.6-5,5.4.1-1,0.8374,OVERLAP
5.3-2,5.2.4-2.1,0.8374,OVERLAP
5.3-2,5.1.2-4,0.8374,OVERLAP
5.6-2,5.2.3-2.1,0.8374,OVERLAP
5.6-7,5.1.4-1,0.8373,OVERLAP
5.2-2,5.2.2-1,0.8373,OVERLAP
5.6-1,5.4.2-3,0.8373,OVERLAP
5.1-4,5.3.1-2.2,0.8373,OVERLAP
5.3-12,5.2.2-6,0.8373,OVERLAP
5.3-15B,5.5.1-2,0.8373,OVERLAP
5.3-6A,5.1.1-2.1,0.8373,OVERLAP
5.5-2,5.2.3-3,0.8373,OVERLAP
5.3-11,5.4.1-1,0.8373,OVERLAP
5.6-4A,5.1.2-5.1,0.8373,OVERLAP
5.3-14,5.2.5-4.1,0.8372,OVERLAP
5.9-3,5.4.2-2,0.8372,OVERLAP
5.3-5,5.2.3-2.2,0.8372,OVERLAP
5.9-2,5.3.1-2.1,0.8371,OVERLAP
5.0-1,5.1.2-2,0.8371,OVERLAP
5.12-1,5.2.1-1,0.8371,OVERLAP
5.3-15B,5.1.4-1,0.8371,OVERLAP
5.3-15B,5.2.4-1,0.8371,OVERLAP
5.8-1,5.2.5-2.1,0.8371,OVERLAP
5.5-5,5.1.2-4,0.8371,OVERLAP
5.3-1,5.4.2-3,0.837,OVERLAP
5.1-2,5.2.5-2.1,0.837,OVERLAP
5.6-5,5.2.4-1.1,0.837,OVERLAP
5.3-12,5.4.1-1.1,0.837,OVERLAP
5.4-2,5.2.5-4,0.8369,OVERLAP
5.1-1,5.4.1-2,0.8369,OVERLAP
5.12-3,5.2.2-5,0.8369,OVERLAP
5.9-3,5.1.3-2,0.8369,OVERLAP
5.9-2,5.2.2-6,0.8369,OVERLAP
5.3-16,5.2.5-4,0.8369,OVERLAP
5.1-5,5.2.3-4,0.8369,OVERLAP
5.3-9,5.1.3-1.2,0.8369,OVERLAP
5.3-12,5.1.2-1,0.8369,OVERLAP
5.3-15A,5.2.4-1,0.8369,OVERLAP
5.1-3,5.1.3-3,0.8368,OVERLAP
5.6-4A,5.4.1-1,0.8368,OVERLAP
5.11-3,5.2.5-1,0.8368,OVERLAP
5.5-2,5.4.2-1,0.8368,OVERLAP
5.13-1B,5.4.2-4,0.8368,OVERLAP
5.4-3,5.4.1-3,0.8368,OVERLAP
5.4-2,5.1.4-2,0.8368,OVERLAP
5.6-8,5.1.2-4,0.8368,OVERLAP
5.5-4,5.1.4-1,0.8367,OVERLAP
5.1-4,5.4.2-2,0.8367,OVERLAP
5.7-2,5.1.4-1,0.8367,OVERLAP
5.6-9,5.1.2-5,0.8367,OVERLAP
5.11-4,5.1.1-1,0.8367,OVERLAP
5.13-1B,5.2.5-1,0.8366,OVERLAP
5.3-2,5.4.1-2,0.8366,OVERLAP
5.3-15B,5.4.2-4,0.8366,OVERLAP
5.10-1,5.3.1-3,0.8366,OVERLAP
5.1-5,5.2.5-2.1,0.8366,OVERLAP
5.5-7,5.2.4-1.2,0.8365,OVERLAP
5.3-13,5.4.1-2,0.8365,OVERLAP
5.11-1,5.1.4-1,0.8365,OVERLAP
5.5-1,5.2.5-3,0.8365,OVERLAP
5.13-1B,5.4.1-3,0.8365,OVERLAP
5.3-6B,5.2.1-4.2,0.8364,OVERLAP
5.6-7,5.2.1-2,0.8364,OVERLAP
5.11-1,5.1.2-2,0.8364,OVERLAP
5.11-4,5.2.2-4,0.8364,OVERLAP
5.9-2,5.1.4-1,0.8364,OVERLAP
5.3-16,5.1.4-4,0.8364,OVERLAP
5.1-4,5.1.4-1,0.8364,OVERLAP
5.11-4,5.2.2-2,0.8364,OVERLAP
5.8-1,5.2.5-4.1,0.8364,OVERLAP
5.3-8,5.1.4-5,0.8363,OVERLAP
5.3-1,5.3.1-1,0.8363,OVERLAP
5.3-3,5.1.4-5,0.8363,OVERLAP
5.4-3,5.4.1-2,0.8363,OVERLAP
5.13-1A,5.4.1-3,0.8363,OVERLAP
5.13-1B,5.1.2-7,0.8363,OVERLAP
5.1-3,5.2.1-3,0.8362,OVERLAP
5.5-1,5.3.1-2.2,0.8362,OVERLAP
5.1-5,5.1.2-2,0.8362,OVERLAP
5.3-4B,5.4.2-1,0.8362,OVERLAP
5.6-6,5.1.2-3,0.8362,OVERLAP
5.3-16,5.2.5-2,0.8362,OVERLAP
5.2-1,5.4.1-2,0.8362,OVERLAP
5.6-8,5.4.1-1.1,0.8362,OVERLAP
5.6-5,5.1.2-2,0.8362,OVERLAP
5.6-5,5.5.1-2,0.8362,OVERLAP
5.8-2,5.1.3-1,0.8362,OVERLAP
5.11-2,5.1.3-1.3,0.8362,OVERLAP
5.1-2A,5.1.2-1.1,0.8362,OVERLAP
5.4-2,5.4.2-2,0.8361,OVERLAP
5.5-1,5.1.4-2,0.8361,OVERLAP
5.6-9,5.2.1-3,0.8361,OVERLAP
5.4-3,5.1.4-5,0.8361,OVERLAP
5.8-1,5.4.1-1.1,0.8361,OVERLAP
5.1-1,5.2.5-2,0.8361,OVERLAP
5.12-1,5.2.4-2.1,0.8361,OVERLAP
5.3-9,5.2.5-2.1,0.8361,OVERLAP
5.13-1A,5.2.2-6,0.836,OVERLAP
5.11-2,5.4.2-2,0.836,OVERLAP
5.2-3,5.5.1-2,0.836,OVERLAP
5.13-1A,5.2.4-2,0.836,OVERLAP
5.3-7,5.1.3-1.2,0.8359,OVERLAP
5.12-3,5.1.3-1,0.8359,OVERLAP
5.10-1,5.1.1-1,0.8359,OVERLAP
5.3-3,5.2.3-2.1,0.8359,OVERLAP
5.3-2,5.4.1-1.1,0.8359,OVERLAP
5.5-8,5.4.1-2,0.8358,OVERLAP
5.0-1,5.2.3-2.2,0.8358,OVERLAP
5.10-1,5.1.1-2.1,0.8358,OVERLAP
5.6-7,5.3.1-2.1,0.8358,OVERLAP
5.9-2,5.1.4-3,0.8358,OVERLAP
5.3-14,5.1.2-5.1,0.8358,OVERLAP
5.7-1,5.2.1-3.1,0.8357,OVERLAP
5.1-3,5.2.4-2,0.8357,OVERLAP
5.8-2,5.2.5-2.1,0.8357,OVERLAP
5.6-2,5.4.1-2,0.8357,OVERLAP
5.2-3,5.1.2-7,0.8357,OVERLAP
5.3-2,5.2.3-4,0.8357,OVERLAP
5.3-6A,5.4.2-1,0.8357,OVERLAP
5.3-6B,5.1.2-2,0.8356,OVERLAP
5.1-1,5.1.3-2,0.8356,OVERLAP
5.12-1,5.1.1-1,0.8356,OVERLAP
5.6-5,5.1.2-4,0.8356,OVERLAP
5.5-6,5.3.1-2.1,0.8356,OVERLAP
5.8-1,5.1.4-2,0.8356,OVERLAP
5.9-1,5.2.4-1,0.8356,OVERLAP
5.3-1,5.4.2-4,0.8355,OVERLAP
5.3-7,5.1.2-4,0.8355,OVERLAP
5.1-4,5.4.2-4,0.8355,OVERLAP
5.1-4,5.1.1-2,0.8355,OVERLAP
5.11-2,5.2.3-1,0.8355,OVERLAP
5.6-7,5.4.1-1.1,0.8355,OVERLAP
5.3-13,5.1.4-1,0.8355,OVERLAP
5.5-4,5.2.5-2,0.8355,OVERLAP
5.4-1,5.2.4-1,0.8355,OVERLAP
5.3-13,5.2.2-1,0.8354,OVERLAP
5.9-3,5.2.4-2,0.8354,OVERLAP
5.2-1,5.1.2-5.1,0.8354,OVERLAP
5.13-1A,5.2.5-1,0.8353,OVERLAP
5.7-1,5.1.3-1.3,0.8353,OVERLAP
5.3-10,5.1.3-1.3,0.8353,OVERLAP
5.6-8,5.4.1-3,0.8353,OVERLAP
5.5-4,5.2.5-4.1,0.8353,OVERLAP
5.8-1,5.2.4-2.1,0.8353,OVERLAP
5.13-1A,5.1.2-7,0.8353,OVERLAP
5.3-7,5.2.2-6,0.8353,OVERLAP
5.9-1,5.1.2-5,0.8352,OVERLAP
5.6-3,5.2.1-4.2,0.8352,OVERLAP
5.8-2,5.4.1-2,0.8352,OVERLAP
5.9-3,5.2.3-2,0.8352,OVERLAP
5.1-1,5.1.3-4,0.8352,OVERLAP
5.4-3,5.2.4-1.1,0.8351,OVERLAP
5.3-15A,5.1.3-2,0.8351,OVERLAP
5.5-8,5.2.5-1,0.8351,OVERLAP
5.6-9,5.2.1-1,0.8351,OVERLAP
5.3-11,5.2.2-6,0.835,OVERLAP
5.12-1,5.4.2-1,0.835,OVERLAP
5.3-4B,5.2.1-4.2,0.835,OVERLAP
5.6-6,5.1.1-2.2,0.835,OVERLAP
5.3-11,5.2.4-1.2,0.835,OVERLAP
5.11-2,5.1.2-1,0.8349,OVERLAP
5.5-1,5.2.5-2.1,0.8349,OVERLAP
5.9-2,5.2.4-2.1,0.8349,OVERLAP
5.2-2,5.2.2-6,0.8349,OVERLAP
5.3-1,5.2.3-1,0.8349,OVERLAP
5.11-2,5.1.2-2,0.8349,OVERLAP
5.9-1,5.4.2-2,0.8349,OVERLAP
5.11-3,5.4.1-3,0.8349,OVERLAP
5.2-2,5.2.5-2.1,0.8349,OVERLAP
5.8-3,5.2.4-2.1,0.8349,OVERLAP
5.3-15A,5.4.2-4,0.8348,OVERLAP
5.6-3,5.2.1-1,0.8348,OVERLAP
5.3-11,5.1.4-5,0.8348,OVERLAP
5.6-2,5.1.3-1.3,0.8348,OVERLAP
5.3-8,5.2.1-3,0.8348,OVERLAP
5.3-5,5.2.3-1,0.8348,OVERLAP
5.9-1,5.2.1-1,0.8348,OVERLAP
5.3-6A,5.1.3-3,0.8348,OVERLAP
5.2-2,5.2.5-4.1,0.8347,OVERLAP
5.5-6,5.2.3-4,0.8347,OVERLAP
5.6-6,5.1.3-1.2,0.8347,OVERLAP
5.6-8,5.1.3-1,0.8347,OVERLAP
5.3-15B,5.1.4-3,0.8346,OVERLAP
5.6-1,5.2.1-1,0.8346,OVERLAP
5.11-4,5.1.3-1,0.8346,OVERLAP
5.6-3,5.1.2-5,0.8346,OVERLAP
5.1-5,5.2.4-1,0.8346,OVERLAP
5.5-7,5.2.3-2.1,0.8345,OVERLAP
5.5-1,5.2.4-1,0.8345,OVERLAP
5.4-3,5.2.4-1,0.8345,OVERLAP
5.6-7,5.2.4-1.1,0.8345,OVERLAP
5.9-3,5.2.1-1,0.8345,OVERLAP
5.9-1,5.2.2-6,0.8345,OVERLAP
5.3-15B,5.4.2-3,0.8345,OVERLAP
5.6-1,5.2.2-6,0.8345,OVERLAP
5.4-1,5.2.3-1,0.8344,OVERLAP
5.2-3,5.3.1-2.1,0.8344,OVERLAP
5.1-3,5.5.1-2,0.8344,OVERLAP
5.6-2,5.3.1-2.1,0.8344,OVERLAP
5.1-2A,5.1.4-5,0.8344,OVERLAP
5.6-4B,5.4.1-3,0.8343,OVERLAP
5.5-1,5.2.4-2.1,0.8343,OVERLAP
5.3-2,5.1.3-1.3,0.8342,OVERLAP
5.3-9,5.1.2-5,0.8342,OVERLAP
5.4-2,5.1.4-4,0.8342,OVERLAP
5.3-9,5.1.4-3,0.8342,OVERLAP
5.3-13,5.4.2-4,0.8342,OVERLAP
5.8-2,5.2.1-3,0.8342,OVERLAP
5.13-1A,5.4.2-4,0.8342,OVERLAP
5.13-1B,5.2.4-1.2,0.8342,OVERLAP
5.6-2,5.1.4-2,0.8342,OVERLAP
5.6-6,5.1.4-3,0.8342,OVERLAP
5.3-15A,5.1.2-4,0.8341,OVERLAP
5.8-1,5.3.1-2.2,0.8341,OVERLAP
5.13-1B,5.2.3-2,0.834,OVERLAP
5.6-4A,5.1.1-2.1,0.834,OVERLAP
5.3-14,5.2.1-4.2,0.834,OVERLAP
5.3-6A,5.1.3-1.3,0.834,OVERLAP
5.1-5,5.2.4-1.2,0.834,OVERLAP
5.3-6A,5.1.2-2,0.834,OVERLAP
5.5-5,5.2.5-2.1,0.834,OVERLAP
5.7-2,5.1.3-1,0.8339,OVERLAP
5.3-7,5.2.2-1,0.8339,OVERLAP
5.11-1,5.3.1-2.1,0.8339,OVERLAP
5.1-5,5.1.3-1.2,0.8339,OVERLAP
5.8-3,5.2.2-5,0.8339,OVERLAP
5.4-1,5.2.1-4,0.8339,OVERLAP
5.9-2,5.1.3-1.3,0.8339,OVERLAP
5.6-6,5.5.1-1,0.8338,OVERLAP
5.1-4,5.2.4-2,0.8338,OVERLAP
5.5-2,5.2.2-4,0.8337,OVERLAP
5.5-8,5.2.1-3,0.8337,OVERLAP
5.7-1,5.4.2-3,0.8337,OVERLAP
5.12-2,5.2.1-4.2,0.8337,OVERLAP
5.5-8,5.2.2-5,0.8336,OVERLAP
5.6-1,5.4.2-2,0.8336,OVERLAP
5.3-5,5.2.4-2.1,0.8336,OVERLAP
5.3-15A,5.3.1-1,0.8336,OVERLAP
5.9-3,5.1.4-2,0.8335,OVERLAP
5.3-2,5.2.5-4.1,0.8335,OVERLAP
5.3-2,5.1.2-3,0.8335,OVERLAP
5.3-14,5.1.3-1,0.8335,OVERLAP
5.4-2,5.1.4-1,0.8335,OVERLAP
5.13-1B,5.1.2-5,0.8335,OVERLAP
5.11-3,5.2.5-2,0.8335,OVERLAP
5.9-1,5.5.1-2,0.8335,OVERLAP
5.3-8,5.1.2-2,0.8335,OVERLAP
5.6-6,5.2.4-1.1,0.8335,OVERLAP
5.8-1,5.4.2-3,0.8334,OVERLAP
5.1-5,5.4.1-3,0.8334,OVERLAP
5.4-2,5.1.3-1.3,0.8334,OVERLAP
5.6-3,5.3.1-2.2,0.8334,OVERLAP
5.7-1,5.2.3-4,0.8334,OVERLAP
5.11-3,5.2.5-2.1,0.8334,OVERLAP
5.6-8,5.1.2-1.1,0.8334,OVERLAP
5.10-1,5.3.1-2.1,0.8333,OVERLAP
5.1-2,5.1.4-5,0.8333,OVERLAP
5.5-8,5.1.4-1,0.8333,OVERLAP
5.9-3,5.2.1-4.2,0.8333,OVERLAP
5.1-2A,5.1.3-4,0.8333,OVERLAP
5.5-5,5.2.1-4,0.8333,OVERLAP
5.9-2,5.1.4-2,0.8333,OVERLAP
5.6-6,5.2.2-6,0.8333,OVERLAP
5.5-6,5.2.1-4.1,0.8333,OVERLAP
5.6-5,5.2.5-2.1,0.8333,OVERLAP
5.4-2,5.2.4-2.1,0.8333,OVERLAP
5.6-7,5.2.5-4,0.8332,OVERLAP
5.1-2,5.1.1-2.1,0.8332,OVERLAP
5.2-1,5.2.2-1,0.8332,OVERLAP
5.3-1,5.5.1-2,0.8332,OVERLAP
5.5-8,5.2.1-4.2,0.8332,OVERLAP
5.2-1,5.2.2-5,0.8332,OVERLAP
5.3-12,5.2.1-4,0.8332,OVERLAP
5.5-8,5.4.2-1,0.8332,OVERLAP
5.10-1,5.1.2-5.1,0.8332,OVERLAP
5.1-1,5.1.2-4,0.8332,OVERLAP
5.1-4,5.2.4-1.2,0.8332,OVERLAP
5.3-7,5.2.2-2,0.8332,OVERLAP
5.7-2,5.3.1-2.2,0.8332,OVERLAP
5.2-3,5.1.2-5,0.8332,OVERLAP
5.6-5,5.2.1-4,0.8332,OVERLAP
5.3-4B,5.1.1-1,0.8331,OVERLAP
5.11-3,5.1.2-7,0.8331,OVERLAP
5.1-2,5.2.5-4.1,0.8331,OVERLAP
5.9-3,5.1.4-4,0.8331,OVERLAP
5.5-8,5.2.1-4,0.8331,OVERLAP
5.9-2,5.4.1-3,0.833,OVERLAP
5.0-1,5.2.1-4.2,0.833,OVERLAP
5.6-3,5.2.1-3,0.833,OVERLAP
5.11-4,5.2.5-2.1,0.833,OVERLAP
5.4-1,5.2.2-3,0.8329,OVERLAP
5.2-2,5.1.4-4,0.8329,OVERLAP
5.5-4,5.3.1-1,0.8329,OVERLAP
5.4-1,5.1.3-1.1,0.8329,OVERLAP
5.11-3,5.1.2-1,0.8329,OVERLAP
5.6-1,5.1.2-5.1,0.8328,OVERLAP
5.12-1,5.1.1-2.1,0.8328,OVERLAP
5.5-8,5.1.2-5.1,0.8327,OVERLAP
5.6-7,5.2.4-1,0.8327,OVERLAP
5.2-3,5.2.1-4,0.8327,OVERLAP
5.10-1,5.2.4-1.2,0.8327,OVERLAP
5.1-3,5.1.3-1,0.8327,OVERLAP
5.3-6A,5.2.1-4,0.8327,OVERLAP
5.6-4A,5.2.1-4.2,0.8326,OVERLAP
5.3-16,5.2.3-2.1,0.8326,OVERLAP
5.3-8,5.1.4-4,0.8326,OVERLAP
5.11-2,5.2.1-1,0.8326,OVERLAP
5.3-13,5.1.1-2.2,0.8326,OVERLAP
5.11-2,5.1.1-2.1,0.8326,OVERLAP
5.8-2,5.2.2-5,0.8325,OVERLAP
5.6-7,5.3.1-2,0.8325,OVERLAP
5.6-8,5.1.2-2,0.8325,OVERLAP
5.2-1,5.4.2-2,0.8325,OVERLAP
5.6-6,5.2.1-4.2,0.8325,OVERLAP
5.3-11,5.2.5-2,0.8325,OVERLAP
5.1-1,5.2.2-1,0.8325,OVERLAP
5.3-10,5.1.1-1,0.8324,OVERLAP
5.3-10,5.2.2-5,0.8324,OVERLAP
5.1-4,5.4.1-3,0.8324,OVERLAP
5.3-9,5.2.3-2.1,0.8324,OVERLAP
5.3-12,5.2.3-2.1,0.8324,OVERLAP
5.2-3,5.1.3-1.3,0.8324,OVERLAP
5.2-1,5.2.3-2.1,0.8324,OVERLAP
5.8-2,5.1.1-1.1,0.8324,OVERLAP
5.11-1,5.2.5-4.1,0.8324,OVERLAP
5.9-3,5.2.3-1,0.8323,OVERLAP
5.3-12,5.1.4-1,0.8323,OVERLAP
5.9-2,5.2.4-1.1,0.8323,OVERLAP
5.9-2,5.1.3-3,0.8323,OVERLAP
5.1-4,5.1.2-1,0.8323,OVERLAP
5.5-8,5.1.1-1,0.8323,OVERLAP
5.3-13,5.2.1-4.2,0.8322,OVERLAP
5.6-7,5.2.3-2.1,0.8322,OVERLAP
5.6-8,5.4.2-4,0.8322,OVERLAP
5.9-3,5.2.4-2.1,0.8322,OVERLAP
5.6-8,5.2.5-4.1,0.8322,OVERLAP
5.6-6,5.2.1-4.1,0.8322,OVERLAP
5.6-4B,5.2.3-2.2,0.8322,OVERLAP
5.3-15A,5.2.1-1,0.8321,OVERLAP
5.2-1,5.4.2-1,0.8321,OVERLAP
5.3-15B,5.2.2-3,0.8321,OVERLAP
5.8-1,5.1.1-1,0.8321,OVERLAP
5.7-1,5.2.1-4.2,0.8321,OVERLAP
5.3-5,5.2.1-4.2,0.8321,OVERLAP
5.5-7,5.5.1-2,0.8321,OVERLAP
5.3-1,5.4.2-2,0.8321,OVERLAP
5.13-1A,5.2.4-1.2,0.8321,OVERLAP
5.4-3,5.2.2-1,0.8321,OVERLAP
5.7-1,5.2.3-2.1,0.8321,OVERLAP
5.1-1,5.2.4-1.2,0.8321,OVERLAP
5.9-1,5.2.3-2,0.8321,OVERLAP
5.6-7,5.2.5-1,0.832,OVERLAP
5.3-7,5.2.1-4,0.832,OVERLAP
5.3-9,5.1.1-2.2,0.832,OVERLAP
5.3-10,5.2.5-4.1,0.832,OVERLAP
5.4-2,5.2.4-1,0.8319,OVERLAP
5.1-5,5.1.4-1,0.8319,OVERLAP
5.3-16,5.1.4-2,0.8319,OVERLAP
5.13-1B,5.2.2-5,0.8319,OVERLAP
5.1-1,5.2.3-2.1,0.8319,OVERLAP
5.9-2,5.1.1-2.2,0.8319,OVERLAP
5.4-3,5.4.2-3,0.8319,OVERLAP
5.11-4,5.4.1-3,0.8318,OVERLAP
5.3-7,5.2.1-4.2,0.8318,OVERLAP
5.6-9,5.1.2-2,0.8318,OVERLAP
5.3-8,5.4.2-1,0.8318,OVERLAP
5.6-8,5.1.1-2,0.8318,OVERLAP
5.5-6,5.2.3-2,0.8318,OVERLAP
5.6-4B,5.2.3-2,0.8318,OVERLAP
5.3-10,5.2.4-1.1,0.8317,OVERLAP
5.3-10,5.2.1-4.2,0.8317,OVERLAP
5.3-3,5.4.1-1,0.8316,OVERLAP
5.3-11,5.2.1-3,0.8316,OVERLAP
5.3-6B,5.2.1-1,0.8316,OVERLAP
5.12-3,5.1.1-1,0.8316,OVERLAP
5.7-1,5.3.1-2.1,0.8316,OVERLAP
5.9-1,5.2.3-4,0.8316,OVERLAP
5.13-1A,5.1.2-5,0.8316,OVERLAP
5.3-15A,5.2.1-3.1,0.8316,OVERLAP
5.3-15A,5.2.4-1.2,0.8316,OVERLAP
5.6-6,5.2.4-1.2,0.8315,OVERLAP
5.3-15A,5.1.2-7,0.8315,OVERLAP
5.11-4,5.1.2-2,0.8315,OVERLAP
5.3-10,5.1.2-5,0.8315,OVERLAP
5.1-1,5.1.2-1,0.8315,OVERLAP
5.11-1,5.4.2-3,0.8315,OVERLAP
5.3-7,5.1.2-7,0.8315,OVERLAP
5.3-15B,5.2.4-1.2,0.8315,OVERLAP
5.6-7,5.2.5-2.1,0.8315,OVERLAP
5.3-3,5.4.1-1.1,0.8314,OVERLAP
5.3-15A,5.2.1-4.1,0.8314,OVERLAP
5.3-16,5.3.1-3,0.8314,OVERLAP
5.4-1,5.2.1-1,0.8314,OVERLAP
5.6-9,5.4.2-1,0.8314,OVERLAP
5.11-2,5.2.5-1,0.8314,OVERLAP
5.3-2,5.1.3-3,0.8314,OVERLAP
5.6-8,5.1.4-1,0.8314,OVERLAP
5.12-2,5.1.2-2,0.8314,OVERLAP
5.6-1,5.2.3-2.2,0.8314,OVERLAP
5.2-3,5.2.2-5,0.8314,OVERLAP
5.1-5,5.4.2-2,0.8314,OVERLAP
5.6-7,5.1.3-4,0.8314,OVERLAP
5.1-3,5.2.2-5,0.8313,OVERLAP
5.1-4,5.2.2-5,0.8313,OVERLAP
5.4-2,5.1.1-1,0.8313,OVERLAP
5.13-1A,5.2.3-2,0.8312,OVERLAP
5.4-3,5.1.2-1,0.8312,OVERLAP
5.6-6,5.3.1-1,0.8312,OVERLAP
5.3-2,5.2.4-2,0.8312,OVERLAP
5.10-1,5.4.1-1.1,0.8311,OVERLAP
5.11-3,5.1.1-2.1,0.8311,OVERLAP
5.13-1A,5.1.4-5,0.8311,OVERLAP
5.12-3,5.2.3-2.2,0.8311,OVERLAP
5.9-1,5.2.4-2,0.8311,OVERLAP
5.3-14,5.1.2-2,0.8311,OVERLAP
5.6-8,5.1.4-4,0.8311,OVERLAP
5.3-1,5.1.1-2,0.8311,OVERLAP
5.11-2,5.1.3-1,0.831,OVERLAP
5.7-1,5.1.1-2.1,0.831,OVERLAP
5.2-3,5.1.1-2.1,0.831,OVERLAP
5.11-4,5.1.4-1,0.831,OVERLAP
5.4-2,5.2.5-2,0.8309,OVERLAP
5.9-2,5.1.3-2,0.8309,OVERLAP
5.11-2,5.2.1-3,0.8309,OVERLAP
5.3-1,5.3.1-3,0.8308,OVERLAP
5.3-13,5.2.3-2.1,0.8308,OVERLAP
5.6-8,5.4.2-3,0.8307,OVERLAP
5.6-7,5.4.2-2,0.8307,OVERLAP
5.6-4B,5.5.1-2,0.8307,OVERLAP
5.3-12,5.4.1-1,0.8307,OVERLAP
5.1-1,5.1.1-2,0.8307,OVERLAP
5.2-3,5.1.4-2,0.8307,OVERLAP
5.3-16,5.1.3-2,0.8307,OVERLAP
5.5-6,5.1.1-2.2,0.8307,OVERLAP
5.12-3,5.1.2-2,0.8306,OVERLAP
5.6-5,5.4.1-1.1,0.8306,OVERLAP
5.5-6,5.2.5-2,0.8306,OVERLAP
5.13-1B,5.1.4-5,0.8306,OVERLAP
5.3-9,5.3.1-2.2,0.8306,OVERLAP
5.11-1,5.1.3-3,0.8306,OVERLAP
5.12-1,5.1.3-3,0.8306,OVERLAP
5.5-7,5.2.5-3,0.8306,OVERLAP
5.11-1,5.4.2-2,0.8306,OVERLAP
5.4-1,5.2.1-2,0.8306,OVERLAP
5.5-1,5.2.3-4,0.8306,OVERLAP
5.9-3,5.2.5-2,0.8306,OVERLAP
5.6-7,5.2.2-5,0.8305,OVERLAP
5.6-4B,5.2.2-3,0.8305,OVERLAP
5.1-4,5.2.1-4,0.8305,OVERLAP
5.5-6,5.1.2-3,0.8305,OVERLAP
5.8-2,5.2.5-4.1,0.8305,OVERLAP
5.6-7,5.3.1-2.2,0.8305,OVERLAP
5.2-3,5.2.4-1.2,0.8305,OVERLAP
5.6-2,5.4.1-1,0.8304,OVERLAP
5.1-1,5.2.4-1,0.8304,OVERLAP
5.9-3,5.1.2-2,0.8304,OVERLAP
5.6-4A,5.4.2-3,0.8304,OVERLAP
5.1-2,5.1.4-1,0.8304,OVERLAP
5.3-4B,5.2.2-5,0.8303,OVERLAP
5.9-3,5.2.2-1,0.8303,OVERLAP
5.6-8,5.4.1-2,0.8303,OVERLAP
5.9-2,5.2.5-4.1,0.8303,OVERLAP
5.4-3,5.2.5-3,0.8303,OVERLAP
5.6-1,5.1.3-3,0.8303,OVERLAP
5.13-1A,5.2.2-5,0.8303,OVERLAP
5.5-8,5.1.2-1,0.8303,OVERLAP
5.3-4A,5.5.1-2,0.8302,OVERLAP
5.9-1,5.2.4-3,0.8302,OVERLAP
5.4-1,5.2.2-6,0.8302,OVERLAP
5.3-9,5.1.1-2,0.8302,OVERLAP
5.3-15B,5.1.3-2,0.8302,OVERLAP
5.4-2,5.1.1-2.2,0.8302,OVERLAP
5.5-8,5.1.2-2,0.8301,OVERLAP
5.1-3,5.1.1-1,0.8301,OVERLAP
5.6-7,5.1.4-3,0.8301,OVERLAP
5.3-11,5.1.4-1,0.8301,OVERLAP
5.4-3,5.1.1-2,0.8301,OVERLAP
5.3-2,5.2.4-1.2,0.8301,OVERLAP
5.9-2,5.1.1-2,0.83,OVERLAP
5.3-7,5.1.1-2.2,0.83,OVERLAP
5.3-16,5.1.2-5,0.83,OVERLAP
5.6-4A,5.2.2-1,0.83,OVERLAP
5.6-6,5.3.1-3,0.8299,OVERLAP
5.5-4,5.1.3-4,0.8299,OVERLAP
5.4-2,5.2.1-4.2,0.8299,OVERLAP
5.2-3,5.1.4-4,0.8299,OVERLAP
5.13-1A,5.1.2-1,0.8299,OVERLAP
5.11-3,5.2.3-2.1,0.8299,OVERLAP
5.8-2,5.4.2-3,0.8299,OVERLAP
5.7-2,5.1.4-5,0.8299,OVERLAP
5.11-4,5.2.2-5,0.8299,OVERLAP
5.7-1,5.2.1-4,0.8298,OVERLAP
5.11-4,5.1.1-1.1,0.8298,OVERLAP
5.13-1B,5.1.2-1,0.8298,OVERLAP
5.1-2A,5.2.4-2.1,0.8298,OVERLAP
5.3-7,5.2.1-4.1,0.8297,OVERLAP
5.3-2,5.2.1-4.2,0.8297,OVERLAP
5.5-5,5.4.1-1,0.8297,OVERLAP
5.11-2,5.2.3-2.2,0.8296,OVERLAP
5.3-15A,5.2.5-4.1,0.8296,OVERLAP
5.9-3,5.1.3-3,0.8296,OVERLAP
5.10-1,5.1.3-1.3,0.8296,OVERLAP
5.4-2,5.2.1-1,0.8296,OVERLAP
5.3-10,5.2.3-1,0.8296,OVERLAP
5.3-12,5.2.4-1.2,0.8296,OVERLAP
5.12-1,5.2.4-2,0.8295,OVERLAP
5.2-1,5.4.2-4,0.8295,OVERLAP
5.3-16,5.1.3-1.3,0.8295,OVERLAP
5.6-4B,5.3.1-2,0.8295,OVERLAP
5.5-6,5.3.1-2.2,0.8295,OVERLAP
5.6-6,5.2.3-2.1,0.8294,OVERLAP
5.3-15B,5.2.3-4,0.8293,OVERLAP
5.11-1,5.1.3-1.3,0.8293,OVERLAP
5.3-15B,5.2.3-2.1,0.8293,OVERLAP
5.7-1,5.5.1-2,0.8292,OVERLAP
5.5-7,5.3.1-2.1,0.8292,OVERLAP
5.3-7,5.5.1-2,0.8292,OVERLAP
5.3-1,5.1.2-5.1,0.8292,OVERLAP
5.4-1,5.1.3-1.2,0.8292,OVERLAP
5.13-1B,5.4.1-2,0.8292,OVERLAP
5.1-4,5.2.4-1,0.8292,OVERLAP
5.3-15A,5.1.3-1.1,0.8292,OVERLAP
5.11-3,5.2.1-1,0.8292,OVERLAP
5.5-8,5.4.1-1,0.8291,OVERLAP
5.6-7,5.1.2-7,0.8291,OVERLAP
5.6-4B,5.2.5-2.1,0.8291,OVERLAP
5.1-2A,5.4.1-1.1,0.8291,OVERLAP
5.3-10,5.2.5-2.1,0.8291,OVERLAP
5.7-1,5.4.1-3,0.8291,OVERLAP
5.8-1,5.1.1-2.1,0.8291,OVERLAP
5.7-1,5.4.1-1.1,0.8291,OVERLAP
5.6-4B,5.2.2-6,0.829,OVERLAP
5.5-4,5.2.5-3,0.829,OVERLAP
5.8-1,5.1.3-1,0.829,OVERLAP
5.1-4,5.1.4-5,0.829,OVERLAP
5.3-7,5.2.5-2.1,0.829,OVERLAP
5.5-6,5.2.4-1.1,0.8289,OVERLAP
5.3-4A,5.1.4-5,0.8289,OVERLAP
5.5-4,5.2.4-1.2,0.8289,OVERLAP
5.3-5,5.2.2-4,0.8289,OVERLAP
5.1-4,5.2.2-1,0.8289,OVERLAP
5.5-2,5.2.4-2.1,0.8289,OVERLAP
5.9-2,5.2.5-2.1,0.8288,OVERLAP
5.3-2,5.1.2-1,0.8288,OVERLAP
5.1-1,5.4.2-4,0.8288,OVERLAP
5.1-3,5.3.1-2.2,0.8288,OVERLAP
5.5-4,5.3.1-3,0.8287,OVERLAP
5.11-3,5.1.4-1,0.8287,OVERLAP
5.1-1,5.2.1-4.2,0.8287,OVERLAP
5.3-8,5.2.1-4.2,0.8287,OVERLAP
5.3-9,5.4.1-1.1,0.8287,OVERLAP
5.10-1,5.2.3-1,0.8287,OVERLAP
5.4-2,5.2.4-1.1,0.8287,OVERLAP
5.6-3,5.2.3-2.2,0.8287,OVERLAP
5.2-2,5.2.1-1,0.8286,OVERLAP
5.3-9,5.4.1-1,0.8286,OVERLAP
5.3-15B,5.2.1-3.1,0.8285,OVERLAP
5.11-3,5.1.4-3,0.8285,OVERLAP
5.3-14,5.1.3-3,0.8285,OVERLAP
5.11-1,5.2.2-1,0.8284,OVERLAP
5.9-3,5.2.5-1,0.8284,OVERLAP
5.6-8,5.3.1-2.1,0.8284,OVERLAP
5.2-2,5.2.2-5,0.8284,OVERLAP
5.3-3,5.1.1-2.1,0.8284,OVERLAP
5.3-13,5.2.1-1,0.8284,OVERLAP
5.6-1,5.4.1-1.1,0.8284,OVERLAP
5.3-7,5.2.3-2.1,0.8284,OVERLAP
5.1-5,5.3.1-2.2,0.8283,OVERLAP
5.13-1A,5.1.3-3,0.8283,OVERLAP
5.3-15B,5.2.3-1,0.8283,OVERLAP
5.3-10,5.4.2-3,0.8282,OVERLAP
5.2-1,5.2.1-1,0.8282,OVERLAP
5.6-7,5.1.3-1.3,0.8282,OVERLAP
5.4-1,5.3.1-2,0.8282,OVERLAP
5.1-1,5.4.2-2,0.8282,OVERLAP
5.8-2,5.1.1-2.1,0.8282,OVERLAP
5.5-1,5.2.1-4.2,0.8281,OVERLAP
5.12-1,5.2.3-2.2,0.8281,OVERLAP
5.3-5,5.4.2-1,0.8281,OVERLAP
5.3-3,5.3.1-2.2,0.8281,OVERLAP
5.6-6,5.1.3-2,0.8281,OVERLAP
5.5-7,5.1.4-4,0.8281,OVERLAP
5.13-1A,5.3.1-2.2,0.8281,OVERLAP
5.5-5,5.3.1-2.2,0.828,OVERLAP
5.13-1A,5.1.4-2,0.828,OVERLAP
5.3-4A,5.1.4-4,0.828,OVERLAP
5.7-2,5.2.1-1,0.828,OVERLAP
5.6-7,5.2.1-3.1,0.828,OVERLAP
5.2-2,5.2.1-3,0.828,OVERLAP
5.5-4,5.2.1-4.1,0.8279,OVERLAP
5.1-5,5.2.1-4.2,0.8279,OVERLAP
5.3-7,5.1.2-6,0.8279,OVERLAP
5.4-1,5.1.4-4,0.8279,OVERLAP
5.13-1B,5.1.3-3,0.8279,OVERLAP
5.4-1,5.1.2-3,0.8278,OVERLAP
5.3-15A,5.4.1-3,0.8278,OVERLAP
5.13-1B,5.1.4-2,0.8278,OVERLAP
5.4-2,5.2.2-6,0.8277,OVERLAP
5.3-3,5.1.3-1,0.8277,OVERLAP
5.12-3,5.2.3-1,0.8277,OVERLAP
5.3-11,5.2.2-1,0.8277,OVERLAP
5.3-1,5.2.2-1,0.8276,OVERLAP
5.3-15A,5.1.2-3,0.8276,OVERLAP
5.4-3,5.2.1-4.2,0.8276,OVERLAP
5.11-1,5.1.2-1,0.8276,OVERLAP
5.6-2,5.2.2-6,0.8276,OVERLAP
5.3-12,5.3.1-2.2,0.8276,OVERLAP
5.3-11,5.2.5-4.1,0.8276,OVERLAP
5.3-5,5.1.1-2.1,0.8276,OVERLAP
5.5-8,5.4.2-4,0.8275,OVERLAP
5.6-9,5.2.2-5,0.8275,OVERLAP
5.5-6,5.4.1-1.1,0.8275,OVERLAP
5.9-1,5.1.3-1.3,0.8275,OVERLAP
5.6-2,5.1.2-2,0.8275,OVERLAP
5.7-1,5.2.1-1,0.8275,OVERLAP
5.5-4,5.2.5-1,0.8274,OVERLAP
5.6-1,5.1.3-1,0.8274,OVERLAP
5.13-1B,5.3.1-2.2,0.8274,OVERLAP
5.3-16,5.1.3-1.2,0.8273,OVERLAP
5.6-5,5.1.2-5.1,0.8273,OVERLAP
5.3-14,5.2.2-5,0.8273,OVERLAP
5.2-1,5.4.2-3,0.8273,OVERLAP
5.13-1A,5.4.1-2,0.8273,OVERLAP
5.8-1,5.2.1-3,0.8273,OVERLAP
5.11-1,5.1.2-5.1,0.8273,OVERLAP
5.6-4B,5.5.1-1,0.8272,OVERLAP
5.3-3,5.4.2-3,0.8272,OVERLAP
5.11-4,5.2.3-1,0.8272,OVERLAP
5.3-16,5.4.1-3,0.8272,OVERLAP
5.8-2,5.2.4-2.1,0.8272,OVERLAP
5.3-16,5.2.3-2.2,0.8272,OVERLAP
5.3-12,5.1.4-2,0.8271,OVERLAP
5.3-2,5.2.5-1,0.8271,OVERLAP
5.3-11,5.2.2-4,0.8271,OVERLAP
5.3-12,5.4.2-2,0.8271,OVERLAP
5.13-1A,5.4.2-1,0.8271,OVERLAP
5.8-3,5.2.3-1,0.827,OVERLAP
5.3-7,5.4.2-3,0.827,OVERLAP
5.3-3,5.4.2-2,0.827,OVERLAP
5.7-2,5.2.5-2.1,0.827,OVERLAP
5.3-10,5.2.4-2.1,0.8269,OVERLAP
5.3-1,5.1.3-3,0.8269,OVERLAP
5.6-3,5.2.2-6,0.8269,OVERLAP
5.6-8,5.5.1-2,0.8269,OVERLAP
5.3-14,5.2.2-4,0.8268,OVERLAP
5.3-12,5.1.1-2.2,0.8268,OVERLAP
5.3-9,5.2.4-1.1,0.8268,OVERLAP
5.3-15B,5.3.1-3,0.8268,OVERLAP
5.3-2,5.2.1-2,0.8268,OVERLAP
5.4-2,5.1.3-3,0.8267,OVERLAP
5.5-1,5.5.1-2,0.8267,OVERLAP
5.3-7,5.2.5-3,0.8267,OVERLAP
5.7-1,5.1.2-2,0.8266,OVERLAP
5.6-4B,5.2.4-1.2,0.8266,OVERLAP
5.4-1,5.2.1-4.1,0.8266,OVERLAP
5.1-2A,5.2.5-3,0.8266,OVERLAP
5.3-13,5.1.4-5,0.8266,OVERLAP
5.1-5,5.4.2-4,0.8266,OVERLAP
5.3-5,5.1.3-1,0.8266,OVERLAP
5.9-1,5.2.2-5,0.8266,OVERLAP
5.11-1,5.2.4-2.1,0.8265,OVERLAP
5.3-1,5.1.3-1,0.8265,OVERLAP
5.9-3,5.4.1-1.1,0.8265,OVERLAP
5.3-13,5.1.3-3,0.8265,OVERLAP
5.4-2,5.3.1-2.1,0.8265,OVERLAP
5.1-5,5.2.1-3,0.8265,OVERLAP
5.7-1,5.2.2-6,0.8265,OVERLAP
5.6-5,5.2.4-2,0.8264,OVERLAP
5.3-1,5.1.1-2.1,0.8264,OVERLAP
5.0-1,5.1.4-5,0.8264,OVERLAP
5.1-2,5.2.2-5,0.8263,OVERLAP
5.2-3,5.2.5-3,0.8263,OVERLAP
5.3-6B,5.4.2-1,0.8263,OVERLAP
5.11-1,5.1.1-1,0.8263,OVERLAP
5.4-3,5.1.4-1,0.8263,OVERLAP
5.13-1B,5.4.2-1,0.8263,OVERLAP
5.6-9,5.2.3-3,0.8263,OVERLAP
5.6-4B,5.2.3-4,0.8263,OVERLAP
5.9-3,5.4.1-3,0.8263,OVERLAP
5.3-4A,5.1.4-2,0.8263,OVERLAP
5.3-4B,5.2.1-3,0.8263,OVERLAP
5.5-4,5.2.2-6,0.8263,OVERLAP
5.6-6,5.2.1-3.1,0.8262,OVERLAP
5.3-4A,5.2.3-1,0.8262,OVERLAP
5.11-1,5.1.1-2.2,0.8262,OVERLAP
5.3-5,5.1.3-1.3,0.8262,OVERLAP
5.9-3,5.2.5-4,0.8262,OVERLAP
5.5-7,5.2.1-4.2,0.8262,OVERLAP
5.3-7,5.2.5-4,0.8262,OVERLAP
5.7-1,5.2.2-1,0.8262,OVERLAP
5.1-2A,5.3.1-3,0.8262,OVERLAP
5.2-3,5.2.5-2.1,0.8262,OVERLAP
5.3-9,5.1.2-1,0.8262,OVERLAP
5.6-5,5.4.2-2,0.8261,OVERLAP
5.3-1,5.2.4-2,0.8261,OVERLAP
5.9-1,5.3.1-2.2,0.8261,OVERLAP
5.4-1,5.2.1-4.2,0.8261,OVERLAP
5.1-4,5.4.2-3,0.8261,OVERLAP
5.13-1B,5.4.2-3,0.8261,OVERLAP
5.5-4,5.1.4-5,0.8261,OVERLAP
5.3-6A,5.2.1-3,0.826,OVERLAP
5.5-8,5.2.4-2.1,0.826,OVERLAP
5.2-2,5.1.2-2,0.826,OVERLAP
5.5-8,5.3.1-2.2,0.826,OVERLAP
5.4-3,5.4.1-1.1,0.8259,OVERLAP
5.3-9,5.2.2-6,0.8259,OVERLAP
5.4-4,5.1.1-1.1,0.8259,OVERLAP
5.10-1,5.2.3-4,0.8259,OVERLAP
5.3-15A,5.4.1-1.1,0.8259,OVERLAP
5.8-2,5.1.4-2,0.8258,OVERLAP
5.12-2,5.2.1-3,0.8258,OVERLAP
5.9-1,5.1.3-1,0.8258,OVERLAP
5.3-1,5.1.4-3,0.8257,OVERLAP
5.6-3,5.1.3-1.3,0.8257,OVERLAP
5.10-1,5.1.2-1,0.8257,OVERLAP
5.11-3,5.2.3-3,0.8257,OVERLAP
5.4-3,5.2.1-1,0.8257,OVERLAP
5.5-5,5.1.2-2,0.8257,OVERLAP
5.3-9,5.1.2-5.1,0.8256,OVERLAP
5.11-3,5.1.3-1,0.8256,OVERLAP
5.3-15A,5.2.4-2,0.8256,OVERLAP
5.9-3,5.2.3-2.2,0.8256,OVERLAP
5.3-7,5.1.2-3,0.8256,OVERLAP
5.3-11,5.1.2-2,0.8256,OVERLAP
5.3-7,5.2.3-4,0.8256,OVERLAP
5.11-1,5.2.4-1.1,0.8256,OVERLAP
5.9-1,5.1.2-7,0.8255,OVERLAP
5.1-3,5.2.5-4.1,0.8255,OVERLAP
5.8-1,5.2.2-5,0.8255,OVERLAP
5.1-1,5.2.5-4.1,0.8255,OVERLAP
5.3-2,5.4.1-3,0.8254,OVERLAP
5.6-8,5.1.4-5,0.8254,OVERLAP
5.3-11,5.2.1-3.1,0.8253,OVERLAP
5.1-2,5.3.1-2.2,0.8253,OVERLAP
5.1-2A,5.1.1-2.2,0.8253,OVERLAP
5.1-5,5.2.2-1,0.8253,OVERLAP
5.3-10,5.1.2-1,0.8253,OVERLAP
5.13-1A,5.4.2-3,0.8253,OVERLAP
5.11-3,5.4.2-2,0.8252,OVERLAP
5.3-15A,5.1.1-2.2,0.8252,OVERLAP
5.9-1,5.2.4-1.1,0.8252,OVERLAP
5.3-7,5.2.1-1,0.8251,OVERLAP
5.4-2,5.2.4-1.2,0.8251,OVERLAP
5.5-6,5.1.3-3,0.8251,OVERLAP
5.5-8,5.1.3-1,0.8251,OVERLAP
5.1-2A,5.4.1-2,0.825,OVERLAP
5.5-6,5.2.1-4.2,0.825,OVERLAP
5.6-2,5.4.2-2,0.825,OVERLAP
5.5-7,5.1.3-1,0.825,OVERLAP
5.3-2,5.2.3-2.2,0.825,OVERLAP
5.5-6,5.1.3-4,0.825,OVERLAP
5.9-2,5.2.1-1,0.825,OVERLAP
5.11-2,5.2.2-5,0.825,OVERLAP
5.3-6A,5.2.2-5,0.8249,OVERLAP
5.11-4,5.1.3-1.2,0.8249,OVERLAP
5.6-4B,5.2.5-4.1,0.8249,OVERLAP
5.5-1,5.1.4-5,0.8249,OVERLAP
5.3-11,5.4.1-3,0.8248,OVERLAP
5.6-5,5.2.1-1,0.8248,OVERLAP
5.6-6,5.2.1-2,0.8248,OVERLAP
5.6-7,5.2.1-3,0.8247,OVERLAP
5.3-15B,5.2.1-4.1,0.8247,OVERLAP
5.3-15A,5.1.3-3,0.8247,OVERLAP
5.6-9,5.2.3-2.2,0.8246,OVERLAP
5.1-4,5.2.3-2.2,0.8246,OVERLAP
5.11-1,5.2.2-5,0.8246,OVERLAP
5.6-8,5.2.4-1.2,0.8246,OVERLAP
5.11-1,5.4.1-3,0.8246,OVERLAP
5.3-7,5.1.2-2,0.8246,OVERLAP
5.3-12,5.1.3-1.3,0.8245,OVERLAP
5.11-1,5.1.1-2.1,0.8245,OVERLAP
5.6-7,5.2.3-2.2,0.8244,OVERLAP
5.9-1,5.1.2-5.1,0.8244,OVERLAP
5.5-8,5.1.1-2.1,0.8244,OVERLAP
5.3-11,5.1.3-1.2,0.8244,OVERLAP
5.6-8,5.1.2-1,0.8244,OVERLAP
5.3-12,5.2.3-4,0.8244,OVERLAP
5.10-1,5.2.1-3,0.8244,OVERLAP
5.12-3,5.2.1-3.1,0.8244,OVERLAP
5.6-4A,5.2.5-2.1,0.8243,OVERLAP
5.3-13,5.4.2-3,0.8243,OVERLAP
5.3-11,5.2.1-1,0.8243,OVERLAP
5.3-9,5.2.1-4,0.8243,OVERLAP
5.6-7,5.2.4-3,0.8243,OVERLAP
5.10-1,5.2.5-2,0.8243,OVERLAP
5.6-2,5.1.2-5.1,0.8242,OVERLAP
5.2-2,5.1.4-1,0.8242,OVERLAP
5.1-2A,5.1.4-4,0.8242,OVERLAP
5.12-1,5.2.1-3.1,0.8242,OVERLAP
5.3-6B,5.2.1-3,0.8241,OVERLAP
5.7-2,5.4.2-1,0.8241,OVERLAP
5.4-3,5.1.1-2.1,0.8241,OVERLAP
5.3-14,5.2.1-3,0.8241,OVERLAP
5.3-10,5.1.4-5,0.8241,OVERLAP
5.3-4A,5.1.3-1.2,0.8241,OVERLAP
5.6-8,5.2.5-2.1,0.8241,OVERLAP
5.13-1A,5.2.1-3,0.8241,OVERLAP
5.6-7,5.4.2-3,0.8241,OVERLAP
5.3-2,5.2.5-2.1,0.824,OVERLAP
5.0-1,5.2.2-4,0.824,OVERLAP
5.1-2,5.1.2-5.1,0.824,OVERLAP
5.3-5,5.2.3-3,0.824,OVERLAP
5.5-6,5.1.2-4,0.824,OVERLAP
5.5-2,5.1.1-1.1,0.824,OVERLAP
5.5-6,5.3.1-2,0.8239,OVERLAP
5.6-4B,5.4.1-2,0.8239,OVERLAP
5.9-1,5.2.3-1,0.8239,OVERLAP
5.2-3,5.2.1-4.2,0.8239,OVERLAP
5.3-10,5.2.3-2.2,0.8239,OVERLAP
5.3-12,5.2.5-2.1,0.8239,OVERLAP
5.6-6,5.4.2-3,0.8238,OVERLAP
5.1-2,5.2.1-1,0.8238,OVERLAP
5.3-8,5.2.2-5,0.8238,OVERLAP
5.2-3,5.2.3-4,0.8238,OVERLAP
5.8-1,5.1.1-1.1,0.8237,OVERLAP
5.5-8,5.4.2-2,0.8237,OVERLAP
5.3-15A,5.3.1-2.1,0.8237,OVERLAP
5.6-4A,5.1.3-3,0.8237,OVERLAP
5.13-1B,5.2.5-2.1,0.8237,OVERLAP
5.3-15A,5.2.1-3,0.8237,OVERLAP
5.6-7,5.2.2-6,0.8237,OVERLAP
5.1-2A,5.2.4-1.1,0.8237,OVERLAP
5.6-4B,5.2.1-4.2,0.8236,OVERLAP
5.6-7,5.1.2-2,0.8236,OVERLAP
5.3-6A,5.2.1-1,0.8236,OVERLAP
5.11-3,5.2.1-3.1,0.8236,OVERLAP
5.6-4A,5.2.3-2.2,0.8236,OVERLAP
5.4-3,5.2.5-2.1,0.8236,OVERLAP
5.3-7,5.1.1-2,0.8235,OVERLAP
5.6-3,5.2.3-3,0.8235,OVERLAP
5.3-2,5.2.1-4,0.8235,OVERLAP
5.3-1,5.2.5-2,0.8235,OVERLAP
5.9-2,5.1.2-5.1,0.8235,OVERLAP
5.1-1,5.1.1-2.2,0.8235,OVERLAP
5.3-4A,5.2.5-3,0.8235,OVERLAP
5.8-3,5.2.5-2.1,0.8234,OVERLAP
5.3-1,5.2.5-3,0.8234,OVERLAP
5.1-3,5.2.1-4.2,0.8234,OVERLAP
5.13-1B,5.2.1-3,0.8234,OVERLAP
5.6-7,5.1.2-4,0.8234,OVERLAP
5.4-3,5.1.3-1,0.8233,OVERLAP
5.3-8,5.2.3-2.2,0.8233,OVERLAP
5.6-7,5.1.2-1.1,0.8233,OVERLAP
5.6-6,5.4.1-2,0.8233,OVERLAP
5.13-1B,5.4.1-1,0.8233,OVERLAP
5.6-7,5.2.1-1,0.8232,OVERLAP
5.5-7,5.4.2-3,0.8232,OVERLAP
5.6-5,5.3.1-2.2,0.8232,OVERLAP
5.3-16,5.1.4-3,0.8232,OVERLAP
5.0-1,5.1.1-1.1,0.8232,OVERLAP
5.3-13,5.4.1-1.1,0.8232,OVERLAP
5.3-12,5.2.1-1,0.8231,OVERLAP
5.3-12,5.2.2-1,0.8231,OVERLAP
5.3-15A,5.3.1-3,0.8231,OVERLAP
5.3-1,5.1.1-1,0.8231,OVERLAP
5.9-3,5.2.5-2.1,0.8231,OVERLAP
5.2-1,5.3.1-2.2,0.8231,OVERLAP
5.2-1,5.2.5-4.1,0.8231,OVERLAP
5.6-8,5.2.5-3,0.823,OVERLAP
5.4-1,5.1.4-3,0.823,OVERLAP
5.3-7,5.1.3-2,0.823,OVERLAP
5.3-11,5.2.1-4,0.823,OVERLAP
5.3-6B,5.2.2-5,0.823,OVERLAP
5.9-3,5.1.3-1,0.823,OVERLAP
5.3-13,5.2.2-5,0.8229,OVERLAP
5.1-2,5.1.1-1,0.8229,OVERLAP
5.3-7,5.3.1-2.1,0.8229,OVERLAP
5.13-1B,5.2.4-2.1,0.8229,OVERLAP
5.3-1,5.4.1-1,0.8229,OVERLAP
5.3-1,5.2.3-2.2,0.8229,OVERLAP
5.8-3,5.1.1-1,0.8229,OVERLAP
5.1-1,5.2.5-2.1,0.8228,OVERLAP
5.6-6,5.2.5-4.1,0.8228,OVERLAP
5.6-8,5.2.3-2.1,0.8228,OVERLAP
5.6-8,5.2.5-2,0.8228,OVERLAP
5.10-1,5.2.2-5,0.8227,OVERLAP
5.3-10,5.1.2-5.1,0.8227,OVERLAP
5.6-6,5.1.3-1.3,0.8227,OVERLAP
5.1-2A,5.2.5-4.1,0.8227,OVERLAP
5.4-4,5.2.2-4,0.8227,OVERLAP
5.5-1,5.2.2-6,0.8226,OVERLAP
5.6-7,5.2.2-4,0.8225,OVERLAP
5.6-3,5.4.1-1.1,0.8225,OVERLAP
5.6-6,5.2.1-3,0.8225,OVERLAP
5.6-5,5.2.3-3,0.8225,OVERLAP
5.13-1B,5.1.1-1,0.8225,OVERLAP
5.3-7,5.4.1-2,0.8225,OVERLAP
5.8-1,5.4.1-3,0.8225,OVERLAP
5.3-4A,5.2.1-4.2,0.8224,OVERLAP
5.6-1,5.1.2-2,0.8224,OVERLAP
5.3-16,5.1.3-4,0.8224,OVERLAP
5.3-2,5.2.2-1,0.8223,OVERLAP
5.3-15B,5.1.3-1.1,0.8223,OVERLAP
5.5-4,5.2.3-2.2,0.8223,OVERLAP
5.9-3,5.1.1-1,0.8222,OVERLAP
5.3-1,5.1.2-7,0.8222,OVERLAP
5.1-1,5.4.2-3,0.8222,OVERLAP
5.11-2,5.1.1-1,0.8222,OVERLAP
5.6-8,5.2.5-1,0.8222,OVERLAP
5.3-7,5.1.2-5.1,0.8221,OVERLAP
5.7-1,5.2.5-2.1,0.8221,OVERLAP
5.5-6,5.1.2-5.1,0.8221,OVERLAP
5.11-3,5.2.2-4,0.8221,OVERLAP
5.9-3,5.4.1-1,0.822,OVERLAP
5.5-5,5.2.1-3,0.822,OVERLAP
5.6-2,5.2.1-3,0.822,OVERLAP
5.4-1,5.2.5-2,0.8219,OVERLAP
5.11-3,5.2.3-1,0.8219,OVERLAP
5.5-7,5.1.4-1,0.8219,OVERLAP
5.3-16,5.2.4-2.1,0.8219,OVERLAP
5.6-6,5.2.3-2,0.8219,OVERLAP
5.5-7,5.2.5-4.1,0.8219,OVERLAP
5.10-1,5.3.1-2.2,0.8218,OVERLAP
5.3-16,5.2.4-1.2,0.8218,OVERLAP
5.3-15B,5.4.1-1.1,0.8217,OVERLAP
5.7-2,5.2.2-5,0.8217,OVERLAP
5.6-7,5.4.2-4,0.8217,OVERLAP
5.5-6,5.1.1-2,0.8217,OVERLAP
5.3-13,5.1.3-1.2,0.8217,OVERLAP
5.3-9,5.1.1-2.1,0.8217,OVERLAP
5.3-7,5.2.2-5,0.8217,OVERLAP
5.1-4,5.4.1-1.1,0.8217,OVERLAP
5.5-8,5.2.4-2,0.8216,OVERLAP
5.3-12,5.1.3-1,0.8216,OVERLAP
5.6-2,5.1.3-1,0.8216,OVERLAP
5.4-1,5.1.3-4,0.8215,OVERLAP
5.5-4,5.1.3-3,0.8215,OVERLAP
5.6-4B,5.2.4-1,0.8215,OVERLAP
5.12-3,5.2.1-3,0.8215,OVERLAP
5.8-3,5.4.1-1,0.8214,OVERLAP
5.3-4A,5.1.3-4,0.8214,OVERLAP
5.3-13,5.4.2-2,0.8214,OVERLAP
5.3-15B,5.1.2-3,0.8213,OVERLAP
5.5-7,5.2.3-4,0.8213,OVERLAP
5.1-1,5.1.3-1.3,0.8212,OVERLAP
5.6-4B,5.3.1-1,0.8212,OVERLAP
5.3-16,5.5.1-2,0.8212,OVERLAP
5.11-1,5.2.5-2.1,0.8212,OVERLAP
5.9-1,5.2.1-4,0.8212,OVERLAP
5.13-1A,5.4.1-1,0.8212,OVERLAP
5.5-1,5.2.5-4.1,0.8212,OVERLAP
5.5-1,5.2.1-1,0.8211,OVERLAP
5.5-1,5.2.4-1.2,0.8211,OVERLAP
5.1-2A,5.4.1-3,0.8211,OVERLAP
5.6-5,5.2.1-4.2,0.8211,OVERLAP
5.7-1,5.1.4-5,0.8211,OVERLAP
5.2-3,5.1.2-1.1,0.821,OVERLAP
5.3-2,5.4.2-4,0.821,OVERLAP
5.5-4,5.5.1-2,0.821,OVERLAP
5.11-4,5.4.2-1,0.821,OVERLAP
5.5-4,5.2.4-2.1,0.821,OVERLAP
5.6-4B,5.2.5-1,0.8209,OVERLAP
5.2-2,5.2.2-4,0.8209,OVERLAP
5.1-3,5.1.2-5.1,0.8209,OVERLAP
5.6-8,5.1.2-7,0.8209,OVERLAP
5.1-1,5.4.1-1.1,0.8209,OVERLAP
5.6-7,5.2.5-4.1,0.8209,OVERLAP
5.6-5,5.2.3-2.2,0.8208,OVERLAP
5.3-12,5.2.1-3,0.8207,OVERLAP
5.3-6A,5.2.3-2.2,0.8207,OVERLAP
5.9-1,5.2.4-1.2,0.8207,OVERLAP
5.1-4,5.2.5-4.1,0.8207,OVERLAP
5.3-15B,5.4.1-3,0.8207,OVERLAP
5.3-15B,5.2.5-4.1,0.8207,OVERLAP
5.7-2,5.1.2-2,0.8207,OVERLAP
5.1-1,5.1.2-2,0.8206,OVERLAP
5.6-7,5.1.1-1.1,0.8206,OVERLAP
5.5-6,5.1.4-4,0.8206,OVERLAP
5.3-7,5.2.3-2.2,0.8206,OVERLAP
5.6-6,5.5.1-2,0.8206,OVERLAP
5.3-9,5.3.1-2.1,0.8205,OVERLAP
5.5-3,5.1.4-5,0.8205,OVERLAP
5.2-1,5.2.3-2.2,0.8205,OVERLAP
5.11-1,5.2.2-4,0.8205,OVERLAP
5.3-2,5.3.1-2.2,0.8205,OVERLAP
5.13-1A,5.2.5-2.1,0.8205,OVERLAP
5.2-1,5.1.3-1,0.8205,OVERLAP
5.3-10,5.1.1-2.2,0.8205,OVERLAP
5.3-9,5.1.2-2,0.8205,OVERLAP
5.1-2A,5.2.1-4,0.8205,OVERLAP
5.1-2A,5.2.4-1.2,0.8205,OVERLAP
5.5-5,5.2.3-2.2,0.8204,OVERLAP
5.8-2,5.4.1-1,0.8204,OVERLAP
5.11-1,5.1.3-1,0.8204,OVERLAP
5.3-4B,5.2.3-1,0.8204,OVERLAP
5.3-3,5.2.2-1,0.8204,OVERLAP
5.3-9,5.1.3-1,0.8204,OVERLAP
5.0-1,5.4.2-1,0.8204,OVERLAP
5.3-5,5.1.1-1,0.8203,OVERLAP
5.1-3,5.2.3-1,0.8203,OVERLAP
5.4-3,5.4.2-2,0.8203,OVERLAP
5.3-9,5.2.2-5,0.8203,OVERLAP
5.6-6,5.1.2-1,0.8202,OVERLAP
5.5-4,5.1.3-1.2,0.8202,OVERLAP
5.13-1B,5.4.1-1.1,0.8202,OVERLAP
5.1-1,5.1.4-5,0.8202,OVERLAP
5.6-7,5.1.3-1,0.8202,OVERLAP
5.6-2,5.4.1-1.1,0.8201,OVERLAP
5.3-10,5.2.2-4,0.8201,OVERLAP
5.2-3,5.2.2-4,0.8201,OVERLAP
5.3-16,5.4.1-2,0.8201,OVERLAP
5.6-6,5.2.4-2.1,0.8201,OVERLAP
5.3-7,5.1.1-1,0.8201,OVERLAP
5.5-6,5.1.2-1,0.82,OVERLAP
5.3-3,5.2.2-6,0.82,OVERLAP
5.3-12,5.1.2-5.1,0.82,OVERLAP
5.3-15B,5.3.1-1,0.82,OVERLAP
5.13-1A,5.2.4-2.1,0.82,OVERLAP
5.4-1,5.2.3-4,0.82,OVERLAP
5.4-3,5.2.3-2.1,0.8199,OVERLAP
5.6-7,5.4.1-3,0.8199,OVERLAP
5.7-1,5.3.1-2.2,0.8199,OVERLAP
5.3-4A,5.2.3-2.2,0.8199,OVERLAP
5.6-4A,5.1.2-2,0.8199,OVERLAP
5.5-4,5.2.4-1.1,0.8199,OVERLAP
5.5-4,5.4.1-2,0.8198,OVERLAP
5.2-1,5.1.4-2,0.8198,OVERLAP
5.10-1,5.4.2-1,0.8197,OVERLAP
5.8-3,5.4.2-2,0.8197,OVERLAP
5.5-4,5.4.2-3,0.8197,OVERLAP
5.4-2,5.1.1-2.1,0.8197,OVERLAP
5.6-4A,5.2.1-3,0.8196,OVERLAP
5.3-15B,5.1.2-4,0.8196,OVERLAP
5.6-3,5.1.1-2.1,0.8196,OVERLAP
5.3-1,5.2.2-6,0.8196,OVERLAP
5.5-4,5.2.4-1,0.8196,OVERLAP
5.6-4A,5.1.3-1,0.8196,OVERLAP
5.11-3,5.2.2-5,0.8196,OVERLAP
5.3-1,5.4.1-3,0.8195,OVERLAP
5.3-13,5.2.5-4.1,0.8195,OVERLAP
5.13-1A,5.4.1-1.1,0.8194,OVERLAP
5.3-12,5.2.5-1,0.8194,OVERLAP
5.4-2,5.4.1-1.1,0.8193,OVERLAP
5.5-5,5.2.1-4.2,0.8193,OVERLAP
5.1-1,5.1.4-1,0.8193,OVERLAP
5.6-8,5.2.3-4,0.8193,OVERLAP
5.13-1A,5.1.1-1,0.8192,OVERLAP
5.9-2,5.2.1-4.2,0.8192,OVERLAP
5.5-1,5.2.1-3,0.8192,OVERLAP
5.3-6B,5.2.3-2.2,0.8192,OVERLAP
5.6-5,5.1.1-2,0.8192,OVERLAP
5.5-7,5.1.3-3,0.8192,OVERLAP
5.6-5,5.2.4-2.1,0.8191,OVERLAP
5.6-7,5.1.3-1.1,0.8191,OVERLAP
5.11-1,5.1.1-1.1,0.819,OVERLAP
5.3-16,5.1.2-4,0.819,OVERLAP
5.6-1,5.2.1-3,0.819,OVERLAP
5.9-1,5.4.1-3,0.819,OVERLAP
5.3-15B,5.4.1-1,0.819,OVERLAP
5.11-3,5.1.2-4,0.819,OVERLAP
5.1-4,5.2.5-2.1,0.819,OVERLAP
5.3-16,5.1.4-1,0.819,OVERLAP
5.5-6,5.2.5-3,0.819,OVERLAP
5.13-1B,5.1.3-1.3,0.8189,OVERLAP
5.4-2,5.2.2-1,0.8189,OVERLAP
5.6-7,5.4.2-1,0.8188,OVERLAP
5.9-2,5.4.1-1,0.8188,OVERLAP
5.2-3,5.1.1-1,0.8188,OVERLAP
5.2-1,5.1.1-1,0.8188,OVERLAP
5.6-2,5.2.1-4.2,0.8188,OVERLAP
5.5-7,5.2.4-1,0.8188,OVERLAP
5.6-7,5.2.1-4,0.8188,OVERLAP
5.6-6,5.4.1-1.1,0.8187,OVERLAP
5.11-3,5.1.3-1.2,0.8187,OVERLAP
5.5-7,5.1.2-5.1,0.8187,OVERLAP
5.6-6,5.4.2-4,0.8187,OVERLAP
5.6-8,5.2.4-1,0.8187,OVERLAP
5.3-15B,5.2.4-2.1,0.8187,OVERLAP
5.1-3,5.2.1-1,0.8187,OVERLAP
5.2-3,5.3.1-2.2,0.8186,OVERLAP
5.6-8,5.1.1-2.1,0.8186,OVERLAP
5.1-2A,5.1.3-1.2,0.8186,OVERLAP
5.3-15B,5.2.4-2,0.8186,OVERLAP
5.6-6,5.2.5-1,0.8186,OVERLAP
5.4-2,5.3.1-2.2,0.8185,OVERLAP
5.5-6,5.2.5-4,0.8185,OVERLAP
5.3-15A,5.2.5-1,0.8185,OVERLAP
5.4-3,5.1.2-5,0.8184,OVERLAP
5.13-1A,5.1.3-1.3,0.8184,OVERLAP
5.5-6,5.1.2-1.1,0.8184,OVERLAP
5.4-1,5.3.1-2.2,0.8184,OVERLAP
5.3-4A,5.5.1-1,0.8184,OVERLAP
5.3-12,5.1.1-1,0.8184,OVERLAP
5.6-1,5.2.5-2.1,0.8184,OVERLAP
5.3-15A,5.2.2-5,0.8184,OVERLAP
5.1-4,5.1.2-2,0.8183,OVERLAP
5.9-2,5.1.3-1,0.8183,OVERLAP
5.6-3,5.4.1-1,0.8183,OVERLAP
5.1-2A,5.1.3-2,0.8183,OVERLAP
5.3-15B,5.2.4-1.1,0.8183,OVERLAP
5.3-3,5.2.2-5,0.8183,OVERLAP
5.3-16,5.3.1-2.2,0.8182,OVERLAP
5.5-4,5.1.2-3,0.8182,OVERLAP
5.3-15B,5.3.1-2.1,0.8182,OVERLAP
5.3-9,5.5.1-2,0.8182,OVERLAP
5.1-5,5.2.3-2.2,0.8181,OVERLAP
5.1-5,5.2.1-4,0.8181,OVERLAP
5.1-3,5.2.3-2.2,0.8181,OVERLAP
5.4-2,5.2.3-2.2,0.8181,OVERLAP
5.3-11,5.2.2-5,0.818,OVERLAP
5.6-8,5.1.2-5,0.818,OVERLAP
5.6-4B,5.4.2-3,0.818,OVERLAP
5.4-3,5.4.1-1,0.818,OVERLAP
5.3-9,5.2.1-1,0.8179,OVERLAP
5.1-2A,5.1.2-5,0.8179,OVERLAP
5.1-2A,5.2.1-2,0.8179,OVERLAP
5.1-2,5.2.3-1,0.8179,OVERLAP
5.6-5,5.2.3-1,0.8179,OVERLAP
5.6-9,5.2.2-4,0.8179,OVERLAP
5.5-1,5.1.4-4,0.8179,OVERLAP
5.1-2A,5.2.5-2.1,0.8178,OVERLAP
5.3-12,5.1.1-2.1,0.8178,OVERLAP
5.4-2,5.1.4-5,0.8178,OVERLAP
5.6-5,5.2.2-5,0.8177,OVERLAP
5.3-3,5.2.1-1,0.8177,OVERLAP
5.3-3,5.1.2-2,0.8177,OVERLAP
5.5-5,5.1.2-5.1,0.8177,OVERLAP
5.4-2,5.2.5-3,0.8176,OVERLAP
5.3-4A,5.4.1-2,0.8176,OVERLAP
5.5-5,5.4.2-1,0.8176,OVERLAP
5.3-3,5.2.1-4.2,0.8176,OVERLAP
5.1-3,5.4.1-1,0.8175,OVERLAP
5.6-8,5.1.2-5.1,0.8174,OVERLAP
5.6-4B,5.2.1-4.1,0.8174,OVERLAP
5.2-3,5.1.3-1.2,0.8174,OVERLAP
5.3-15B,5.1.1-2.2,0.8174,OVERLAP
5.6-4B,5.1.3-4,0.8174,OVERLAP
5.6-7,5.1.4-2,0.8173,OVERLAP
5.3-4B,5.2.1-3.1,0.8172,OVERLAP
5.3-15A,5.1.2-2,0.8172,OVERLAP
5.3-4A,5.2.2-4,0.8172,OVERLAP
5.1-1,5.2.1-1,0.8172,OVERLAP
5.12-2,5.2.2-5,0.8172,OVERLAP
5.3-14,5.1.1-1,0.8171,OVERLAP
5.6-4B,5.3.1-3,0.8171,OVERLAP
5.5-4,5.2.4-2,0.817,OVERLAP
5.13-1B,5.2.1-1,0.8169,OVERLAP
5.1-4,5.2.1-4.2,0.8169,OVERLAP
5.3-15B,5.2.1-1,0.8169,OVERLAP
5.7-2,5.2.1-4.2,0.8168,OVERLAP
5.3-10,5.2.1-3,0.8168,OVERLAP
5.4-2,5.1.2-5.1,0.8168,OVERLAP
5.3-16,5.4.2-2,0.8167,OVERLAP
5.1-2,5.2.1-3,0.8167,OVERLAP
5.4-1,5.1.2-4,0.8167,OVERLAP
5.6-8,5.2.1-4.2,0.8167,OVERLAP
5.6-8,5.1.3-1.3,0.8166,OVERLAP
5.5-8,5.2.5-4.1,0.8165,OVERLAP
5.8-1,5.4.1-1,0.8165,OVERLAP
5.6-7,5.2.3-3,0.8164,OVERLAP
5.11-4,5.2.3-3,0.8164,OVERLAP
5.5-6,5.1.1-1,0.8164,OVERLAP
5.5-4,5.2.5-2.1,0.8164,OVERLAP
5.4-2,5.2.3-1,0.8164,OVERLAP
5.5-5,5.2.1-1,0.8164,OVERLAP
5.9-3,5.2.1-4,0.8163,OVERLAP
5.13-1B,5.2.3-2.2,0.8163,OVERLAP
5.3-13,5.1.1-1,0.8163,OVERLAP
5.6-4A,5.1.1-1,0.8163,OVERLAP
5.5-6,5.4.2-2,0.8162,OVERLAP
5.6-8,5.1.3-3,0.8162,OVERLAP
5.8-2,5.2.3-2.2,0.8162,OVERLAP
5.9-1,5.3.1-2.1,0.8161,OVERLAP
5.13-1A,5.2.3-2.2,0.8161,OVERLAP
5.6-4B,5.2.2-4,0.8161,OVERLAP
5.9-1,5.2.4-2.1,0.816,OVERLAP
5.12-2,5.2.3-1,0.816,OVERLAP
5.6-6,5.4.1-3,0.816,OVERLAP
5.8-2,5.2.2-4,0.816,OVERLAP
5.6-2,5.2.2-4,0.8159,OVERLAP
5.8-3,5.2.3-3,0.8159,OVERLAP
5.3-3,5.2.5-2.1,0.8159,OVERLAP
5.1-2,5.4.1-1,0.8159,OVERLAP
5.12-2,5.2.3-2.2,0.8159,OVERLAP
5.3-15A,5.2.1-4,0.8159,OVERLAP
5.3-2,5.1.1-2.2,0.8158,OVERLAP
5.3-2,5.1.1-2,0.8158,OVERLAP
5.6-7,5.4.1-1,0.8158,OVERLAP
5.5-7,5.2.1-1,0.8158,OVERLAP
5.6-8,5.2.2-6,0.8158,OVERLAP
5.3-1,5.2.3-2.1,0.8157,OVERLAP
5.3-15A,5.4.1-1,0.8157,OVERLAP
5.12-2,5.4.2-1,0.8157,OVERLAP
5.3-13,5.1.2-5.1,0.8156,OVERLAP
5.3-7,5.3.1-3,0.8156,OVERLAP
5.6-6,5.2.2-1,0.8156,OVERLAP
5.3-4A,5.1.4-3,0.8155,OVERLAP
5.3-16,5.2.5-4.1,0.8155,OVERLAP
5.5-2,5.2.1-3.1,0.8155,OVERLAP
5.2-1,5.2.1-3,0.8154,OVERLAP
5.5-6,5.1.4-5,0.8154,OVERLAP
5.13-1A,5.2.3-2.1,0.8153,OVERLAP
5.1-1,5.1.3-3,0.8153,OVERLAP
5.3-7,5.2.2-4,0.8153,OVERLAP
5.6-4B,5.1.3-2,0.8153,OVERLAP
5.8-2,5.4.1-3,0.8152,OVERLAP
5.9-2,5.2.3-2.2,0.8152,OVERLAP
5.5-6,5.1.4-3,0.8152,OVERLAP
5.3-15B,5.2.1-3,0.8151,OVERLAP
5.5-7,5.2.2-6,0.8151,OVERLAP
5.4-1,5.2.2-1,0.8151,OVERLAP
5.6-8,5.3.1-2.2,0.815,OVERLAP
5.3-16,5.1.3-3,0.815,OVERLAP
5.3-4A,5.1.4-1,0.815,OVERLAP
5.3-2,5.2.3-1,0.815,OVERLAP
5.9-3,5.1.2-1,0.8149,OVERLAP
5.5-7,5.4.1-1,0.8149,OVERLAP
5.5-1,5.4.1-3,0.8148,OVERLAP
5.5-4,5.4.2-4,0.8148,OVERLAP
5.5-6,5.1.3-2,0.8147,OVERLAP
5.6-5,5.2.2-4,0.8147,OVERLAP
5.1-5,5.1.3-1,0.8147,OVERLAP
5.5-4,5.1.4-3,0.8147,OVERLAP
5.1-4,5.1.3-1,0.8147,OVERLAP
5.6-7,5.2.1-4.1,0.8147,OVERLAP
5.3-1,5.1.2-3,0.8146,OVERLAP
5.4-4,5.2.3-2.2,0.8146,OVERLAP
5.11-3,5.1.3-1.3,0.8146,OVERLAP
5.2-2,5.2.3-2.2,0.8145,OVERLAP
5.5-7,5.1.2-2,0.8145,OVERLAP
5.1-4,5.4.1-1,0.8145,OVERLAP
5.9-2,5.2.1-4,0.8145,OVERLAP
5.13-1B,5.1.1-2.1,0.8145,OVERLAP
5.1-3,5.1.1-2.1,0.8144,OVERLAP
5.3-6A,5.2.2-4,0.8144,OVERLAP
5.6-1,5.2.1-4.2,0.8144,OVERLAP
5.5-7,5.3.1-2.2,0.8144,OVERLAP
5.3-7,5.1.1-1.1,0.8143,OVERLAP
5.5-1,5.4.1-1,0.8143,OVERLAP
5.13-1B,5.2.3-2.1,0.8143,OVERLAP
5.3-12,5.1.2-2,0.8142,OVERLAP
5.2-3,5.2.3-1,0.8142,OVERLAP
5.1-5,5.1.2-5.1,0.8141,OVERLAP
5.5-4,5.2.2-1,0.8141,OVERLAP
5.5-7,5.2.5-2,0.8141,OVERLAP
5.4-4,5.2.3-3,0.814,OVERLAP
5.2-3,5.2.4-2,0.814,OVERLAP
5.3-15B,5.1.2-5,0.814,OVERLAP
5.1-2A,5.4.2-3,0.814,OVERLAP
5.9-3,5.1.1-2.2,0.8138,OVERLAP
5.5-7,5.2.5-2.1,0.8138,OVERLAP
5.6-4B,5.4.2-4,0.8138,OVERLAP
5.9-1,5.1.3-3,0.8138,OVERLAP
5.4-1,5.1.3-2,0.8138,OVERLAP
5.7-1,5.1.3-1,0.8138,OVERLAP
5.6-6,5.2.4-2,0.8138,OVERLAP
5.3-6B,5.2.1-3.1,0.8137,OVERLAP
5.6-4B,5.1.4-1,0.8137,OVERLAP
5.3-4A,5.2.2-5,0.8137,OVERLAP
5.5-1,5.2.2-5,0.8136,OVERLAP
5.1-2A,5.1.1-2,0.8136,OVERLAP
5.5-6,5.2.1-2,0.8136,OVERLAP
5.3-16,5.2.5-3,0.8136,OVERLAP
5.5-4,5.2.3-2.1,0.8136,OVERLAP
5.9-1,5.2.5-2,0.8135,OVERLAP
5.6-6,5.1.2-2,0.8135,OVERLAP
5.3-15A,5.1.2-5,0.8134,OVERLAP
5.5-6,5.2.1-3.1,0.8134,OVERLAP
5.9-1,5.1.2-1,0.8134,OVERLAP
5.7-2,5.2.1-3,0.8133,OVERLAP
5.6-3,5.1.2-5.1,0.8133,OVERLAP
5.1-2A,5.1.2-3,0.8133,OVERLAP
5.6-8,5.2.1-1,0.8133,OVERLAP
5.3-4A,5.2.2-2,0.8132,OVERLAP
5.5-4,5.2.1-3.1,0.8132,OVERLAP
5.13-1A,5.2.1-1,0.8132,OVERLAP
5.6-4A,5.2.2-5,0.8132,OVERLAP
5.3-11,5.1.1-1.1,0.8132,OVERLAP
5.3-15B,5.1.2-2,0.8131,OVERLAP
5.4-1,5.2.2-5,0.8131,OVERLAP
5.5-5,5.1.1-2.1,0.8131,OVERLAP
5.4-1,5.2.3-2.2,0.8131,OVERLAP
5.3-3,5.2.1-3,0.813,OVERLAP
5.8-2,5.2.3-1,0.813,OVERLAP
5.10-1,5.4.1-1,0.813,OVERLAP
5.1-2A,5.2.3-2.2,0.813,OVERLAP
5.7-1,5.4.1-1,0.813,OVERLAP
5.4-3,5.1.2-7,0.813,OVERLAP
5.8-2,5.4.2-1,0.813,OVERLAP
5.4-1,5.3.1-1,0.813,OVERLAP
5.1-2A,5.1.2-7,0.813,OVERLAP
5.5-4,5.1.1-2.2,0.8129,OVERLAP
5.3-9,5.1.3-1.3,0.8129,OVERLAP
5.1-2A,5.2.5-1,0.8129,OVERLAP
5.1-3,5.1.1-1.1,0.8128,OVERLAP
5.3-3,5.1.3-3,0.8128,OVERLAP
5.3-16,5.2.1-2,0.8128,OVERLAP
5.5-5,5.2.2-5,0.8128,OVERLAP
5.3-6B,5.2.3-1,0.8128,OVERLAP
5.5-6,5.2.4-2,0.8128,OVERLAP
5.3-9,5.2.1-3,0.8128,OVERLAP
5.3-15B,5.1.2-7,0.8128,OVERLAP
5.6-1,5.1.1-1.1,0.8127,OVERLAP
5.3-9,5.1.3-3,0.8127,OVERLAP
5.4-2,5.2.5-4.1,0.8126,OVERLAP
5.5-6,5.2.3-2.2,0.8126,OVERLAP
5.6-4B,5.1.3-1.2,0.8126,OVERLAP
5.5-6,5.4.1-2,0.8126,OVERLAP
5.3-9,5.2.2-1,0.8126,OVERLAP
5.3-4A,5.2.4-1,0.8125,OVERLAP
5.3-15A,5.1.1-2,0.8125,OVERLAP
5.9-3,5.2.1-3,0.8124,OVERLAP
5.6-7,5.1.3-3,0.8124,OVERLAP
5.1-2A,5.1.2-4,0.8124,OVERLAP
5.6-2,5.4.2-1,0.8123,OVERLAP
5.11-2,5.4.2-1,0.8123,OVERLAP
5.3-12,5.1.3-3,0.8123,OVERLAP
5.5-6,5.1.4-2,0.8123,OVERLAP
5.3-2,5.2.1-1,0.8123,OVERLAP
5.6-3,5.2.2-5,0.8123,OVERLAP
5.3-9,5.2.1-4.2,0.8123,OVERLAP
5.8-1,5.2.1-3.1,0.8122,OVERLAP
5.3-15A,5.2.4-1.1,0.8121,OVERLAP
5.3-14,5.2.1-3.1,0.8121,OVERLAP
5.12-2,5.1.1-1,0.8121,OVERLAP
5.13-1A,5.2.1-4.2,0.8121,OVERLAP
5.6-7,5.2.3-4,0.8121,OVERLAP
5.3-7,5.1.3-1,0.812,OVERLAP
5.5-4,5.1.3-2,0.812,OVERLAP
5.3-3,5.2.3-2.2,0.812,OVERLAP
5.9-3,5.2.2-4,0.812,OVERLAP
5.6-6,5.2.5-2.1,0.812,OVERLAP
5.13-1B,5.2.1-4.2,0.812,OVERLAP
5.6-6,5.1.2-4,0.812,OVERLAP
5.8-1,5.2.3-2.2,0.812,OVERLAP
5.6-2,5.2.5-2.1,0.812,OVERLAP
5.13-1A,5.1.1-2.1,0.8119,OVERLAP
5.5-4,5.1.2-5,0.8119,OVERLAP
5.6-7,5.1.3-1.2,0.8119,OVERLAP
5.1-4,5.2.3-1,0.8119,OVERLAP
5.3-9,5.2.3-2.2,0.8119,OVERLAP
5.5-7,5.1.4-5,0.8118,OVERLAP
5.3-15A,5.2.4-2.1,0.8118,OVERLAP
5.4-3,5.1.2-2,0.8118,OVERLAP
5.5-3,5.2.1-3.1,0.8118,OVERLAP
5.1-2A,5.1.4-1,0.8117,OVERLAP
5.6-7,5.2.3-2,0.8117,OVERLAP
5.6-4B,5.3.1-2.2,0.8117,OVERLAP
5.6-7,5.1.2-3,0.8117,OVERLAP
5.6-7,5.1.1-1,0.8116,OVERLAP
5.3-7,5.3.1-1,0.8116,OVERLAP
5.9-2,5.1.2-1,0.8116,OVERLAP
5.5-5,5.1.1-1,0.8116,OVERLAP
5.3-15A,5.4.2-2,0.8116,OVERLAP
5.12-3,5.2.2-4,0.8116,OVERLAP
5.6-4B,5.1.4-3,0.8116,OVERLAP
5.5-6,5.2.4-3,0.8116,OVERLAP
5.6-7,5.1.1-2,0.8116,OVERLAP
5.9-2,5.2.3-1,0.8116,OVERLAP
5.1-2A,5.2.3-4,0.8115,OVERLAP
5.4-2,5.1.3-1,0.8115,OVERLAP
5.11-2,5.2.1-3.1,0.8114,OVERLAP
5.11-3,5.4.2-1,0.8114,OVERLAP
5.3-7,5.4.2-4,0.8114,OVERLAP
5.4-3,5.2.2-6,0.8113,OVERLAP
5.9-3,5.1.2-5.1,0.8113,OVERLAP
5.3-12,5.2.1-4.2,0.8112,OVERLAP
5.3-3,5.1.2-5.1,0.8112,OVERLAP
5.3-13,5.2.3-1,0.8112,OVERLAP
5.8-1,5.4.2-1,0.8111,OVERLAP
5.5-6,5.2.2-4,0.8111,OVERLAP
5.5-4,5.2.1-2,0.8111,OVERLAP
5.1-2A,5.3.1-2.1,0.811,OVERLAP
5.7-1,5.2.1-3,0.811,OVERLAP
5.1-4,5.2.2-4,0.811,OVERLAP
5.3-16,5.2.4-1.1,0.8109,OVERLAP
5.5-7,5.1.1-1,0.8109,OVERLAP
5.11-3,5.1.3-3,0.8109,OVERLAP
5.3-15B,5.2.5-1,0.8109,OVERLAP
5.5-4,5.1.3-1.3,0.8108,OVERLAP
5.3-16,5.4.2-4,0.8108,OVERLAP
5.5-5,5.1.3-1,0.8108,OVERLAP
5.9-2,5.4.2-1,0.8108,OVERLAP
5.4-3,5.3.1-2.1,0.8107,OVERLAP
5.3-15A,5.2.2-1,0.8106,OVERLAP
5.3-15B,5.1.3-3,0.8106,OVERLAP
5.3-2,5.1.2-2,0.8106,OVERLAP
5.3-16,5.2.4-1,0.8106,OVERLAP
5.6-3,5.4.2-1,0.8106,OVERLAP
5.6-4B,5.2.4-2,0.8105,OVERLAP
5.3-7,5.1.3-3,0.8105,OVERLAP
5.6-1,5.4.2-1,0.8105,OVERLAP
5.9-3,5.1.1-2.1,0.8105,OVERLAP
5.3-16,5.1.1-2.2,0.8105,OVERLAP
5.3-4A,5.2.4-3,0.8104,OVERLAP
5.8-3,5.2.1-3.1,0.8104,OVERLAP
5.7-2,5.1.1-1,0.8104,OVERLAP
5.9-2,5.1.1-1.1,0.8104,OVERLAP
5.4-2,5.4.2-3,0.8104,OVERLAP
5.4-3,5.1.2-5.1,0.8104,OVERLAP
5.9-2,5.1.1-1,0.8103,OVERLAP
5.6-2,5.2.2-5,0.8103,OVERLAP
5.3-1,5.1.1-1.1,0.8102,OVERLAP
5.0-1,5.2.3-1,0.8102,OVERLAP
5.3-7,5.2.4-3,0.8102,OVERLAP
5.9-1,5.2.2-1,0.8101,OVERLAP
5.9-3,5.2.1-3.1,0.8101,OVERLAP
5.3-4A,5.2.3-4,0.81,OVERLAP
5.8-1,5.2.2-4,0.81,OVERLAP
5.3-11,5.2.3-3,0.81,OVERLAP
5.6-8,5.4.1-1,0.81,OVERLAP
5.13-1B,5.1.2-5.1,0.81,OVERLAP
5.3-7,5.4.1-1,0.8099,OVERLAP
5.3-6B,5.1.1-1,0.8099,OVERLAP
5.6-7,5.2.2-1,0.8099,OVERLAP
5.3-15B,5.2.2-1,0.8098,OVERLAP
5.7-2,5.2.1-3.1,0.8097,OVERLAP
5.3-9,5.2.3-1,0.8097,OVERLAP
5.6-7,5.5.1-1,0.8097,OVERLAP
5.5-8,5.1.1-1.1,0.8097,OVERLAP
5.6-7,5.5.1-2,0.8097,OVERLAP
5.3-2,5.2.2-5,0.8096,OVERLAP
5.4-1,5.2.3-2.1,0.8096,OVERLAP
5.1-4,5.1.2-5.1,0.8095,OVERLAP
5.9-1,5.1.1-1.1,0.8095,OVERLAP
5.1-4,5.2.1-1,0.8095,OVERLAP
5.3-6A,5.2.3-1,0.8095,OVERLAP
5.9-1,5.1.1-1,0.8094,OVERLAP
5.6-6,5.2.2-5,0.8094,OVERLAP
5.2-1,5.1.4-5,0.8093,OVERLAP
5.6-4A,5.2.1-3.1,0.8092,OVERLAP
5.5-4,5.3.1-2.2,0.8092,OVERLAP
5.3-1,5.2.1-3.1,0.8092,OVERLAP
5.6-4B,5.2.3-1,0.8091,OVERLAP
5.6-3,5.2.1-3.1,0.8091,OVERLAP
5.3-2,5.2.1-3.1,0.8091,OVERLAP
5.3-1,5.2.2-5,0.809,OVERLAP
5.9-3,5.4.2-1,0.809,OVERLAP
5.3-14,5.4.2-1,0.809,OVERLAP
5.1-2A,5.1.3-1.1,0.809,OVERLAP
5.1-2A,5.5.1-2,0.8089,OVERLAP
5.8-3,5.1.3-1,0.8089,OVERLAP
5.3-4A,5.1.2-1.1,0.8089,OVERLAP
5.9-3,5.2.5-4.1,0.8088,OVERLAP
5.12-3,5.4.2-1,0.8088,OVERLAP
5.13-1A,5.1.2-5.1,0.8087,OVERLAP
5.6-7,5.2.3-1,0.8087,OVERLAP
5.6-5,5.2.1-3.1,0.8086,OVERLAP
5.4-1,5.2.4-1.2,0.8086,OVERLAP
5.5-4,5.1.2-4,0.8086,OVERLAP
5.3-13,5.4.2-1,0.8086,OVERLAP
5.2-3,5.2.3-3,0.8086,OVERLAP
5.11-1,5.2.1-3.1,0.8085,OVERLAP
5.2-1,5.2.5-2.1,0.8084,OVERLAP
5.6-4B,5.2.3-2.1,0.8084,OVERLAP
5.1-2A,5.4.2-4,0.8084,OVERLAP
5.3-8,5.2.2-4,0.8084,OVERLAP
5.8-1,5.2.3-1,0.8083,OVERLAP
5.3-2,5.2.1-3,0.8083,OVERLAP
5.1-2A,5.1.1-2.1,0.8083,OVERLAP
5.6-2,5.2.1-3.1,0.8082,OVERLAP
5.3-6A,5.2.1-4.2,0.8082,OVERLAP
5.4-3,5.2.3-4,0.8082,OVERLAP
5.5-6,5.2.4-1,0.8082,OVERLAP
5.6-8,5.2.1-3,0.8081,OVERLAP
5.1-1,5.3.1-2.2,0.8081,OVERLAP
5.6-7,5.1.3-2,0.808,OVERLAP
5.1-2A,5.2.2-1,0.808,OVERLAP
5.6-1,5.1.1-1,0.808,OVERLAP
5.5-6,5.2.1-1,0.808,OVERLAP
5.9-1,5.2.3-2.2,0.808,OVERLAP
5.6-6,5.1.3-3,0.808,OVERLAP
5.1-3,5.4.2-1,0.808,OVERLAP
5.3-16,5.2.2-6,0.808,OVERLAP
5.9-2,5.2.2-1,0.808,OVERLAP
5.1-4,5.1.1-2.1,0.808,OVERLAP
5.4-1,5.1.3-3,0.8079,OVERLAP
5.3-4B,5.2.3-2.2,0.8079,OVERLAP
5.3-1,5.2.4-1.1,0.8078,OVERLAP
5.3-9,5.2.2-4,0.8078,OVERLAP
5.3-13,5.2.3-3,0.8078,OVERLAP
5.6-7,5.3.1-1,0.8078,OVERLAP
5.4-2,5.2.2-5,0.8077,OVERLAP
5.11-2,5.1.1-1.1,0.8077,OVERLAP
5.3-16,5.1.1-2.1,0.8077,OVERLAP
5.6-3,5.2.2-4,0.8077,OVERLAP
5.6-7,5.1.2-5.1,0.8077,OVERLAP
5.3-4A,5.2.5-4,0.8077,OVERLAP
5.3-16,5.2.1-1,0.8076,OVERLAP
5.4-1,5.2.2-2,0.8075,OVERLAP
5.11-3,5.1.2-2,0.8074,OVERLAP
5.1-2,5.4.2-1,0.8074,OVERLAP
5.5-4,5.2.1-3,0.8074,OVERLAP
5.9-1,5.2.1-3.1,0.8074,OVERLAP
5.9-2,5.2.4-1.2,0.8073,OVERLAP
5.3-16,5.2.1-4,0.8073,OVERLAP
5.4-2,5.2.5-2.1,0.8073,OVERLAP
5.4-1,5.1.4-5,0.8071,OVERLAP
5.3-8,5.1.1-1.1,0.8071,OVERLAP
5.3-13,5.2.1-3,0.807,OVERLAP
5.3-6A,5.1.1-1,0.807,OVERLAP
5.6-5,5.1.1-1.1,0.807,OVERLAP
5.7-1,5.1.1-1,0.8069,OVERLAP
5.13-1B,5.1.1-1.1,0.8069,OVERLAP
5.1-1,5.1.1-2.1,0.8068,OVERLAP
5.3-10,5.4.2-1,0.8068,OVERLAP
5.4-2,5.2.1-3,0.8068,OVERLAP
5.6-4B,5.3.1-2.1,0.8068,OVERLAP
5.3-7,5.2.5-1,0.8067,OVERLAP
5.3-2,5.4.1-1,0.8066,OVERLAP
5.6-6,5.1.2-5.1,0.8066,OVERLAP
5.3-4A,5.1.2-4,0.8066,OVERLAP
5.3-15B,5.2.1-4,0.8066,OVERLAP
5.4-3,5.3.1-2.2,0.8065,OVERLAP
5.3-7,5.1.3-1.3,0.8065,OVERLAP
5.7-1,5.2.2-5,0.8065,OVERLAP
5.3-16,5.2.2-4,0.8065,OVERLAP
5.3-13,5.1.3-1,0.8065,OVERLAP
5.3-4A,5.2.1-3,0.8064,OVERLAP
5.1-2A,5.2.1-4.2,0.8064,OVERLAP
5.1-1,5.1.3-1,0.8064,OVERLAP
5.1-1,5.2.2-5,0.8064,OVERLAP
5.3-1,5.1.2-5,0.8063,OVERLAP
5.3-4A,5.3.1-2.2,0.8062,OVERLAP
5.6-4B,5.1.2-3,0.8062,OVERLAP
5.1-4,5.1.1-2.2,0.8061,OVERLAP
5.7-2,5.2.3-2.2,0.806,OVERLAP
5.2-3,5.1.4-5,0.806,OVERLAP
5.1-4,5.2.1-3,0.806,OVERLAP
5.4-3,5.2.5-2,0.8059,OVERLAP
5.5-6,5.1.4-1,0.8059,OVERLAP
5.3-2,5.2.2-4,0.8059,OVERLAP
5.1-1,5.2.3-1,0.8059,OVERLAP
5.3-11,5.4.2-1,0.8058,OVERLAP
5.3-1,5.2.3-3,0.8057,OVERLAP
5.5-5,5.2.2-4,0.8057,OVERLAP
5.3-12,5.2.2-5,0.8056,OVERLAP
5.6-2,5.1.1-1,0.8056,OVERLAP
5.5-6,5.2.2-1,0.8055,OVERLAP
5.9-1,5.4.1-1,0.8055,OVERLAP
5.6-1,5.2.2-5,0.8055,OVERLAP
5.5-4,5.4.1-1.1,0.8055,OVERLAP
5.5-6,5.2.1-4,0.8055,OVERLAP
5.11-3,5.1.1-1.1,0.8055,OVERLAP
5.5-5,5.2.3-3,0.8055,OVERLAP
5.5-6,5.2.4-1.2,0.8054,OVERLAP
5.1-4,5.2.1-3.1,0.8054,OVERLAP
5.3-4A,5.2.2-3,0.8054,OVERLAP
5.1-1,5.2.3-2.2,0.8054,OVERLAP
5.1-2A,5.1.2-1,0.8053,OVERLAP
5.4-1,5.1.2-2,0.8052,OVERLAP
5.1-5,5.2.1-1,0.8051,OVERLAP
5.6-4B,5.2.4-2.1,0.8051,OVERLAP
5.3-7,5.1.1-2.1,0.8051,OVERLAP
5.1-5,5.2.2-5,0.8051,OVERLAP
5.6-4B,5.2.1-2,0.8051,OVERLAP
5.1-2A,5.2.1-3,0.805,OVERLAP
5.6-7,5.2.4-2,0.805,OVERLAP
5.5-3,5.2.1-4.2,0.805,OVERLAP
5.3-3,5.2.1-3.1,0.805,OVERLAP
5.1-2,5.2.3-2.2,0.805,OVERLAP
5.5-6,5.5.1-1,0.805,OVERLAP
5.11-2,5.2.2-4,0.805,OVERLAP
5.9-2,5.2.3-3,0.8049,OVERLAP
5.4-2,5.4.1-3,0.8049,OVERLAP
5.7-1,5.2.3-1,0.8049,OVERLAP
5.3-15B,5.2.2-5,0.8049,OVERLAP
5.4-1,5.2.5-4,0.8049,OVERLAP
5.3-15A,5.1.2-5.1,0.8049,OVERLAP
5.13-1A,5.1.1-1.1,0.8048,OVERLAP
5.5-4,5.4.2-2,0.8048,OVERLAP
5.3-4A,5.4.2-3,0.8048,OVERLAP
5.3-15B,5.4.2-2,0.8046,OVERLAP
5.5-8,5.2.2-4,0.8046,OVERLAP
5.3-6A,5.2.3-3,0.8046,OVERLAP
5.4-1,5.2.2-4,0.8046,OVERLAP
5.3-13,5.1.2-2,0.8045,OVERLAP
5.5-1,5.4.2-1,0.8045,OVERLAP
5.4-2,5.4.1-1,0.8045,OVERLAP
5.9-1,5.1.1-2.1,0.8044,OVERLAP
5.3-7,5.1.4-2,0.8043,OVERLAP
5.3-15A,5.3.1-2.2,0.8042,OVERLAP
5.5-6,5.2.2-6,0.8042,OVERLAP
5.5-3,5.1.4-2,0.8041,OVERLAP
5.1-4,5.1.1-1,0.8041,OVERLAP
5.1-2,5.2.3-3,0.8041,OVERLAP
5.1-5,5.4.1-1,0.804,OVERLAP
5.3-7,5.2.4-1.1,0.804,OVERLAP
5.6-5,5.4.2-1,0.804,OVERLAP
5.1-5,5.4.2-1,0.8039,OVERLAP
5.3-10,5.2.1-3.1,0.8037,OVERLAP
5.4-1,5.1.1-2,0.8037,OVERLAP
5.4-1,5.4.1-1.1,0.8036,OVERLAP
5.3-4A,5.3.1-2,0.8036,OVERLAP
5.6-6,5.1.1-2,0.8036,OVERLAP
5.5-7,5.2.1-3,0.8036,OVERLAP
5.5-4,5.1.2-2,0.8035,OVERLAP
5.6-7,5.1.2-1,0.8035,OVERLAP
5.1-1,5.4.2-1,0.8034,OVERLAP
5.3-14,5.2.3-3,0.8033,OVERLAP
5.6-4B,5.2.1-4,0.8033,OVERLAP
5.5-4,5.1.2-1,0.8033,OVERLAP
5.5-6,5.4.2-4,0.8032,OVERLAP
5.3-7,5.1.2-5,0.8032,OVERLAP
5.5-4,5.2.2-4,0.8032,OVERLAP
5.4-1,5.1.2-7,0.8031,OVERLAP
5.3-2,5.2.3-3,0.8031,OVERLAP
5.6-6,5.2.3-1,0.803,OVERLAP
5.5-6,5.5.1-2,0.803,OVERLAP
5.3-11,5.2.5-2.1,0.803,OVERLAP
5.3-7,5.4.2-2,0.803,OVERLAP
5.1-5,5.2.3-3,0.803,OVERLAP
5.2-2,5.1.4-5,0.8029,OVERLAP
5.3-3,5.2.2-4,0.8029,OVERLAP
5.1-2A,5.2.4-1,0.8028,OVERLAP
5.1-1,5.4.1-1,0.8028,OVERLAP
5.5-6,5.2.1-3,0.8028,OVERLAP
5.6-6,5.4.2-2,0.8027,OVERLAP
5.4-1,5.2.1-3,0.8027,OVERLAP
5.6-4A,5.2.3-1,0.8027,OVERLAP
5.3-5,5.1.1-1.1,0.8027,OVERLAP
5.5-6,5.1.1-1.1,0.8025,OVERLAP
5.12-3,5.2.3-3,0.8024,OVERLAP
5.3-15B,5.1.1-2,0.8024,OVERLAP
5.1-1,5.2.3-3,0.8023,OVERLAP
5.3-12,5.4.2-1,0.8023,OVERLAP
5.6-1,5.2.2-4,0.8023,OVERLAP
5.3-15A,5.1.1-2.1,0.8022,OVERLAP
5.10-1,5.1.1-1.1,0.8022,OVERLAP
5.2-3,5.2.4-2.1,0.8022,OVERLAP
5.3-6B,5.2.3-3,0.8021,OVERLAP
5.3-16,5.2.1-4.2,0.8021,OVERLAP
5.6-5,5.1.3-1,0.802,OVERLAP
5.3-15B,5.1.2-5.1,0.802,OVERLAP
5.3-4A,5.4.1-1.1,0.8019,OVERLAP
5.6-4A,5.2.2-4,0.8019,OVERLAP
5.6-3,5.2.3-1,0.8018,OVERLAP
5.5-4,5.2.2-5,0.8018,OVERLAP
5.4-1,5.2.3-2,0.8018,OVERLAP
5.2-1,5.1.2-2,0.8018,OVERLAP
5.3-7,5.2.3-2,0.8017,OVERLAP
5.3-4B,5.2.2-4,0.8017,OVERLAP
5.5-6,5.1.2-2,0.8017,OVERLAP
5.5-6,5.2.2-2,0.8017,OVERLAP
5.3-14,5.1.1-1.1,0.8015,OVERLAP
5.3-4A,5.2.4-2,0.8015,OVERLAP
5.1-3,5.2.2-4,0.8015,OVERLAP
5.6-7,5.2.4-1.2,0.8015,OVERLAP
5.3-6B,5.2.2-4,0.8015,OVERLAP
5.3-4A,5.1.2-6,0.8015,OVERLAP
5.6-9,5.2.1-3.1,0.8014,OVERLAP
5.3-10,5.1.1-1.1,0.8014,OVERLAP
5.6-6,5.3.1-2.2,0.8014,OVERLAP
5.6-8,5.1.1-1,0.8014,OVERLAP
5.1-1,5.2.1-3,0.8013,OVERLAP
5.5-6,5.1.3-1.2,0.8013,OVERLAP
5.12-2,5.2.1-3.1,0.8013,OVERLAP
5.6-6,5.2.1-4,0.8013,OVERLAP
5.1-3,5.2.1-3.1,0.8012,OVERLAP
5.2-1,5.1.4-1,0.8012,OVERLAP
5.12-3,5.1.1-1.1,0.8012,OVERLAP
5.5-1,5.2.3-1,0.8012,OVERLAP
5.10-1,5.2.3-2.2,0.8011,OVERLAP
5.3-4A,5.1.3-1.1,0.8011,OVERLAP
5.4-3,5.1.3-3,0.8011,OVERLAP
5.1-5,5.1.1-2.1,0.801,OVERLAP
5.6-4B,5.1.2-7,0.801,OVERLAP
5.3-15A,5.2.3-2.2,0.8009,OVERLAP
5.3-9,5.1.1-1,0.8009,OVERLAP
5.2-2,5.2.3-1,0.8009,OVERLAP
5.6-6,5.2.1-1,0.8008,OVERLAP
5.11-3,5.1.1-1,0.8008,OVERLAP
5.3-4A,5.2.5-2,0.8008,OVERLAP
5.3-13,5.2.1-3.1,0.8008,OVERLAP
5.1-2A,5.2.2-6,0.8007,OVERLAP
5.5-1,5.1.1-1.1,0.8007,OVERLAP
5.1-3,5.2.3-3,0.8006,OVERLAP
5.3-16,5.1.1-2,0.8006,OVERLAP
5.4-4,5.2.1-3.1,0.8004,OVERLAP
5.5-3,5.2.3-1,0.8003,OVERLAP
5.1-5,5.2.2-4,0.8003,OVERLAP
5.3-7,5.2.5-4.1,0.8002,OVERLAP
5.4-1,5.1.2-5,0.8002,OVERLAP
5.3-9,5.2.3-3,0.8001,OVERLAP
5.3-12,5.2.1-3.1,0.8,OVERLAP
5.3-1,5.2.2-4,0.8,OVERLAP
5.3-2,5.4.2-2,0.8,OVERLAP
5.4-1,5.3.1-2.1,0.7999,OVERLAP
5.6-6,5.2.3-2.2,0.7998,OVERLAP
5.3-4A,5.3.1-1,0.7998,OVERLAP
5.3-1,5.3.1-2.1,0.7998,OVERLAP
5.4-3,5.2.1-3,0.7998,OVERLAP
5.6-4B,5.1.3-1.1,0.7997,OVERLAP
5.3-4A,5.1.2-3,0.7997,OVERLAP
5.1-2A,5.1.2-2,0.7997,OVERLAP
5.0-1,5.2.1-3.1,0.7996,OVERLAP
5.8-2,5.2.1-3.1,0.7996,OVERLAP
5.3-15A,5.1.3-1,0.7994,OVERLAP
5.3-4A,5.2.4-1.2,0.7994,OVERLAP
5.3-4A,5.4.1-3,0.7993,OVERLAP
5.6-7,5.2.2-2,0.7993,OVERLAP
5.3-16,5.4.1-1.1,0.7992,OVERLAP
5.9-2,5.1.1-2.1,0.7991,OVERLAP
5.6-3,5.1.1-1,0.7989,OVERLAP
5.3-7,5.2.1-3.1,0.7989,OVERLAP
5.6-5,5.1.1-2.1,0.7989,OVERLAP
5.3-4A,5.2.3-2,0.7987,OVERLAP
5.5-8,5.2.3-2.2,0.7987,OVERLAP
5.5-7,5.2.3-2.2,0.7986,OVERLAP
5.7-1,5.2.3-2.2,0.7985,OVERLAP
5.12-2,5.2.3-3,0.7985,OVERLAP
5.4-2,5.1.1-1.1,0.7985,OVERLAP
5.1-2A,5.2.1-3.1,0.7984,OVERLAP
5.2-1,5.1.1-1.1,0.7984,OVERLAP
5.1-5,5.1.1-1,0.7984,OVERLAP
5.2-1,5.1.3-1.2,0.7983,OVERLAP
5.3-15A,5.2.3-3,0.7982,OVERLAP
5.4-1,5.2.4-1.1,0.7982,OVERLAP
5.5-4,5.1.1-2,0.7982,OVERLAP
5.3-8,5.2.3-1,0.7982,OVERLAP
5.5-4,5.2.3-3,0.7982,OVERLAP
5.3-12,5.1.1-1.1,0.7981,OVERLAP
5.4-1,5.2.4-3,0.798,OVERLAP
5.5-4,5.2.1-4,0.798,OVERLAP
5.6-4A,5.4.2-1,0.798,OVERLAP
5.3-4A,5.2.4-1.1,0.7979,OVERLAP
5.3-12,5.2.3-1,0.7978,OVERLAP
5.3-16,5.1.4-5,0.7978,OVERLAP
5.8-3,5.4.2-1,0.7978,OVERLAP
5.5-1,5.2.3-2.2,0.7978,OVERLAP
5.2-2,5.2.1-3.1,0.7977,OVERLAP
5.3-4A,5.4.2-4,0.7977,OVERLAP
5.6-4B,5.4.1-1.1,0.7975,OVERLAP
5.5-5,5.2.1-3.1,0.7975,OVERLAP
5.12-1,5.2.3-3,0.7973,OVERLAP
5.12-2,5.2.2-4,0.7973,OVERLAP
5.3-8,5.2.1-3.1,0.7972,OVERLAP
5.3-15A,5.2.2-4,0.7972,OVERLAP
5.1-4,5.4.2-1,0.7972,OVERLAP
5.1-5,5.2.1-3.1,0.7972,OVERLAP
5.4-3,5.2.3-2.2,0.7971,OVERLAP
5.5-5,5.2.3-1,0.7967,OVERLAP
5.3-16,5.2.2-1,0.7967,OVERLAP
5.3-6A,5.2.1-3.1,0.7966,OVERLAP
5.5-4,5.4.2-1,0.7966,OVERLAP
5.3-15B,5.3.1-2.2,0.7965,OVERLAP
5.3-7,5.1.2-1,0.7965,OVERLAP
5.4-3,5.2.3-3,0.7964,OVERLAP
5.3-15A,5.1.2-1,0.7964,OVERLAP
5.5-6,5.4.2-3,0.7964,OVERLAP
5.5-6,5.4.1-1,0.7963,OVERLAP
5.5-7,5.2.2-5,0.7963,OVERLAP
5.4-1,5.1.1-1,0.7961,OVERLAP
5.3-3,5.2.3-3,0.7961,OVERLAP
5.6-2,5.1.1-1.1,0.796,OVERLAP
5.6-4B,5.2.3-3,0.7959,OVERLAP
5.3-7,5.4.1-3,0.7959,OVERLAP
5.6-4B,5.2.2-5,0.7958,OVERLAP
5.6-8,5.2.1-3.1,0.7955,OVERLAP
5.3-15B,5.1.3-1,0.7955,OVERLAP
5.3-2,5.1.2-5.1,0.7955,OVERLAP
5.3-16,5.1.2-2,0.7955,OVERLAP
5.1-1,5.1.1-1,0.7954,OVERLAP
5.4-3,5.2.1-3.1,0.7954,OVERLAP
5.6-4B,5.4.1-1,0.7954,OVERLAP
5.6-4B,5.2.1-3,0.7954,OVERLAP
5.5-6,5.1.1-2.1,0.7953,OVERLAP
5.3-13,5.2.5-2.1,0.7953,OVERLAP
5.1-2A,5.1.4-3,0.7951,OVERLAP
5.3-1,5.2.4-2.1,0.7951,OVERLAP
5.6-2,5.2.3-1,0.795,OVERLAP
5.3-15A,5.4.2-1,0.795,OVERLAP
5.11-1,5.4.2-1,0.795,OVERLAP
5.6-4B,5.2.2-1,0.7949,OVERLAP
5.4-2,5.2.2-4,0.7948,OVERLAP
5.5-3,5.1.4-1,0.7948,OVERLAP
5.1-2A,5.2.3-3,0.7947,OVERLAP
5.10-1,5.2.2-4,0.7947,OVERLAP
5.6-4B,5.2.1-1,0.7946,OVERLAP
5.3-16,5.2.2-5,0.7946,OVERLAP
5.4-1,5.1.4-1,0.7946,OVERLAP
5.3-13,5.1.1-1.1,0.7946,OVERLAP
5.3-2,5.4.2-1,0.7944,OVERLAP
5.6-4B,5.1.2-2,0.7943,OVERLAP
5.5-4,5.2.1-4.2,0.7942,OVERLAP
5.1-2A,5.3.1-2.2,0.7942,OVERLAP
5.1-1,5.1.2-5.1,0.7942,OVERLAP
5.2-2,5.1.1-1.1,0.7942,OVERLAP
5.4-1,5.1.1-1.1,0.7942,OVERLAP
5.6-4B,5.1.2-4,0.7942,OVERLAP
5.3-15B,5.2.3-3,0.7941,OVERLAP
5.6-6,5.1.1-1.1,0.7941,OVERLAP
5.4-3,5.2.3-1,0.794,OVERLAP
5.6-5,5.1.1-1,0.7939,OVERLAP
5.10-1,5.2.1-3.1,0.7939,OVERLAP
5.2-1,5.2.1-4.2,0.7939,OVERLAP
5.5-6,5.2.2-5,0.7938,OVERLAP
5.5-7,5.2.1-3.1,0.7937,OVERLAP
5.11-2,5.2.3-3,0.7936,OVERLAP
5.3-4A,5.2.1-4.1,0.7935,OVERLAP
5.9-1,5.2.3-3,0.7935,OVERLAP
5.3-6A,5.1.1-1.1,0.7935,OVERLAP
5.3-3,5.1.1-1,0.7934,OVERLAP
5.3-1,5.1.3-1.3,0.7933,OVERLAP
5.6-6,5.4.1-1,0.793,OVERLAP
5.3-4B,5.2.3-3,0.7929,OVERLAP
5.5-4,5.2.1-1,0.7929,OVERLAP
5.6-1,5.2.3-1,0.7929,OVERLAP
5.5-6,5.2.5-4.1,0.7927,OVERLAP
5.6-4B,5.1.1-2.2,0.7926,OVERLAP
5.10-1,5.2.3-3,0.7925,OVERLAP
5.9-3,5.2.4-1.2,0.7925,OVERLAP
5.3-4A,5.2.1-2,0.7924,OVERLAP
5.8-1,5.2.3-3,0.7923,OVERLAP
5.11-1,5.2.3-3,0.7923,OVERLAP
5.6-9,5.1.1-1.1,0.7923,OVERLAP
5.6-8,5.4.2-1,0.7922,OVERLAP
5.4-1,5.4.1-1,0.7922,OVERLAP
5.5-7,5.4.2-1,0.7922,OVERLAP
5.3-1,5.1.2-1,0.7922,OVERLAP
5.9-2,5.2.2-4,0.7922,OVERLAP
5.1-2A,5.4.2-2,0.7922,OVERLAP
5.3-15A,5.1.3-1.3,0.7922,OVERLAP
5.6-1,5.2.1-3.1,0.792,OVERLAP
5.6-1,5.2.3-3,0.792,OVERLAP
5.3-15B,5.1.1-2.1,0.792,OVERLAP
5.1-2A,5.1.2-5.1,0.7917,OVERLAP
5.6-4A,5.1.1-1.1,0.7917,OVERLAP
5.6-2,5.2.3-3,0.7915,OVERLAP
5.6-4B,5.2.4-1.1,0.7915,OVERLAP
5.9-1,5.4.2-1,0.7914,OVERLAP
5.5-3,5.2.2-4,0.7912,OVERLAP
5.3-6B,5.1.1-1.1,0.7911,OVERLAP
5.6-7,5.1.1-2.1,0.7911,OVERLAP
5.6-6,5.2.2-4,0.7909,OVERLAP
5.3-8,5.2.3-3,0.7909,OVERLAP
5.3-11,5.2.3-1,0.7908,OVERLAP
5.4-3,5.1.3-1.3,0.7906,OVERLAP
5.5-5,5.1.1-1.1,0.7906,OVERLAP
5.5-1,5.2.2-4,0.7906,OVERLAP
5.2-2,5.2.3-3,0.7905,OVERLAP
5.3-16,5.4.2-3,0.7905,OVERLAP
5.4-1,5.2.4-2,0.7905,OVERLAP
5.2-1,5.2.3-3,0.7904,OVERLAP
5.6-7,5.2.4-2.1,0.7903,OVERLAP
5.9-3,5.2.3-3,0.7903,OVERLAP
5.3-2,5.1.1-2.1,0.7903,OVERLAP
5.1-2,5.2.2-4,0.7901,OVERLAP
5.5-3,5.2.5-3,0.79,OVERLAP
5.1-2A,5.2.3-2.1,0.79,OVERLAP
5.6-4B,5.1.3-3,0.79,OVERLAP
5.3-15B,5.4.2-1,0.7899,OVERLAP
5.5-6,5.2.4-2.1,0.7899,OVERLAP
5.3-4A,5.1.2-2,0.7896,OVERLAP
5.1-2A,5.1.3-1,0.7896,OVERLAP
5.6-6,5.1.1-2.1,0.7896,OVERLAP
5.2-1,5.2.3-1,0.7896,OVERLAP
5.8-2,5.2.3-3,0.7896,OVERLAP
5.0-1,5.2.3-3,0.7895,OVERLAP
5.4-1,5.4.2-2,0.7895,OVERLAP
5.3-4A,5.1.1-2.2,0.7894,OVERLAP
5.3-4A,5.2.2-6,0.7894,OVERLAP
5.4-3,5.2.2-5,0.7893,OVERLAP
5.6-4B,5.1.1-2.1,0.7893,OVERLAP
5.3-4A,5.1.3-2,0.7892,OVERLAP
5.4-1,5.4.2-3,0.7891,OVERLAP
5.4-1,5.1.1-2.2,0.789,OVERLAP
5.5-1,5.2.1-3.1,0.7889,OVERLAP
5.7-1,5.4.2-1,0.7889,OVERLAP
5.1-2A,5.2.3-1,0.7887,OVERLAP
5.6-3,5.1.1-1.1,0.7886,OVERLAP
5.1-5,5.2.3-1,0.7885,OVERLAP
5.3-12,5.2.3-3,0.7884,OVERLAP
5.5-6,5.2.5-2.1,0.7884,OVERLAP
5.4-3,5.4.2-1,0.7884,OVERLAP
5.6-8,5.2.2-5,0.7884,OVERLAP
5.6-6,5.2.3-3,0.7882,OVERLAP
5.5-7,5.2.3-1,0.7882,OVERLAP
5.12-2,5.1.1-1.1,0.7881,OVERLAP
5.3-7,5.2.4-2,0.7881,OVERLAP
5.1-2,5.2.1-3.1,0.788,OVERLAP
5.1-2,5.1.1-1.1,0.7879,OVERLAP
5.3-1,5.4.2-1,0.7878,OVERLAP
5.3-4A,5.2.3-2.1,0.7878,OVERLAP
5.3-2,5.1.1-1,0.7878,OVERLAP
5.1-2A,5.1.1-1.1,0.7877,OVERLAP
5.4-1,5.3.1-3,0.7875,OVERLAP
5.1-1,5.2.2-4,0.7874,OVERLAP
5.9-3,5.1.1-1.1,0.7872,OVERLAP
5.6-6,5.4.2-1,0.787,OVERLAP
5.4-1,5.1.3-1.3,0.7869,OVERLAP
5.3-4A,5.2.5-2.1,0.7868,OVERLAP
5.5-4,5.4.1-1,0.7867,OVERLAP
5.3-4A,5.1.2-7,0.7866,OVERLAP
5.3-15B,5.1.3-1.3,0.7866,OVERLAP
5.1-4,5.1.1-1.1,0.7865,OVERLAP
5.6-4B,5.1.2-5,0.7865,OVERLAP
5.3-9,5.1.1-1.1,0.7864,OVERLAP
5.1-1,5.2.1-3.1,0.7863,OVERLAP
5.6-4A,5.2.3-3,0.7862,OVERLAP
5.3-15B,5.1.1-1,0.7858,OVERLAP
5.6-8,5.2.3-1,0.7857,OVERLAP
5.3-9,5.4.2-1,0.7857,OVERLAP
5.7-2,5.2.3-1,0.7856,OVERLAP
5.4-1,5.2.5-3,0.7856,OVERLAP
5.1-2A,5.2.5-2,0.7855,OVERLAP
5.5-8,5.2.3-3,0.7855,OVERLAP
5.6-8,5.2.3-2.2,0.7855,OVERLAP
5.3-2,5.1.3-1,0.7854,OVERLAP
5.3-16,5.2.1-3.1,0.7854,OVERLAP
5.4-1,5.2.5-1,0.7854,OVERLAP
5.3-16,5.1.2-5.1,0.7851,OVERLAP
5.3-4A,5.2.4-2.1,0.785,OVERLAP
5.13-1B,5.2.2-4,0.7849,OVERLAP
5.4-1,5.4.1-2,0.7845,OVERLAP
5.5-4,5.1.1-2.1,0.7843,OVERLAP
5.5-3,5.1.3-4,0.7842,OVERLAP
5.13-1A,5.2.3-3,0.7841,OVERLAP
5.6-6,5.1.3-1,0.7841,OVERLAP
5.4-1,5.4.2-4,0.7841,OVERLAP
5.6-4B,5.4.2-2,0.7838,OVERLAP
5.5-6,5.4.1-3,0.7838,OVERLAP
5.3-4B,5.1.1-1.1,0.7838,OVERLAP
5.3-15A,5.1.1-1,0.7836,OVERLAP
5.13-1B,5.2.3-3,0.7835,OVERLAP
5.5-3,5.1.3-1.2,0.7835,OVERLAP
5.4-1,5.1.3-1,0.7835,OVERLAP
5.3-4A,5.3.1-2.1,0.7834,OVERLAP
5.5-3,5.1.2-2,0.7834,OVERLAP
5.1-2A,5.4.1-1,0.7834,OVERLAP
5.6-8,5.2.2-4,0.7833,OVERLAP
5.4-1,5.2.5-2.1,0.7831,OVERLAP
5.5-7,5.2.2-4,0.7831,OVERLAP
5.7-1,5.2.2-4,0.783,OVERLAP
5.3-4A,5.3.1-3,0.7828,OVERLAP
5.13-1A,5.2.2-4,0.7827,OVERLAP
5.4-1,5.1.1-2.1,0.7826,OVERLAP
5.7-1,5.1.1-1.1,0.7826,OVERLAP
5.5-4,5.2.3-1,0.7826,OVERLAP
5.3-7,5.4.2-1,0.7826,OVERLAP
5.7-2,5.2.2-4,0.7825,OVERLAP
5.4-1,5.2.5-4.1,0.7824,OVERLAP
5.3-16,5.1.1-1,0.7824,OVERLAP
5.5-7,5.1.1-1.1,0.7824,OVERLAP
5.5-3,5.2.5-4,0.7821,OVERLAP
5.6-6,5.1.1-1,0.782,OVERLAP
5.3-16,5.2.5-2.1,0.7818,OVERLAP
5.3-12,5.2.3-2.2,0.7816,OVERLAP
5.5-3,5.5.1-2,0.7815,OVERLAP
5.1-2A,5.1.3-3,0.7814,OVERLAP
5.3-15B,5.1.2-1,0.7813,OVERLAP
5.5-4,5.1.2-5.1,0.7813,OVERLAP
5.3-4A,5.2.5-1,0.7813,OVERLAP
5.3-3,5.2.3-1,0.7813,OVERLAP
5.9-1,5.2.2-4,0.7811,OVERLAP
5.5-6,5.1.3-1,0.781,OVERLAP
5.4-1,5.4.1-3,0.7809,OVERLAP
5.4-3,5.2.2-4,0.7809,OVERLAP
5.5-3,5.2.3-2.2,0.7809,OVERLAP
5.3-4A,5.2.1-4,0.7808,OVERLAP
5.3-2,5.1.1-1.1,0.7807,OVERLAP
5.7-2,5.2.3-3,0.7805,OVERLAP
5.5-4,5.1.3-1,0.7805,OVERLAP
5.3-16,5.2.1-3,0.7803,OVERLAP
5.5-3,5.2.3-3,0.7802,OVERLAP
5.5-6,5.2.3-3,0.7802,OVERLAP
5.3-3,5.4.2-1,0.78,OVERLAP
5.5-4,5.1.1-1,0.78,OVERLAP
5.6-4B,5.1.1-2,0.7798,OVERLAP
5.3-16,5.4.1-1,0.7794,OVERLAP
5.1-5,5.1.1-1.1,0.7794,OVERLAP
5.4-2,5.2.1-3.1,0.779,OVERLAP
5.1-2A,5.1.1-1,0.779,OVERLAP
5.3-15A,5.1.1-1.1,0.7786,OVERLAP
5.4-1,5.4.2-1,0.7786,OVERLAP
5.4-3,5.1.1-1,0.7785,OVERLAP
5.3-3,5.1.1-1.1,0.7784,OVERLAP
5.3-16,5.1.3-1,0.7782,OVERLAP
5.5-8,5.2.1-3.1,0.7779,OVERLAP
5.5-3,5.1.4-4,0.7778,OVERLAP
5.5-3,5.2.4-1,0.7777,OVERLAP
5.1-2A,5.1.3-1.3,0.7776,OVERLAP
5.1-2A,5.2.2-5,0.7775,OVERLAP
5.3-15B,5.2.3-2.2,0.7774,OVERLAP
5.3-4A,5.1.1-2.1,0.7772,OVERLAP
5.4-1,5.1.4-2,0.7772,OVERLAP
5.2-3,5.1.1-1.1,0.7769,OVERLAP
5.5-6,5.2.3-1,0.7768,OVERLAP
5.5-4,5.1.1-1.1,0.7767,OVERLAP
5.6-4B,5.1.2-5.1,0.7766,OVERLAP
5.3-4A,5.2.3-3,0.7761,OVERLAP
5.3-15B,5.2.2-4,0.776,OVERLAP
5.5-3,5.2.5-2.1,0.776,OVERLAP
5.3-12,5.2.2-4,0.776,OVERLAP
5.5-3,5.1.1-1.1,0.776,OVERLAP
5.3-4A,5.1.1-2,0.7759,OVERLAP
5.6-4B,5.4.2-1,0.7756,OVERLAP
5.2-3,5.2.3-2.2,0.7755,OVERLAP
5.1-1,5.1.1-1.1,0.7755,OVERLAP
5.3-4A,5.2.2-1,0.7744,OVERLAP
5.5-3,5.2.4-3,0.7743,OVERLAP
5.5-3,5.2.4-1.2,0.7743,OVERLAP
5.7-1,5.2.3-3,0.7742,OVERLAP
5.5-3,5.4.1-2,0.7737,OVERLAP
5.3-10,5.2.3-3,0.7736,OVERLAP
5.5-3,5.4.2-4,0.7733,OVERLAP
5.5-3,5.2.1-4,0.7733,OVERLAP
5.5-3,5.1.2-1.1,0.773,OVERLAP
5.4-2,5.4.2-1,0.7729,OVERLAP
5.5-3,5.1.1-2.2,0.7724,OVERLAP
5.4-1,5.2.4-2.1,0.7722,OVERLAP
5.3-4A,5.2.5-4.1,0.7722,OVERLAP
5.3-7,5.2.3-3,0.772,OVERLAP
5.5-3,5.5.1-1,0.7719,OVERLAP
5.3-4A,5.2.1-1,0.7717,OVERLAP
5.5-3,5.3.1-2.2,0.7715,OVERLAP
5.3-7,5.2.4-2.1,0.7705,OVERLAP
5.3-4A,5.4.1-1,0.7698,OVERLAP
5.7-2,5.1.1-1.1,0.7698,OVERLAP
5.3-16,5.2.3-3,0.7693,OVERLAP
5.3-4A,5.1.2-5.1,0.769,OVERLAP
5.1-2A,5.2.1-1,0.7686,OVERLAP
5.3-4A,5.1.2-5,0.7685,OVERLAP
5.3-4A,5.1.3-1,0.7683,OVERLAP
5.4-1,5.1.2-1,0.768,OVERLAP
5.5-3,5.2.1-3,0.7678,OVERLAP
5.5-3,5.2.2-5,0.7677,OVERLAP
5.3-4A,5.4.2-2,0.7673,OVERLAP
5.4-1,5.1.2-5.1,0.7672,OVERLAP
5.3-15B,5.1.1-1.1,0.767,OVERLAP
5.6-4B,5.1.3-1,0.7667,OVERLAP
5.6-8,5.1.1-1.1,0.7666,OVERLAP
5.5-3,5.2.1-4.1,0.766,OVERLAP
5.3-16,5.4.2-1,0.766,OVERLAP
5.3-4A,5.1.1-1,0.766,OVERLAP
5.6-4B,5.1.2-1,0.7659,OVERLAP
5.1-4,5.2.3-3,0.7658,OVERLAP
5.3-16,5.1.1-1.1,0.7656,OVERLAP
5.6-4B,5.1.3-1.3,0.7655,OVERLAP
5.6-4B,5.1.1-1.1,0.7655,OVERLAP
5.3-16,5.2.3-1,0.7652,OVERLAP
5.13-1B,5.2.1-3.1,0.7644,OVERLAP
5.5-3,5.2.1-2,0.7641,OVERLAP
5.5-3,5.1.4-3,0.764,OVERLAP
5.5-3,5.2.5-1,0.7636,OVERLAP
5.2-1,5.2.1-3.1,0.7634,OVERLAP
5.4-3,5.1.1-1.1,0.7632,OVERLAP
5.5-3,5.4.2-3,0.7628,OVERLAP
5.5-3,5.3.1-2,0.7628,OVERLAP
5.5-1,5.2.3-3,0.7619,OVERLAP
5.5-3,5.2.2-1,0.7618,OVERLAP
5.5-3,5.1.2-4,0.7618,OVERLAP
5.6-8,5.2.3-3,0.7617,OVERLAP
5.5-3,5.1.2-6,0.7612,OVERLAP
5.5-3,5.2.3-2.1,0.7611,OVERLAP
5.13-1A,5.2.1-3.1,0.7611,OVERLAP
5.5-3,5.3.1-3,0.7603,OVERLAP
5.5-3,5.2.3-2,0.7601,OVERLAP
5.1-2A,5.4.2-1,0.7598,OVERLAP
5.5-6,5.4.2-1,0.7594,OVERLAP
5.3-4A,5.4.2-1,0.7591,OVERLAP
5.5-3,5.4.1-1,0.759,OVERLAP
5.5-7,5.2.3-3,0.7589,OVERLAP
5.1-2A,5.2.2-4,0.7586,OVERLAP
5.5-3,5.2.2-6,0.7581,OVERLAP
5.5-3,5.1.3-1,0.7578,OVERLAP
5.3-4A,5.1.1-1.1,0.7574,OVERLAP
5.5-3,5.4.1-3,0.7572,OVERLAP
5.5-3,5.2.2-3,0.7564,OVERLAP
5.5-3,5.3.1-1,0.7563,OVERLAP
5.5-3,5.4.1-1.1,0.756,OVERLAP
5.5-3,5.2.1-1,0.756,OVERLAP
5.4-2,5.2.3-3,0.7541,OVERLAP
5.4-1,5.2.3-3,0.7534,OVERLAP
5.6-4B,5.1.1-1,0.7519,OVERLAP
5.5-3,5.1.2-3,0.7514,OVERLAP
5.2-3,5.2.1-3.1,0.7513,OVERLAP
5.5-3,5.2.2-2,0.7496,OVERLAP
5.5-3,5.1.3-2,0.7479,OVERLAP
5.3-4A,5.1.3-3,0.7478,OVERLAP
5.3-4A,5.1.2-1,0.7476,OVERLAP
5.5-3,5.2.3-4,0.7473,OVERLAP
5.5-3,5.2.5-4.1,0.747,OVERLAP
5.4-1,5.2.1-3.1,0.7462,OVERLAP
5.3-4A,5.1.3-1.3,0.7456,OVERLAP
5.5-3,5.2.4-2,0.7448,OVERLAP
5.5-3,5.1.3-1.1,0.7409,OVERLAP
5.5-3,5.1.2-5,0.739,OVERLAP
5.5-3,5.2.5-2,0.7383,OVERLAP
5.5-3,5.2.4-1.1,0.7381,OVERLAP
5.5-3,5.4.2-1,0.7345,OVERLAP
5.5-3,5.1.1-2,0.7341,OVERLAP
5.5-3,5.1.1-2.1,0.7331,OVERLAP
5.5-3,5.2.4-2.1,0.7309,OVERLAP
5.5-3,5.1.2-5.1,0.7306,OVERLAP
5.5-3,5.1.1-1,0.7273,OVERLAP
5.5-3,5.4.2-2,0.7269,OVERLAP
5.5-3,5.1.2-7,0.7237,OVERLAP
5.5-3,5.1.3-3,0.722,OVERLAP
5.5-3,5.3.1-2.1,0.721,OVERLAP
5.5-3,5.1.2-1,0.7127,OVERLAP
5.5-3,5.1.3-1.3,0.707,OVERLAP
