src_id,tgt_id,stratum,screening_score,N_stratum,n_stratum,weight,in_pilot,source,batch_x,relationship,justification,confidence,batch_y
5.4-4,5.1.3-4,H,0.8135265700483092,497.0,250.0,1.988,False,sample,0,NO_RELATION,Per-device uniqueness of security parameters versus ongoing infrastructure risk review; no shared objective.,3,0
5.6-8,5.2.4-1.1,M,0.5664251207729469,1490.0,200.0,7.45,False,sample,0,NO_RELATION,Hardware memory access control versus documentation content for training data.,3,0
5.5-5,5.1.2-6,H,0.8937600644122383,497.0,250.0,1.988,False,sample,0,OVERLAP,"Both restrict privileged access to system interfaces; A gates configuration behind authentication, B limits inter-system permissions to what functionality requires.",2,0
5.5-2,5.4.1-3,M,0.5765297906602255,1490.0,200.0,7.45,False,sample,0,NO_RELATION,Vetted cryptographic implementations versus supporting operators through model version changes.,3,0
5.5-3,5.3.1-2.1,L,0.1074476650563606,2981.0,200.0,14.905,False,sample,0,NO_RELATION,Cryptographic agility versus usage guidance on model limitations.,3,0
5.3-1,5.2.1-2,H,0.8353462157809984,497.0,250.0,1.988,False,sample,0,OVERLAP,"Both target controlled evolution of software assets; A requires updateability, B requires version control and asset tracking.",2,0
5.1-5,5.1.3-1.2,M,0.6074476650563607,1490.0,200.0,7.45,False,sample,0,NO_RELATION,Brute-force resistance versus risk from superfluous model capability.,3,0
5.1-4,5.2.2-1,L,0.4763285024154589,2981.0,200.0,14.905,False,sample,0,OVERLAP,"Shared access-control objective; A mandates a credential-change mechanism on the device, B mandates evaluation of organizational access-control frameworks.",2,0
5.5-1,5.5.1-1,H,0.7940418679549113,497.0,250.0,1.988,False,sample,0,NO_RELATION,Cryptographic protection in transit versus secure disposal on ownership transfer.,3,0
5.13-1B,5.1.2-3,M,0.7626811594202898,1490.0,200.0,7.45,False,sample,0,NO_RELATION,Network input validation versus audit-trail documentation.,3,0
5.6-9,5.2.2-3,H,0.9403381642512076,497.0,250.0,1.988,False,sample,0,OVERLAP,"Both concern secure development practice; A names process and toolchain hardening, B names environment separation and least privilege.",2,0
5.3-8,5.2.1-2,M,0.7552334943639292,1490.0,200.0,7.45,False,sample,0,COMPLEMENTARITY,Update timeliness and asset version tracking are distinct objectives that together sustain secure software maintenance.,2,0
5.3-9,5.2.2-5,L,0.2412238325281803,2981.0,200.0,14.905,False,sample,0,NO_RELATION,Update authenticity verification versus incident management and recovery planning.,3,0
5.0-1,5.2.2-6,M,0.7046698872785829,1490.0,200.0,7.45,False,sample,0,COMPLEMENTARITY,Recorded justifications for non-applicable provisions and contractual flow-down to cloud providers are different routes to the same assurance posture.,2,0
5.3-12,5.2.5-2.1,L,0.1431561996779388,2981.0,200.0,14.905,False,sample,0,NO_RELATION,User notification of disruptive updates versus use of independent security testers.,3,0
5.12-3,5.1.3-1.1,H,0.7782206119162641,497.0,250.0,1.988,False,sample,0,COMPLEMENTARITY,Both bear on secure configuration but from opposite ends: user-facing verification guidance versus internal threat modelling when configuration changes.,2,0
5.13-1B,5.2.1-3,M,0.5740338164251207,1490.0,200.0,7.45,False,sample,0,NO_RELATION,Input validation versus disaster recovery planning.,3,0
5.12-3,5.4.2-4,H,0.7994363929146537,497.0,250.0,1.988,False,sample,0,COMPLEMENTARITY,"Continued assurance of a secure state, approached through user self-checks and through operator-side behavioural monitoring.",2,0
5.3-11,5.4.1-1,H,0.8178743961352657,497.0,250.0,1.988,False,sample,0,SUBSUMPTION_B_BROADER,"A requires informing the user that an update is needed; B covers producing the update, notifying operators, and delivering it to end-users, which includes A's notification duty.",2,0
5.5-2,5.1.3-3,H,0.8876006441223833,497.0,250.0,1.988,False,sample,0,NO_RELATION,Vetted cryptographic implementations versus assurance over external risk owners.,3,0
5.11-1,5.1.2-1,L,0.2968196457326891,2981.0,200.0,14.905,False,sample,0,NO_RELATION,User data erasure versus pre-build requirements and risk assessment.,3,0
5.5-8,5.2.2-1,H,0.8827294685990339,497.0,250.0,1.988,False,sample,0,OVERLAP,"Both protect security-critical assets; A over the lifecycle of critical security parameters, B through access-control measures on APIs, models and data.",2,0
5.2-1,5.2.1-4.1,H,0.8052737520128824,497.0,250.0,1.988,False,sample,0,NO_RELATION,Vulnerability disclosure policy versus data and input sanitisation.,3,0
5.7-1,5.3.1-2.1,L,0.3017310789049919,2981.0,200.0,14.905,False,sample,0,NO_RELATION,Secure boot verification versus usage guidance.,3,0
5.3-6A,5.2.2-3,L,0.2461755233494364,2981.0,200.0,14.905,False,sample,0,NO_RELATION,User control over automatic updates versus separated development environments.,3,0
5.9-2,5.2.1-4,L,0.3811996779388084,2981.0,200.0,14.905,False,sample,0,NO_RELATION,Resilience to network and power loss versus confidentiality of sensitive data.,3,0
5.5-5,5.4.2-3,M,0.6176328502415459,1490.0,200.0,7.45,False,sample,0,NO_RELATION,Authentication before configuration change versus monitoring internal model states.,3,0
5.2-1,5.2.1-4.2,M,0.6086151368760064,1490.0,200.0,7.45,False,sample,0,NO_RELATION,Disclosure policy publication versus confidentiality of model weights.,3,0
5.3-7,5.2.1-4.2,M,0.6028582930756844,1490.0,200.0,7.45,False,sample,0,NO_RELATION,Cryptography securing the update channel versus confidentiality protection for training data and weights; both invoke protection but pursue different objectives.,2,0
5.5-5,5.5.1-1,M,0.7487117552334943,1490.0,200.0,7.45,False,sample,0,NO_RELATION,Authenticated configuration change versus asset disposal at handover.,3,0
5.13-1B,5.4.1-1,M,0.6974637681159421,1490.0,200.0,7.45,False,sample,0,NO_RELATION,Input validation versus patch provision and delivery.,3,0
5.3-10,5.1.3-1,M,0.6394927536231884,1490.0,200.0,7.45,False,sample,0,COMPLEMENTARITY,"A is a specific update-integrity control, B the threat-modelling process that would identify the need for such controls; distinct objectives, jointly effective.",2,0
5.5-8,5.2.1-3,M,0.6572866344605475,1490.0,200.0,7.45,False,sample,0,NO_RELATION,Key lifecycle management versus disaster recovery planning.,3,0
5.13-1A,5.2.1-4.1,H,0.9457125603864732,497.0,250.0,1.988,True,sample,0,OVERLAP,"Both mandate validation and sanitisation of untrusted input; A at the device user interface, B across model data and inputs.",3,0
5.5-2,5.1.4-4,H,0.7818438003220612,497.0,250.0,1.988,False,sample,0,OVERLAP,"Both require verification that security functionality is correctly implemented, A through reviewed implementations and B through checking specified controls were built in.",2,0
5.12-1,5.4.2-4,H,0.7823671497584541,497.0,250.0,1.988,False,sample,0,NO_RELATION,Installation usability versus behavioural performance monitoring.,3,0
5.4-4,5.1.2-4,H,0.90402576489533,497.0,250.0,1.988,False,sample,0,NO_RELATION,Per-device parameter uniqueness versus due diligence on external components.,3,0
5.3-6B,5.1.1-2.1,M,0.5884460547504026,1490.0,200.0,7.45,False,sample,0,COMPLEMENTARITY,"Both concern dissemination of security update information, but to different audiences: end-user notification control versus internal staff awareness channels.",2,0
5.12-2,5.2.1-2,H,0.8926731078904993,497.0,250.0,1.988,False,sample,0,NO_RELATION,Setup guidance for users versus asset tracking and version control.,3,0
5.3-12,5.2.2-3,L,0.318317230273752,2981.0,200.0,14.905,False,sample,0,NO_RELATION,Disruption notification versus development environment separation.,3,0
5.2-1,5.1.3-1.1,M,0.7294685990338163,1490.0,200.0,7.45,False,sample,1,NO_RELATION,Public disclosure policy versus internal threat modelling on configuration changes.,3,1
5.11-1,5.5.1-2,H,0.8310789049919484,497.0,250.0,1.988,True,sample,1,OVERLAP,"Both require secure erasure of data when it is no longer to be retained; A on user demand at the device, B on decommissioning of a model or system.",3,1
5.3-10,5.1.2-2,M,0.5850644122383253,1490.0,200.0,7.45,False,sample,1,COMPLEMENTARITY,Update-integrity verification and general resilience to adversarial input are separate objectives that together harden the system against tampering.,2,1
5.3-2,5.2.3-2,H,0.8276167471819645,497.0,250.0,1.988,False,sample,1,NO_RELATION,Device update capability versus justifying the use of poorly documented components.,3,1
5.3-2,5.4.1-1,M,0.6359098228663446,1490.0,200.0,7.45,True,sample,1,OVERLAP,"Both serve the delivery of security updates; A requires the device to support a secure update mechanism, B requires the supply chain to produce and deliver the updates.",2,1
5.2-3,5.3.1-2,H,0.8076086956521739,497.0,250.0,1.988,False,sample,1,NO_RELATION,Vulnerability monitoring and rectification versus usage guidance for end-users.,3,1
5.3-14,5.2.2-6,H,0.8241143317230273,497.0,250.0,1.988,False,sample,1,NO_RELATION,Publishing hardware replacement support versus cloud provider contractual flow-down.,3,1
5.6-3,5.4.2-4,M,0.6002415458937198,1490.0,200.0,7.45,False,sample,1,NO_RELATION,Physical attack surface versus behavioural performance monitoring.,3,1
5.3-1,5.2.3-2,H,0.8402576489533011,497.0,250.0,1.988,False,sample,1,NO_RELATION,Software updateability versus documentation justifying component choice.,3,1
5.7-2,5.2.2-6,M,0.6234702093397745,1490.0,200.0,7.45,False,sample,1,NO_RELATION,Tamper alerting on the device versus contractual arrangements with cloud operators.,3,1
5.6-8,5.1.3-1,H,0.7884863123993558,497.0,250.0,1.988,False,sample,1,COMPLEMENTARITY,"A is a specific memory-protection control, B the threat analysis process that would motivate selecting it.",2,1
5.2-2,5.2.4-3,M,0.7602657004830918,1490.0,200.0,7.45,False,sample,1,NO_RELATION,Timely remediation of disclosed vulnerabilities versus audit logging of prompt and configuration changes.,3,1
5.5-5,5.1.4-4,M,0.6964170692431562,1490.0,200.0,7.45,False,sample,1,COMPLEMENTARITY,Mandating an authentication control and verifying that specified controls were actually implemented are distinct duties in the same assurance chain.,2,1
5.3-6B,5.2.1-2,M,0.6758856682769727,1490.0,200.0,7.45,False,sample,1,NO_RELATION,User control over update notifications versus asset tracking and version control.,3,1
5.9-2,5.4.2-4,L,0.4815217391304348,2981.0,200.0,14.905,False,sample,1,NO_RELATION,Local operation through outages versus monitoring model behaviour over time.,3,1
5.1-1,5.2.3-2,M,0.6247584541062802,1490.0,200.0,7.45,False,sample,1,NO_RELATION,Per-device password uniqueness versus supply-chain component justification.,3,1
5.6-9,5.2.5-2,M,0.7618357487922706,1490.0,200.0,7.45,False,sample,1,COMPLEMENTARITY,Secure development practice and pre-deployment testing are different objectives that jointly govern a secure release.,2,1
5.13-1A,5.4.2-1,H,0.802415458937198,497.0,250.0,1.988,False,sample,1,NO_RELATION,Input validation prevents manipulation; logging records actions after the fact.,3,1
5.4-1,5.3.1-2.1,L,0.3834943639291465,2981.0,200.0,14.905,False,sample,1,NO_RELATION,Secure storage of security parameters versus guidance on model limitations.,3,1
5.1-4,5.3.1-2.2,H,0.7761272141706924,497.0,250.0,1.988,False,sample,1,NO_RELATION,Credential change mechanism versus notifying end-users about security updates.,3,1
5.6-3,5.1.3-1.1,L,0.4708132045088566,2981.0,200.0,14.905,False,sample,1,NO_RELATION,"Physical interface exposure is a hardware design matter, whereas B addresses risks arising from new settings or configuration options.",2,1
5.13-1B,5.1.2-2,,,,,,,pilot,1,SUBSUMPTION_B_BROADER,"A requires validation of unexpected network input; B requires withstanding unexpected inputs together with adversarial attacks and system failure, which contains A's obligation.",2,1
5.7-2,5.2.4-3,H,0.8825684380032206,497.0,250.0,1.988,False,sample,1,OVERLAP,"Both establish accountability for unauthorized change to a deployed system, A by alerting on detection and B by keeping an audit log of configuration changes.",2,1
5.1-5,5.1.3-4,L,0.4394122383252818,2981.0,200.0,14.905,False,sample,1,NO_RELATION,Brute-force resistance versus continuous infrastructure risk review.,3,1
5.9-2,5.2.1-3,,,,,,,pilot,1,OVERLAP,"Both address continuity and recovery from disruption; A as device-level resilience, B as organizational disaster recovery planning.",2,1
5.3-7,5.4.1-1,M,0.6975845410628019,1490.0,200.0,7.45,True,sample,1,COMPLEMENTARITY,Securing the update channel cryptographically and actually producing and delivering patches are distinct obligations that together make patching effective.,2,1
5.6-3,5.3.1-3,M,0.5993558776167471,1490.0,200.0,7.45,False,sample,1,NO_RELATION,Physical attack surface versus incident support for end-users.,3,1
5.7-2,5.4.2-4,H,0.8745169082125603,497.0,250.0,1.988,False,sample,1,OVERLAP,"Both detect security-relevant change in a deployed system, A through integrity alerting and B through behavioural monitoring.",2,1
5.6-4B,5.2.2-1,,,,,,,pilot,1,OVERLAP,"Both restrict access to system internals; A physically protects debug ports, B applies access-control measures to APIs, models and pipelines.",2,1
5.1-2,5.2.1-2,H,0.8588969404186795,497.0,250.0,1.988,False,sample,1,NO_RELATION,Password generation strength versus asset tracking and version control.,3,1
5.6-1,5.2.2-3,H,0.8407809983896941,497.0,250.0,1.988,False,sample,1,OVERLAP,"Both reduce exposure by separation and disabling what is not needed, A for unused interfaces and B for development environments under least privilege.",2,1
5.10-1,5.4.2-2,,,,,,,pilot,1,OVERLAP,"Both require operational data to be analysed for security anomalies; A covers device telemetry, B covers system logs and model behaviour including drift and poisoning.",3,1
5.4-4,5.4.1-1.1,H,0.9172302737520128,497.0,250.0,1.988,False,sample,1,NO_RELATION,Uniqueness of security parameters versus contingency planning where updates are impossible.,3,1
5.4-3,5.1.2-2,L,0.5247987117552335,2981.0,200.0,14.905,False,sample,1,NO_RELATION,Prohibition on hard-coded credentials versus general resilience to adversarial AI attack.,2,1
5.12-2,5.2.5-2.1,M,0.5895732689210951,1490.0,200.0,7.45,False,sample,1,NO_RELATION,User setup guidance versus independent security testing.,3,1
5.3-15A,5.1.4-1,L,0.3735909822866344,2981.0,200.0,14.905,False,sample,1,NO_RELATION,Isolability of non-updatable devices versus human oversight of AI systems.,3,1
5.6-9,5.2.5-4.1,H,0.8657809983896939,497.0,250.0,1.988,False,sample,1,NO_RELATION,Secure development process versus evaluating model outputs for unintended influence.,3,1
5.6-2,5.1.3-1.1,H,0.8454106280193237,497.0,250.0,1.988,False,sample,1,NO_RELATION,Limiting information disclosure at initialization versus threat modelling triggered by configuration change.,2,1
5.6-2,5.4.2-3,H,0.7898148148148147,497.0,250.0,1.988,False,sample,1,NO_RELATION,Minimising unauthenticated disclosure versus monitoring internal model states.,3,1
5.8-3,5.2.5-4,,,,,,,pilot,1,NO_RELATION,A mandates disclosure of sensing capabilities to the user; B mandates preventing disclosure of model internals. The obligations run in opposite directions.,2,1
5.11-1,5.3.1-2.2,H,0.8135668276972625,497.0,250.0,1.988,False,sample,2,NO_RELATION,Data erasure functionality versus notification of security updates.,3,2
5.4-4,5.1.2-5.1,L,0.5474235104669887,2981.0,200.0,14.905,False,sample,2,NO_RELATION,Uniqueness of security parameters versus internal risk reporting culture.,3,2
5.3-13,5.2.5-1,H,0.7797101449275361,497.0,250.0,1.988,False,sample,2,NO_RELATION,Publishing the support period versus pre-release security testing.,3,2
5.13-1A,5.1.2-1,,,,,,,pilot,2,NO_RELATION,Runtime input validation versus a pre-build requirements and risk assessment.,3,2
5.3-15B,5.5.1-2,,,,,,,pilot,2,COMPLEMENTARITY,Both govern end of life but pursue different objectives: hardware replaceability versus secure disposal of data and configuration.,2,2
5.1-4,5.3.1-2,,,,,,,pilot,2,NO_RELATION,Credential change mechanism versus usage and configuration guidance.,3,2
5.12-2,5.1.3-3,M,0.6630032206119163,1490.0,200.0,7.45,False,sample,2,NO_RELATION,User setup guidance versus assurance over external risk owners.,3,2
5.3-14,5.3.1-1,H,0.9575684380032208,497.0,250.0,1.988,False,sample,2,COMPLEMENTARITY,"Both are transparency duties toward the user, on different subject matter: support lifetime versus how data is used and stored.",2,2
5.8-1,5.1.2-6,H,0.8001610305958133,497.0,250.0,1.988,False,sample,2,NO_RELATION,Cryptographic confidentiality in transit versus least-privilege permissions between systems.,2,2
5.6-9,5.2.4-3,H,0.9447665056360708,497.0,250.0,1.988,False,sample,2,OVERLAP,"Both require changes to a system to be tracked, A through version control in development and B through an audit log of configuration and prompt changes.",2,2
5.7-2,5.4.2-3,H,0.879549114331723,497.0,250.0,1.988,True,sample,2,OVERLAP,"Both observe the running system for security-relevant state, A by alerting on detected tampering and B by monitoring internal states.",2,2
5.6-8,5.2.2-5,L,0.2845410628019323,2981.0,200.0,14.905,False,sample,2,NO_RELATION,Memory access control versus incident management and recovery planning.,3,2
5.5-5,5.2.3-2,H,0.8196054750402576,497.0,250.0,1.988,False,sample,2,NO_RELATION,Authenticated configuration change versus justification for undocumented components.,3,2
5.4-2,5.3.1-1,H,0.7917069243156201,497.0,250.0,1.988,False,sample,2,NO_RELATION,Tamper-resistant device identity versus disclosure of data handling practices.,3,2
5.9-1,5.4.2-3,M,0.5814814814814815,1490.0,200.0,7.45,False,sample,2,NO_RELATION,Resilience to network and power outage versus monitoring internal model states.,3,2
5.9-2,5.2.1-3.1,,,,,,,pilot,2,OVERLAP,Both require restoration to a known good working state after disruption; A adds continued local operation during network loss.,3,2
5.3-16,5.2.4-1.1,L,0.3161835748792271,2981.0,200.0,14.905,True,sample,2,COMPLEMENTARITY,Model designation labelling and security-relevant system documentation are different objectives that together let a stakeholder identify and assess what they hold.,2,2
5.6-8,5.2.2-1,,,,,,,pilot,2,OVERLAP,"Both apply access control to protect system internals, A at the hardware memory level and B across APIs, models and pipelines.",2,2
5.3-10,5.1.2-4,M,0.7154589371980677,1490.0,200.0,7.45,False,sample,2,COMPLEMENTARITY,Cryptographic verification of updates and due diligence on external components are distinct objectives that together establish trust in incoming code.,2,2
5.3-13,5.1.4-1,L,0.3465378421900161,2981.0,200.0,14.905,False,sample,2,NO_RELATION,Support period publication versus human oversight capability.,3,2
5.6-5,5.1.2-6,H,0.8876811594202898,497.0,250.0,1.988,False,sample,2,OVERLAP,"Both apply least functionality: A enables only the software services required for operation, B grants only the permissions required for functionality and adds a risk assessment.",3,2
5.4-4,5.2.3-1,H,0.8328502415458937,497.0,250.0,1.988,False,sample,2,NO_RELATION,Per-device parameter uniqueness versus secure software supply chain process.,2,2
5.3-15A,5.1.3-1,L,0.2931561996779388,2981.0,200.0,14.905,False,sample,2,NO_RELATION,Isolability of unsupportable devices versus threat analysis and risk management.,2,2
5.12-2,5.2.5-1,H,0.8534219001610307,497.0,250.0,1.988,False,sample,2,NO_RELATION,Setup guidance versus pre-release security assessment.,3,2
5.3-13,5.1.2-7,H,0.7983494363929148,497.0,250.0,1.988,False,sample,2,NO_RELATION,Support period publication versus supplier due diligence.,3,2
5.3-3,5.4.1-1,M,0.7412238325281804,1490.0,200.0,7.45,False,sample,2,OVERLAP,"Both work toward updates actually reaching and being applied by users, A through ease of application and B through provision and delivery.",2,2
5.7-2,5.2.1-2,H,0.852012882447665,497.0,250.0,1.988,False,sample,2,OVERLAP,"Both protect the integrity of software assets, A by detecting unauthorized change and B by authenticating and version-controlling assets.",2,2
5.3-15B,5.1.2-1.1,L,0.265780998389694,2981.0,200.0,14.905,False,sample,2,NO_RELATION,Hardware replaceability versus involvement of Data Custodians in requirements setting.,3,2
5.5-7,5.2.1-4.2,M,0.5696457326892109,1490.0,200.0,7.45,False,sample,2,OVERLAP,"Both mandate confidentiality protection for sensitive assets, A for security parameters in transit and B for training data and model weights.",3,2
5.3-10,5.2.2-4,M,0.6591384863123994,1490.0,200.0,7.45,False,sample,2,NO_RELATION,Update integrity verification versus vulnerability disclosure policy.,3,2
5.0-1,5.4.2-4,M,0.7170289855072464,1490.0,200.0,7.45,False,sample,2,NO_RELATION,Recording justifications for non-applicable provisions versus behavioural monitoring.,3,2
5.3-14,5.1.1-2.2,L,0.4214975845410628,2981.0,200.0,14.905,False,sample,2,NO_RELATION,Publishing replacement support versus secure coding training for developers.,3,2
5.5-8,5.1.3-2,H,0.788123993558776,497.0,250.0,1.988,False,sample,2,NO_RELATION,Key lifecycle management versus communicating unresolved threats down the supply chain.,3,2
5.5-1,5.3.1-2.2,H,0.7761272141706924,497.0,250.0,1.988,False,sample,2,NO_RELATION,Cryptographic protection of communications versus update notification.,3,2
5.1-4,5.2.2-4,L,0.5072061191626409,2981.0,200.0,14.905,False,sample,2,NO_RELATION,Credential change mechanism versus vulnerability disclosure policy.,3,2
5.6-3,5.2.3-1,L,0.3997584541062801,2981.0,200.0,14.905,False,sample,2,NO_RELATION,Physical interface exposure versus software supply chain process.,3,2
5.6-9,5.2.2-1,H,0.8872785829307569,497.0,250.0,1.988,False,sample,2,COMPLEMENTARITY,Secure development practice and access-control evaluation are distinct objectives that jointly determine whether the built system is defensible.,2,2
5.1-4,5.2.3-2,M,0.6749597423510467,1490.0,200.0,7.45,False,sample,2,NO_RELATION,Credential change mechanism versus component justification.,3,2
5.3-15B,5.2.3-4,M,0.6051127214170693,1490.0,200.0,7.45,False,sample,2,NO_RELATION,Hardware replaceability versus advance notice of model updates.,3,2
5.8-2,5.2.1-4.2,,,,,,,pilot,2,OVERLAP,"Both require confidentiality protection proportionate to sensitivity, A for personal data in transit and B for training data and model weights.",3,2
5.6-3,5.2.4-2,M,0.5772544283413849,1490.0,200.0,7.45,False,sample,3,NO_RELATION,Physical interface exposure versus provenance documentation for public training data.,3,3
5.1-4,5.3.1-1,H,0.8409420289855072,497.0,250.0,1.988,False,sample,3,NO_RELATION,Credential change mechanism versus disclosure of data handling.,3,3
5.0-1,5.1.3-2,H,0.9539452495974234,497.0,250.0,1.988,False,sample,3,COMPLEMENTARITY,"Both convey residual risk to stakeholders, A by recording unmet provisions and B by escalating unresolved threats down the supply chain.",2,3
5.8-1,5.2.5-3,L,0.3233494363929147,2981.0,200.0,14.905,False,sample,3,NO_RELATION,Cryptographic protection in transit versus sharing test findings with operators.,3,3
5.4-3,5.2.2-1,,,,,,,pilot,3,COMPLEMENTARITY,Prohibiting hard-coded credentials and evaluating access-control frameworks are separate objectives that together determine whether credentials can be abused.,2,3
5.5-1,5.1.2-2,M,0.7030193236714976,1490.0,200.0,7.45,False,sample,3,NO_RELATION,Cryptographic communication versus resilience to adversarial AI attack.,2,3
5.12-1,5.4.2-1,M,0.6694847020933977,1490.0,200.0,7.45,False,sample,3,NO_RELATION,Installation usability versus action logging.,3,3
5.13-1A,5.1.2-6,H,0.8110305958132045,497.0,250.0,1.988,False,sample,3,NO_RELATION,Input validation versus least-privilege permissions between systems.,2,3
5.5-8,5.4.2-4,M,0.6766103059581321,1490.0,200.0,7.45,False,sample,3,NO_RELATION,Key lifecycle management versus model performance monitoring.,3,3
5.5-8,5.5.1-1,M,0.6938808373590982,1490.0,200.0,7.45,False,sample,3,OVERLAP,"Both govern secure handling of sensitive assets across their lifecycle, including disposal; A for critical security parameters, B for training data and models on transfer.",2,3
5.7-1,5.2.4-1,L,0.34585346215781,2981.0,200.0,14.905,False,sample,3,NO_RELATION,Secure boot verification versus design and maintenance audit trail.,3,3
5.3-6B,5.3.1-3,H,0.8780595813204508,497.0,250.0,1.988,False,sample,3,NO_RELATION,Update notification preferences versus incident support for end-users.,3,3
5.4-1,5.2.5-4,L,0.1880434782608696,2981.0,200.0,14.905,False,sample,3,COMPLEMENTARITY,Both limit exposure of sensitive internals but by different means: protected storage versus evaluating outputs for leakage.,2,3
5.5-7,5.1.2-1.1,L,0.3306360708534622,2981.0,200.0,14.905,False,sample,3,NO_RELATION,Confidentiality of parameters in transit versus internal involvement of Data Custodians.,3,3
5.2-3,5.1.3-4,H,0.9154589371980676,497.0,250.0,1.988,True,sample,3,OVERLAP,"Both require continuous monitoring and review for security weaknesses; A is vulnerability-focused with a duty to rectify, B is infrastructure risk review against risk appetite.",3,3
5.5-8,5.2.4-3,,,,,,,pilot,3,NO_RELATION,Key management processes versus audit logging of model configuration.,2,3
5.8-3,5.4.1-1,M,0.5783816425120774,1490.0,200.0,7.45,False,sample,3,NO_RELATION,Documenting sensing capabilities versus patch provision.,3,3
5.1-4,5.1.2-1,L,0.480072463768116,2981.0,200.0,14.905,False,sample,3,NO_RELATION,Credential change mechanism versus pre-build risk assessment.,3,3
5.11-2,5.1.3-1.2,L,0.5095813204508857,2981.0,200.0,14.905,False,sample,3,NO_RELATION,Deletion of personal data from services versus risk from superfluous model capability.,3,3
5.6-3,5.1.4-3,M,0.5650563607085346,1490.0,200.0,7.45,False,sample,3,NO_RELATION,Physical attack surface versus technical measures enabling human oversight.,3,3
5.3-10,5.1.2-7,H,0.7765700483091788,497.0,250.0,1.988,False,sample,3,COMPLEMENTARITY,Verifying update authenticity and vetting the external provider are distinct objectives that together establish trust in what is received.,2,3
5.1-3,5.1.1-2,M,0.715499194847021,1490.0,200.0,7.45,False,sample,3,NO_RELATION,Authentication cryptography versus staff threat awareness.,3,3
5.6-3,5.1.3-1.2,H,0.8523349436392916,497.0,250.0,1.988,False,sample,3,OVERLAP,"Both reduce risk by removing capability that is not needed, A for exposed physical interfaces and B for superfluous model functionality.",2,3
5.6-9,5.2.3-1,,,,,,,pilot,3,OVERLAP,"Both mandate secure processes around how software is built and sourced; A names development practice, B names the supply chain.",3,3
5.5-1,5.1.3-1.1,H,0.871940418679549,497.0,250.0,1.988,False,sample,3,NO_RELATION,Communication cryptography versus threat modelling on configuration change.,3,3
5.3-2,5.1.2-6,M,0.6274154589371981,1490.0,200.0,7.45,False,sample,3,NO_RELATION,Update mechanism versus inter-system permissions.,3,3
5.11-3,5.1.2-4,L,0.1772141706924315,2981.0,200.0,14.905,False,sample,3,NO_RELATION,Data deletion instructions versus external component due diligence.,3,3
5.5-8,5.2.3-2.1,H,0.8370772946859903,497.0,250.0,1.988,False,sample,3,NO_RELATION,Key management versus mitigating controls for poorly documented components.,2,3
5.3-10,5.1.4-4,H,0.7822463768115944,497.0,250.0,1.988,False,sample,3,COMPLEMENTARITY,Runtime verification of update integrity and design-time verification that specified controls were built in address different points in the assurance chain.,2,3
5.9-1,5.1.3-1,M,0.584500805152979,1490.0,200.0,7.45,False,sample,3,NO_RELATION,Outage resilience versus threat analysis and risk management.,2,3
5.6-9,5.1.4-4,H,0.8439613526570048,497.0,250.0,1.988,False,sample,3,OVERLAP,"Both aim at security being correctly built into the delivered software, A through development process and B through verification of specified controls.",2,3
5.2-1,5.2.2-4,,,,,,,pilot,3,EQUIVALENCE,Both require a vulnerability disclosure policy to be published and accessible; the differences are elaboration of the same obligation rather than of scope.,2,3
5.1-3,5.1.2-4,H,0.7868760064412239,497.0,250.0,1.988,False,sample,3,NO_RELATION,Authentication cryptography versus component due diligence.,3,3
5.6-3,5.4.2-1,L,0.5505636070853462,2981.0,200.0,14.905,False,sample,3,NO_RELATION,Physical attack surface versus action logging.,3,3
5.10-1,5.1.4-3,L,0.4450483091787439,2981.0,200.0,14.905,True,sample,3,NO_RELATION,Telemetry anomaly examination versus technical measures for human oversight.,2,3
5.2-2,5.1.3-1.1,H,0.8483091787439612,497.0,250.0,1.988,False,sample,3,NO_RELATION,Timely vulnerability remediation versus threat modelling on configuration change.,2,3
5.6-4A,5.2.2-2,H,0.81658615136876,497.0,250.0,1.988,False,sample,3,OVERLAP,"Both protect an exposed interface through access control against abuse; A covers debug interfaces, B covers externally offered APIs with rate limiting.",2,3
5.0-1,5.2.4-1,,,,,,,pilot,3,OVERLAP,Both require documentation to be recorded and made available so downstream stakeholders can assess the security posture.,2,3
5.3-6B,5.1.3-1.1,M,0.5670692431561997,1490.0,200.0,7.45,False,sample,3,NO_RELATION,Update notification preferences versus threat modelling on configuration change.,3,3
5.3-4B,5.3.1-2,H,0.8217793880837359,497.0,250.0,1.988,False,sample,3,NO_RELATION,Automatic update activation at initialization versus provision of usage guidance.,2,3
5.3-11,5.1.2-6,M,0.643840579710145,1490.0,200.0,7.45,False,sample,4,NO_RELATION,Update notification to the user versus inter-system permission scoping.,3,4
5.3-8,5.1.1-2.1,H,0.8563204508856682,497.0,250.0,1.988,False,sample,4,COMPLEMENTARITY,Prompt remediation and dissemination of threat information to staff are different objectives that together determine how fast an organization actually responds.,2,4
5.1-1,5.2.1-4,M,0.7480676328502416,1490.0,200.0,7.45,False,sample,4,COMPLEMENTARITY,Credential uniqueness and protection of sensitive data are distinct objectives that jointly prevent unauthorized access to what the system holds.,2,4
5.11-3,5.3.1-1,H,0.8122785829307568,497.0,250.0,1.988,False,sample,4,OVERLAP,"Both give the user visibility and control over their personal data, A through deletion instructions and B through disclosure of how data is used and stored.",2,4
5.4-3,5.4.1-1,M,0.6384661835748793,1490.0,200.0,7.45,False,sample,4,NO_RELATION,Prohibition on hard-coded credentials versus patch provision and delivery.,3,4
5.6-1,5.2.3-2,H,0.7929951690821256,497.0,250.0,1.988,False,sample,4,NO_RELATION,Disabling unused interfaces versus justifying undocumented components.,3,4
5.5-2,5.1.3-1,H,0.8721819645732689,497.0,250.0,1.988,False,sample,4,NO_RELATION,Vetted cryptographic implementations versus a general threat-modelling process that applies to every control alike.,2,4
5.11-2,5.1.2-7,L,0.355756843800322,2981.0,200.0,14.905,False,sample,4,NO_RELATION,Deletion of data from associated services versus supplier due diligence.,3,4
5.1-5,5.1.1-2,M,0.6167874396135266,1490.0,200.0,7.45,False,sample,4,NO_RELATION,Brute-force resistance versus staff threat awareness.,3,4
5.2-1,5.5.1-1,M,0.6049919484702093,1490.0,200.0,7.45,False,sample,4,NO_RELATION,Vulnerability disclosure policy versus secure disposal on ownership transfer.,3,4
5.13-1B,5.1.3-1,H,0.8130434782608695,497.0,250.0,1.988,False,sample,4,COMPLEMENTARITY,"B's threat modelling explicitly covers data poisoning, the class of attack A's input validation defends against; the process and the control serve the same risk.",2,4
5.12-2,5.3.1-3,H,0.9601449275362318,497.0,250.0,1.988,False,sample,4,NO_RELATION,Setup guidance versus incident support.,3,4
5.0-1,5.2.1-4.1,H,0.8887681159420289,497.0,250.0,1.988,False,sample,4,NO_RELATION,Recording unmet provisions versus data and input sanitisation.,3,4
5.5-2,5.4.2-3,H,0.8861111111111111,497.0,250.0,1.988,False,sample,4,NO_RELATION,Vetted cryptographic implementations versus monitoring internal model states.,3,4
5.5-5,5.4.2-4,M,0.6559581320450885,1490.0,200.0,7.45,False,sample,4,NO_RELATION,Authenticated configuration change versus performance monitoring.,3,4
5.7-2,5.4.2-1,,,,,,,pilot,4,OVERLAP,"Both create a security-relevant record of what happened to the system, A by alerting on tampering and B by logging actions for investigation.",2,4
5.7-1,5.1.3-1,,,,,,,pilot,4,NO_RELATION,Secure boot versus a generic threat-modelling process not specific to boot integrity.,2,4
5.1-1,5.1.3-1.3,L,0.2323671497584541,2981.0,200.0,14.905,False,sample,4,NO_RELATION,Password uniqueness versus cost-based prioritisation of identified risks.,2,4
5.6-9,5.1.2-4,H,0.9628824476650564,497.0,250.0,1.988,False,sample,4,COMPLEMENTARITY,Securing one's own development process and assessing externally sourced components are distinct duties that together determine the security of the delivered software.,2,4
5.12-3,5.2.1-3,L,0.3215780998389693,2981.0,200.0,14.905,False,sample,4,NO_RELATION,Setup verification guidance versus disaster recovery planning.,3,4
5.3-9,5.2.4-3,M,0.6043478260869566,1490.0,200.0,7.45,False,sample,4,COMPLEMENTARITY,Verifying incoming updates and logging configuration changes are separate objectives that together account for how a deployed system came to be in its current state.,2,4
5.1-3,5.2.3-2,H,0.81682769726248,497.0,250.0,1.988,False,sample,4,NO_RELATION,Authentication cryptography versus component justification.,3,4
5.3-5,5.2.3-4,M,0.6375603864734299,1490.0,200.0,7.45,False,sample,4,COMPLEMENTARITY,Checking for available updates and giving advance notice of updates are different obligations that together keep the user informed and current.,2,4
5.6-7,5.1.2-6,,,,,,,pilot,4,OVERLAP,"Both apply least privilege; A to the privileges software runs with, B to permissions the system holds on other systems, with an added risk assessment.",3,4
5.5-2,5.1.1-1.1,L,0.3203703703703703,2981.0,200.0,14.905,False,sample,4,NO_RELATION,Vetted implementations versus role-tailored security training.,3,4
5.2-1,5.2.4-1,H,0.9143317230273752,497.0,250.0,1.988,False,sample,4,COMPLEMENTARITY,"Both make security documentation available to others, but the disclosure policy and the design audit trail serve different assurance purposes.",2,4
5.3-6A,5.1.2-6,L,0.5147342995169082,2981.0,200.0,14.905,False,sample,4,NO_RELATION,User control over automatic updates versus permission scoping.,3,4
5.4-4,5.1.4-1,L,0.3777375201288245,2981.0,200.0,14.905,False,sample,4,NO_RELATION,Uniqueness of security parameters versus human oversight capability.,3,4
5.3-3,5.2.1-3,L,0.3353864734299517,2981.0,200.0,14.905,False,sample,4,NO_RELATION,Ease of applying updates versus disaster recovery planning.,3,4
5.2-2,5.2.4-1.1,H,0.7718196457326892,497.0,250.0,1.988,False,sample,4,NO_RELATION,Timely vulnerability remediation versus content requirements for system documentation.,3,4
5.12-2,5.4.1-2,H,0.7927133655394525,497.0,250.0,1.988,False,sample,4,NO_RELATION,User setup guidance versus re-testing after major system updates.,2,4
5.3-3,5.2.3-4,H,0.7923107890499195,497.0,250.0,1.988,False,sample,4,COMPLEMENTARITY,Ease of applying an update and advance notice that one is coming are different obligations that together govern the user's experience of updating.,2,4
5.5-1,5.3.1-1,M,0.7220611916264089,1490.0,200.0,7.45,False,sample,4,NO_RELATION,Communication cryptography versus disclosure of data handling.,3,4
5.3-4A,5.2.5-2.1,L,0.3426731078904991,2981.0,200.0,14.905,False,sample,4,NO_RELATION,Automatable update mechanism versus independent security testing.,3,4
5.1-5,5.1.3-1,M,0.6804750402576489,1490.0,200.0,7.45,False,sample,4,NO_RELATION,Brute-force resistance versus a generic threat-modelling process.,2,4
5.5-2,5.2.1-4.1,M,0.6739533011272141,1490.0,200.0,7.45,False,sample,4,NO_RELATION,Vetted cryptographic implementations versus data and input sanitisation.,2,4
5.3-14,5.1.2-1.1,L,0.5467793880837359,2981.0,200.0,14.905,False,sample,4,NO_RELATION,Publishing replacement support versus internal involvement of Data Custodians.,3,4
5.12-1,5.3.1-3,H,0.7925925925925925,497.0,250.0,1.988,False,sample,4,NO_RELATION,Installation usability versus incident support.,3,4
5.3-4B,5.3.1-2.1,M,0.6679951690821256,1490.0,200.0,7.45,False,sample,4,NO_RELATION,Automatic update activation versus guidance on model limitations.,3,4
5.4-4,5.2.2-2,H,0.8013687600644122,497.0,250.0,1.988,False,sample,4,OVERLAP,"Both frustrate attacks that scale automatically: A by making parameters unique per device, B by rate-limiting API access to slow reverse engineering and poisoning.",2,4
5.12-2,5.3.1-2.1,H,0.7823268921095008,497.0,250.0,1.988,True,sample,5,OVERLAP,"Both require guidance to be supplied so the product is used safely; A covers secure setup, B covers appropriate use, limitations and failure modes.",3,5
5.3-12,5.2.1-3,L,0.2692431561996779,2981.0,200.0,14.905,False,sample,5,NO_RELATION,Notification of disruptive updates versus disaster recovery planning.,3,5
5.11-1,5.2.3-4,M,0.7232286634460547,1490.0,200.0,7.45,False,sample,5,NO_RELATION,Data erasure functionality versus advance notice of model updates.,3,5
5.6-9,5.4.1-3,H,0.8577294685990339,497.0,250.0,1.988,False,sample,5,NO_RELATION,Secure development process versus supporting operators through model version changes.,2,5
5.1-2A,5.3.1-3,L,0.2578502415458937,2981.0,200.0,14.905,False,sample,5,NO_RELATION,Machine-to-machine authentication method versus incident support.,3,5
5.5-1,5.2.4-3,M,0.6203703703703703,1490.0,200.0,7.45,False,sample,5,NO_RELATION,Communication cryptography versus audit logging of model configuration.,3,5
5.3-14,5.1.3-4,M,0.6891304347826088,1490.0,200.0,7.45,False,sample,5,NO_RELATION,Publishing replacement support versus continuous infrastructure risk review.,3,5
5.6-6,5.1.2-2,L,0.2229066022544283,2981.0,200.0,14.905,False,sample,5,COMPLEMENTARITY,Minimising code and designing for resilience are different objectives that together determine how much can go wrong and how well the system copes when it does.,2,5
5.12-2,5.2.3-1,H,0.7946457326892109,497.0,250.0,1.988,False,sample,5,NO_RELATION,User setup guidance versus supply chain process.,3,5
5.7-1,5.1.4-4,M,0.6611111111111112,1490.0,200.0,7.45,False,sample,5,COMPLEMENTARITY,Runtime attestation of software and build-time verification that specified controls are present address the same assurance goal at different stages.,2,5
5.12-2,5.2.3-2.2,M,0.7470209339774557,1490.0,200.0,7.45,False,sample,5,OVERLAP,Both oblige the supplier to put accessible documentation into the hands of end-users.,2,5
5.6-2,5.5.1-1,H,0.7961352657004831,497.0,250.0,1.988,False,sample,5,NO_RELATION,Limiting disclosure at initialization versus asset disposal on transfer.,3,5
5.12-1,5.4.1-1,M,0.682206119162641,1490.0,200.0,7.45,False,sample,5,NO_RELATION,Installation usability versus patch provision and delivery.,2,5
5.6-1,5.2.2-1,M,0.5944041867954912,1490.0,200.0,7.45,True,sample,5,OVERLAP,"Both control which interfaces are reachable, A by disabling unused ones and B by evaluating access-control measures over APIs and pipelines.",2,5
5.4-1,5.2.5-4.1,L,0.1665861513687601,2981.0,200.0,14.905,False,sample,5,NO_RELATION,Secure storage of parameters versus evaluating outputs for unintended influence.,3,5
5.2-2,5.2.5-4.1,L,0.547866344605475,2981.0,200.0,14.905,False,sample,5,NO_RELATION,Timely vulnerability remediation versus output evaluation.,3,5
5.3-10,5.2.4-1.2,,,,,,,pilot,5,OVERLAP,"Both establish cryptographic authenticity for distributed artefacts, A as the receiver's duty to verify and B as the producer's duty to publish hashes.",2,5
5.1-2,5.2.2-2,H,0.8373993558776167,497.0,250.0,1.988,False,sample,5,OVERLAP,"Both frustrate attacks that scale across many targets, A through per-device credential generation and B through API rate limiting.",2,5
5.2-3,5.4.2-4,H,0.9084541062801932,497.0,250.0,1.988,False,sample,5,OVERLAP,"Both require continuous observation of a fielded system to catch security-relevant change, A as vulnerability monitoring and B as behavioural monitoring.",3,5
5.8-2,5.3.1-2.2,M,0.6187600644122384,1490.0,200.0,7.45,False,sample,5,NO_RELATION,Cryptographic confidentiality versus update notification.,3,5
5.2-3,5.1.3-2,H,0.8680756843800321,497.0,250.0,1.988,False,sample,5,COMPLEMENTARITY,Finding and fixing vulnerabilities and communicating those that cannot be fixed are distinct duties within one vulnerability management posture.,2,5
5.6-9,5.4.1-1,H,0.867914653784219,497.0,250.0,1.988,False,sample,5,NO_RELATION,Development process versus patch provision.,2,5
5.12-3,5.1.2-1.1,L,0.4822463768115942,2981.0,200.0,14.905,False,sample,5,NO_RELATION,Setup verification guidance versus internal involvement of Data Custodians.,3,5
5.5-3,5.2.4-2,,,,,,,pilot,5,NO_RELATION,Cryptographic agility versus training data provenance documentation.,3,5
5.13-1B,5.2.3-2.1,M,0.7031400966183574,1490.0,200.0,7.45,False,sample,5,NO_RELATION,Input validation versus mitigating controls for poorly documented components.,2,5
5.12-2,5.2.2-4,M,0.6931561996779388,1490.0,200.0,7.45,False,sample,5,NO_RELATION,Setup guidance versus vulnerability disclosure policy.,3,5
5.4-1,5.2.1-4,,,,,,,pilot,5,OVERLAP,"Both require sensitive data at rest to be protected from unauthorized access; A names security parameters on the device, B names training and test data.",3,5
5.1-5,5.1.2-5,L,0.4117954911433172,2981.0,200.0,14.905,False,sample,5,NO_RELATION,Brute-force resistance versus matching intended usage to data sensitivity.,3,5
5.2-2,5.4.1-1,H,0.8934782608695653,497.0,250.0,1.988,False,sample,5,OVERLAP,"Both govern getting a fix to the affected party, A through timeliness of action and B through provision and delivery of the patch.",2,5
5.6-9,5.2.4-1,H,0.7900161030595813,497.0,250.0,1.988,False,sample,5,OVERLAP,"Both require development to be traceable, A naming version control as part of secure process and B naming a maintained audit trail of design.",2,5
5.0-1,5.2.2-4,M,0.7504830917874397,1490.0,200.0,7.45,False,sample,5,NO_RELATION,Recording unmet provisions versus publishing a disclosure policy.,2,5
5.8-3,5.1.3-2,M,0.7392914653784219,1490.0,200.0,7.45,False,sample,5,COMPLEMENTARITY,Disclosing sensing capabilities and escalating unresolved threats are different transparency duties that together let a user judge their exposure.,2,5
5.10-1,5.1.4-1,L,0.3980676328502415,2981.0,200.0,14.905,False,sample,5,NO_RELATION,Telemetry anomaly examination versus human oversight capability.,2,5
5.6-9,5.3.1-3,H,0.9175523349436392,497.0,250.0,1.988,False,sample,5,NO_RELATION,Secure development process versus incident support.,3,5
5.4-4,5.2.4-3,M,0.6254428341384863,1490.0,200.0,7.45,False,sample,5,NO_RELATION,Parameter uniqueness versus configuration audit logging.,3,5
5.6-5,5.2.1-2,M,0.6064412238325281,1490.0,200.0,7.45,False,sample,5,NO_RELATION,Enabling only required services versus asset tracking and version control.,2,5
5.3-5,5.2.1-2,L,0.4946457326892109,2981.0,200.0,14.905,False,sample,5,NO_RELATION,Checking for available updates versus asset tracking.,2,5
5.0-1,5.2.4-2.1,H,0.7866747181964574,497.0,250.0,1.988,False,sample,5,COMPLEMENTARITY,"Both mandate structured records kept for later scrutiny, but for different purposes: unmet provisions for assurance assessors, data provenance for tracing poisoning.",2,5
5.9-3,5.2.3-3,L,0.1838969404186795,2981.0,200.0,14.905,False,sample,5,NO_RELATION,Orderly network connection behaviour versus re-running model evaluations.,3,5
5.3-16,5.1.2-1,L,0.467512077294686,2981.0,200.0,14.905,False,sample,5,NO_RELATION,Device model labelling versus pre-build requirements assessment.,3,5
5.6-5,5.2.4-3,L,0.4803140096618358,2981.0,200.0,14.905,False,sample,6,NO_RELATION,Enabling only required services versus audit logging of model configuration.,3,6
5.12-3,5.3.1-2,,,,,,,pilot,6,OVERLAP,Both oblige the supplier to give users guidance for keeping the product correctly configured and maintained.,3,6
5.3-15B,5.2.5-2,L,0.2790257648953301,2981.0,200.0,14.905,False,sample,6,NO_RELATION,Hardware replaceability versus pre-deployment testing.,3,6
5.5-1,5.1.3-4,H,0.8700080515297905,497.0,250.0,1.988,False,sample,6,NO_RELATION,Communication cryptography versus continuous infrastructure risk review.,3,6
5.1-1,5.4.1-1,L,0.5519323671497585,2981.0,200.0,14.905,False,sample,6,NO_RELATION,Password uniqueness versus patch provision.,3,6
5.3-2,5.4.1-2,,,,,,,pilot,6,COMPLEMENTARITY,Having a secure update mechanism and re-testing the system after a major update are different obligations that jointly keep updating from introducing risk.,2,6
5.3-8,5.1.3-3,M,0.7246376811594202,1490.0,200.0,7.45,False,sample,6,NO_RELATION,Update timeliness versus assurance over external parties holding risk.,2,6
5.5-4,5.2.2-1,,,,,,,pilot,6,OVERLAP,"Both gate access to system functionality behind access control, A by requiring authentication on network interfaces and B by evaluating access-control frameworks over APIs and pipelines.",3,6
5.2-3,5.2.5-1,H,0.9104669887278584,497.0,250.0,1.988,False,sample,6,COMPLEMENTARITY,Pre-release security assessment and post-release vulnerability monitoring cover different stages of one vulnerability-reduction posture.,2,6
5.4-3,5.2.2-6,L,0.4842190016103059,2981.0,200.0,14.905,False,sample,6,NO_RELATION,Prohibition on hard-coded credentials versus cloud contractual flow-down.,3,6
5.11-4,5.3.1-2.2,H,0.8553945249597424,497.0,250.0,1.988,True,sample,6,NO_RELATION,Confirmation of data deletion versus notification of security updates.,2,6
5.6-2,5.1.1-2.1,L,0.457367149758454,2981.0,200.0,14.905,False,sample,6,NO_RELATION,Limiting information disclosure at initialization versus internal dissemination of threat updates.,3,6
5.8-2,5.2.1-4,,,,,,,pilot,6,OVERLAP,"Both require sensitive data to be protected from unauthorized access; A specifies cryptography in transit, B covers training and test data generally.",3,6
5.12-2,5.4.1-1,H,0.9092995169082124,497.0,250.0,1.988,False,sample,6,NO_RELATION,Setup guidance versus patch provision and delivery.,2,6
5.3-4B,5.1.3-3,M,0.654951690821256,1490.0,200.0,7.45,False,sample,6,NO_RELATION,Automatic update activation versus assurance over external risk owners.,3,6
5.3-6B,5.1.4-5,M,0.7177133655394525,1490.0,200.0,7.45,False,sample,6,NO_RELATION,Update notification preferences versus awareness of prohibited use cases.,2,6
5.4-2,5.3.1-2,L,0.5275764895330112,2981.0,200.0,14.905,False,sample,6,NO_RELATION,Tamper-resistant device identity versus user guidance.,3,6
5.13-1B,5.2.1-4.1,,,,,,,pilot,6,OVERLAP,Both require untrusted input to be checked and sanitised before it can affect the system.,3,6
5.10-1,5.2.2-3,L,0.4642109500805153,2981.0,200.0,14.905,False,sample,6,NO_RELATION,Telemetry anomaly examination versus development environment separation.,3,6
5.3-3,5.3.1-2,,,,,,,pilot,6,COMPLEMENTARITY,Ease of applying updates and provision of management guidance are different obligations that together make the product manageable by its user.,2,6
5.11-4,5.1.4-5,,,,,,,pilot,6,NO_RELATION,Deletion confirmation versus prohibited use case awareness.,3,6
5.3-4A,5.4.2-1,L,0.3884863123993559,2981.0,200.0,14.905,False,sample,6,NO_RELATION,Automatable update mechanism versus action logging.,3,6
5.3-11,5.1.3-1.1,H,0.8022544283413848,497.0,250.0,1.988,False,sample,6,NO_RELATION,Informing the user an update is due versus threat modelling on configuration change.,2,6
5.8-3,5.2.3-2.2,H,0.9569243156199676,497.0,250.0,1.988,False,sample,6,OVERLAP,Both require documentation to be made available to end-users in an accessible form.,2,6
5.6-3,5.2.1-4.1,M,0.7372383252818036,1490.0,200.0,7.45,False,sample,6,NO_RELATION,Physical attack surface versus data and input sanitisation.,3,6
5.4-4,5.1.2-3,H,0.8267713365539453,497.0,250.0,1.988,False,sample,6,NO_RELATION,Parameter uniqueness versus lifecycle audit trail.,3,6
5.5-3,5.1.4-3,L,0.1180354267310788,2981.0,200.0,14.905,False,sample,6,NO_RELATION,Cryptographic agility versus technical measures for human oversight.,3,6
5.3-5,5.4.1-1,,,,,,,pilot,6,OVERLAP,"Both serve getting available updates to the deployed system, A as the client-side check and B as the supplier-side provision and delivery.",2,6
5.5-8,5.1.3-3,H,0.8320048309178745,497.0,250.0,1.988,False,sample,6,NO_RELATION,Key lifecycle management versus assurance over external parties.,3,6
5.2-2,5.1.4-1,L,0.3826489533011272,2981.0,200.0,14.905,False,sample,6,NO_RELATION,Timely vulnerability remediation versus human oversight capability.,3,6
5.1-2A,5.3.1-2.2,L,0.1621980676328502,2981.0,200.0,14.905,False,sample,6,NO_RELATION,Machine-to-machine authentication method versus update notification.,3,6
5.4-4,5.2.2-6,M,0.6483091787439614,1490.0,200.0,7.45,False,sample,6,NO_RELATION,Parameter uniqueness versus cloud contractual flow-down.,3,6
5.5-8,5.2.1-3.1,L,0.3001610305958131,2981.0,200.0,14.905,False,sample,6,NO_RELATION,Key lifecycle management versus restoration of a known good state.,2,6
5.3-7,5.1.2-5,L,0.3947665056360708,2981.0,200.0,14.905,False,sample,6,NO_RELATION,Update cryptography versus matching usage to data sensitivity.,3,6
5.4-4,5.1.1-1,H,0.7770128824476651,497.0,250.0,1.988,False,sample,6,NO_RELATION,Parameter uniqueness versus security training programme.,3,6
5.5-7,5.1.1-1,L,0.364573268921095,2981.0,200.0,14.905,False,sample,6,NO_RELATION,Confidentiality of parameters in transit versus security training programme.,3,6
5.3-7,5.1.1-1,M,0.5896940418679549,1490.0,200.0,7.45,False,sample,6,NO_RELATION,Update cryptography versus security training programme.,3,6
5.12-1,5.1.4-1,,,,,,,pilot,6,NO_RELATION,Installation usability versus human oversight capability.,3,6
5.11-4,5.2.5-2.1,L,0.1639291465378421,2981.0,200.0,14.905,False,sample,6,NO_RELATION,Deletion confirmation versus independent security testing.,3,6
5.3-6B,5.1.4-1,M,0.6861916264090177,1490.0,200.0,7.45,False,sample,6,NO_RELATION,User control over update notifications versus human oversight of AI behaviour; the shared theme of human control is too abstract to name a common control.,2,6
5.3-8,5.1.3-1,H,0.8408212560386474,497.0,250.0,1.988,False,sample,7,NO_RELATION,Update timeliness versus a generic threat-modelling process.,2,7
5.13-1A,5.4.2-3,M,0.5952495974235106,1490.0,200.0,7.45,False,sample,7,NO_RELATION,Input validation versus monitoring internal model states.,3,7
5.11-2,5.5.1-2,H,0.7735104669887278,497.0,250.0,1.988,True,sample,7,OVERLAP,"Both require data to be securely deleted from back-end services, A on user request and B on decommissioning.",3,7
5.3-12,5.2.4-3,M,0.631159420289855,1490.0,200.0,7.45,False,sample,7,NO_RELATION,Disruption notification versus configuration audit logging.,3,7
5.1-4,5.1.2-6,M,0.6562801932367149,1490.0,200.0,7.45,False,sample,7,NO_RELATION,Credential change mechanism versus inter-system permission scoping.,2,7
5.0-1,5.1.2-3,H,0.8518115942028986,497.0,250.0,1.988,False,sample,7,OVERLAP,"Both require a structured, retainable record of how the system was built and where it departs from expectations, kept for audit.",2,7
5.3-16,5.1.4-2,,,,,,,pilot,7,NO_RELATION,Device model labelling versus output interpretability.,3,7
5.7-2,5.2.1-4,H,0.8160225442834138,497.0,250.0,1.988,False,sample,7,COMPLEMENTARITY,Preventing unauthorized access and detecting unauthorized change are different objectives that together address the same compromise.,2,7
5.2-1,5.2.4-2,H,0.7952898550724637,497.0,250.0,1.988,False,sample,7,NO_RELATION,Vulnerability disclosure policy versus training data provenance.,3,7
5.3-13,5.2.3-4,H,0.935547504025765,497.0,250.0,1.988,False,sample,7,COMPLEMENTARITY,Publishing the support period and giving notice before model updates are different disclosures that together let a user anticipate change.,2,7
5.3-2,5.1.2-2,L,0.4710144927536231,2981.0,200.0,14.905,False,sample,7,NO_RELATION,Update mechanism versus resilience to adversarial attack.,2,7
5.6-5,5.2.3-2,H,0.882890499194847,497.0,250.0,1.988,False,sample,7,NO_RELATION,Enabling only required services versus component justification.,3,7
5.1-3,5.2.1-2,H,0.8861513687600645,497.0,250.0,1.988,False,sample,7,NO_RELATION,Authentication cryptography versus asset tracking and version control.,2,7
5.6-3,5.1.3-1.3,L,0.2545088566827697,2981.0,200.0,14.905,False,sample,7,NO_RELATION,Physical attack surface versus cost-based prioritisation of controls.,2,7
5.12-3,5.1.2-7,M,0.7079307568438002,1490.0,200.0,7.45,False,sample,7,NO_RELATION,Setup verification guidance versus supplier due diligence.,3,7
5.3-10,5.2.4-1,M,0.6641304347826087,1490.0,200.0,7.45,False,sample,7,NO_RELATION,Update integrity verification versus design and maintenance documentation.,2,7
5.2-1,5.3.1-2,M,0.7546296296296295,1490.0,200.0,7.45,False,sample,7,NO_RELATION,Vulnerability disclosure policy versus usage guidance.,2,7
5.6-5,5.2.2-6,M,0.6882850241545895,1490.0,200.0,7.45,False,sample,7,NO_RELATION,Enabling only required services versus cloud contractual flow-down.,3,7
5.3-12,5.4.1-1.1,L,0.524194847020934,2981.0,200.0,14.905,False,sample,7,NO_RELATION,Disruption notification versus contingency planning where updates are impossible.,2,7
5.2-3,5.4.2-2,H,0.8020531400966183,497.0,250.0,1.988,True,sample,7,OVERLAP,Both require continuous analysis of operational evidence to find security problems in a fielded system.,3,7
5.3-6B,5.4.1-2,H,0.8367954911433172,497.0,250.0,1.988,False,sample,7,NO_RELATION,Update notification preferences versus re-testing after major updates.,3,7
5.0-1,5.1.2-4,H,0.7995571658615137,497.0,250.0,1.988,False,sample,7,NO_RELATION,Recording unmet provisions versus external component risk assessment.,2,7
5.2-1,5.1.2-3,H,0.8238325281803544,497.0,250.0,1.988,True,sample,7,NO_RELATION,Vulnerability disclosure policy versus lifecycle audit trail.,2,7
5.3-13,5.2.3-2.1,M,0.6155193236714975,1490.0,200.0,7.45,False,sample,7,NO_RELATION,Support period publication versus mitigating controls for undocumented components.,3,7
5.5-8,5.3.1-2,H,0.7990338164251207,497.0,250.0,1.988,False,sample,7,NO_RELATION,Key lifecycle management versus user guidance.,3,7
5.6-3,5.2.2-2,H,0.820330112721417,497.0,250.0,1.988,False,sample,7,OVERLAP,"Both limit how much of the system an outsider can reach and abuse, A through physical interfaces and B through API access controls.",2,7
5.6-7,5.1.3-1.3,L,0.4106682769726248,2981.0,200.0,14.905,False,sample,7,NO_RELATION,Least privilege versus cost-based prioritisation of identified risks.,2,7
5.3-6A,5.2.3-3,L,0.2249597423510467,2981.0,200.0,14.905,False,sample,7,NO_RELATION,User control over automatic updates versus re-running model evaluations.,3,7
5.5-4,5.2.3-3,L,0.1512882447665056,2981.0,200.0,14.905,False,sample,7,NO_RELATION,Authenticated network access versus re-running model evaluations.,3,7
5.11-4,5.1.2-2,L,0.2313204508856682,2981.0,200.0,14.905,False,sample,7,NO_RELATION,Deletion confirmation versus adversarial resilience.,3,7
5.11-2,5.1.1-2.2,L,0.2908212560386473,2981.0,200.0,14.905,False,sample,7,NO_RELATION,Data deletion functionality versus secure coding training.,3,7
5.2-2,5.1.2-1,M,0.7374194847020934,1490.0,200.0,7.45,False,sample,7,NO_RELATION,Timely vulnerability remediation versus pre-build assessment.,3,7
5.2-1,5.4.2-4,L,0.4443639291465378,2981.0,200.0,14.905,False,sample,7,NO_RELATION,Vulnerability disclosure policy versus performance monitoring.,3,7
5.2-1,5.2.2-5,M,0.558011272141707,1490.0,200.0,7.45,True,sample,7,COMPLEMENTARITY,An external reporting channel and an internal incident response plan are distinct obligations that together determine how a reported issue is handled.,2,7
5.6-6,5.2.3-2,L,0.2322463768115941,2981.0,200.0,14.905,False,sample,7,NO_RELATION,Code minimisation versus component justification.,3,7
5.5-1,5.2.4-1.1,H,0.8030193236714975,497.0,250.0,1.988,False,sample,7,NO_RELATION,Communication cryptography versus documentation content.,3,7
5.5-2,5.3.1-3,H,0.8530193236714976,497.0,250.0,1.988,False,sample,7,NO_RELATION,Vetted implementations versus incident support.,3,7
5.5-5,5.2.2-6,H,0.7947665056360709,497.0,250.0,1.988,False,sample,7,NO_RELATION,Authenticated configuration change versus cloud contractual flow-down.,3,7
5.6-4B,5.3.1-2,L,0.221658615136876,2981.0,200.0,14.905,False,sample,7,NO_RELATION,Debug port protection versus user guidance.,3,7
5.5-2,5.3.1-1,H,0.8311191626409018,497.0,250.0,1.988,False,sample,7,NO_RELATION,Vetted implementations versus disclosure of data handling.,3,7
5.3-4B,5.2.2-2,M,0.6546296296296296,1490.0,200.0,7.45,False,sample,8,NO_RELATION,Automatic update activation on the device versus rate limiting on an externally exposed model API.,3,8
5.2-3,5.2.2-5,M,0.663888888888889,1490.0,200.0,7.45,False,sample,8,COMPLEMENTARITY,Vulnerability monitoring and incident/recovery planning are separate processes that jointly make up post-market security response.,2,8
5.6-3,5.2.2-1,,,,,,,pilot,8,NO_RELATION,Physical interface exposure on a device versus an organizational review of access control frameworks for AI assets; B never names hardware interfaces.,2,8
5.1-3,5.1.3-1.2,M,0.6539855072463767,1490.0,200.0,7.45,False,sample,8,NO_RELATION,Cryptographic strength of authentication versus the risk of models carrying unused functionality.,3,8
5.11-1,5.3.1-1,H,0.8681561996779388,497.0,250.0,1.988,False,sample,8,COMPLEMENTARITY,Erasure capability and disclosure of how data is used are different obligations that together form user control over personal data.,2,8
5.4-4,5.2.1-4.2,,,,,,,pilot,8,COMPLEMENTARITY,"Per-device uniqueness of security parameters and proportionate protection of model weights both serve protection of confidential assets, from different ends.",2,8
5.0-1,5.2.1-3,M,0.5927133655394525,1490.0,200.0,7.45,False,sample,8,NO_RELATION,Recording justifications for non-applicable provisions versus tailoring disaster recovery to AI-specific attacks.,3,8
5.6-8,5.2.2-4,L,0.4194444444444444,2981.0,200.0,14.905,False,sample,8,NO_RELATION,Hardware memory access control versus publishing a vulnerability disclosure policy.,3,8
5.11-4,5.5.1-2,H,0.803462157809984,497.0,250.0,1.988,False,sample,8,OVERLAP,"Both require secure deletion of data; A adds user confirmation, B adds the decommissioning trigger and configuration details.",3,8
5.3-4B,5.4.1-2,H,0.9202093397745572,497.0,250.0,1.988,False,sample,8,OVERLAP,"Both govern how updates are handled securely; A mandates the automatic mechanism, B mandates re-testing after a major update.",2,8
5.12-3,5.1.2-4,H,0.8142512077294686,497.0,250.0,1.988,False,sample,8,NO_RELATION,User guidance on verifying secure setup versus due diligence on external AI components.,3,8
5.11-3,5.3.1-2,,,,,,,pilot,8,OVERLAP,"Both require accessible user-facing guidance; A is confined to data deletion, B to system use and configuration.",2,8
5.5-6,5.2.1-4.2,,,,,,,pilot,8,COMPLEMENTARITY,Encryption of security parameters in transit and proportionate protection of confidential training assets protect different material under one confidentiality control.,2,8
5.6-4A,5.1.2-3,M,0.6003220611916265,1490.0,200.0,7.45,False,sample,8,NO_RELATION,Disabling debug interfaces versus maintaining an audit trail for models and datasets.,3,8
5.3-8,5.2.3-2,M,0.6853864734299517,1490.0,200.0,7.45,False,sample,8,NO_RELATION,Timeliness of security updates versus justifying the use of poorly documented model components.,3,8
5.7-2,5.2.1-4.1,H,0.8039452495974236,497.0,250.0,1.988,False,sample,8,NO_RELATION,Detecting unauthorized change to device software versus sanitising training data and inputs; different integrity problems with no single control joining them.,2,8
5.9-3,5.1.3-1.1,L,0.407487922705314,2981.0,200.0,14.905,False,sample,8,NO_RELATION,Orderly network reconnection versus threat modelling on configuration change; the process text does not name network behaviour.,3,8
5.5-8,5.1.4-3,M,0.7323268921095009,1490.0,200.0,7.45,False,sample,8,NO_RELATION,Lifecycle management of critical security parameters versus technical measures supporting human oversight.,3,8
5.3-8,5.2.4-2.1,L,0.356682769726248,2981.0,200.0,14.905,False,sample,8,NO_RELATION,Update timeliness versus recording the provenance of scraped training data.,3,8
5.12-2,5.2.1-4,H,0.7848631239935587,497.0,250.0,1.988,False,sample,8,NO_RELATION,Setup guidance for consumers versus access protection for training and test data.,3,8
5.3-14,5.2.3-4,H,0.9434581320450884,497.0,250.0,1.988,False,sample,8,OVERLAP,"Both require accessible advance communication about update status; A covers absence of updates and replacement support, B covers planned model updates.",2,8
5.4-4,5.1.3-1.1,H,0.9271336553945247,497.0,250.0,1.988,False,sample,8,NO_RELATION,Uniqueness of device security parameters versus threat modelling triggered by configuration change.,3,8
5.6-9,5.1.3-1.1,H,0.8154991948470208,497.0,250.0,1.988,False,sample,8,COMPLEMENTARITY,Secure development process and lifecycle threat modelling are distinct processes that jointly constitute a secure development lifecycle.,2,8
5.9-2,5.2.3-1,L,0.1816022544283413,2981.0,200.0,14.905,False,sample,8,NO_RELATION,Local operation during network loss versus secure software supply chain processes.,3,8
5.6-9,5.1.1-2.2,,,,,,,pilot,8,COMPLEMENTARITY,"A mandates the secure development process, B the developer competence it depends on; together they form one secure development programme.",3,8
5.3-9,5.1.2-6,L,0.4104669887278583,2981.0,200.0,14.905,False,sample,8,NO_RELATION,Verifying update authenticity versus limiting the permissions an AI system holds on connected systems.,3,8
5.1-4,5.2.3-2.2,M,0.6521336553945251,1490.0,200.0,7.45,False,sample,8,NO_RELATION,Changing an authentication value versus sharing documentation with End-users.,3,8
5.11-3,5.2.1-2,L,0.5222222222222223,2981.0,200.0,14.905,False,sample,8,NO_RELATION,Deletion instructions for consumers versus asset tracking and version control for AI artefacts.,3,8
5.1-2A,5.2.2-3,L,0.361231884057971,2981.0,200.0,14.905,False,sample,8,NO_RELATION,Password use in machine-to-machine authentication versus separation of development and tuning environments.,3,8
5.5-8,5.3.1-3,H,0.8736714975845411,497.0,250.0,1.988,False,sample,8,NO_RELATION,Management of critical security parameters versus supporting End-users through an incident.,3,8
5.2-2,5.2.4-2,L,0.5444041867954911,2981.0,200.0,14.905,False,sample,8,NO_RELATION,Acting on disclosed vulnerabilities versus documenting the provenance of public training data.,3,8
5.6-9,5.2.3-2,H,0.8958534621578099,497.0,250.0,1.988,False,sample,8,NO_RELATION,Secure development of the manufacturer's own software versus justifying reliance on third-party components.,2,8
5.4-4,5.3.1-2,M,0.7086553945249597,1490.0,200.0,7.45,False,sample,8,NO_RELATION,Uniqueness of security parameters versus user guidance on system configuration.,3,8
5.1-4,5.1.2-5,L,0.4484299516908213,2981.0,200.0,14.905,False,sample,8,NO_RELATION,Changing an authentication value versus matching intended system usage to data sensitivity.,3,8
5.9-1,5.1.4-5,L,0.4171900161030596,2981.0,200.0,14.905,False,sample,8,NO_RELATION,Resilience to power and network outages versus informing users of prohibited use cases.,3,8
5.2-2,5.1.3-2,H,0.8326489533011273,497.0,250.0,1.988,False,sample,8,COMPLEMENTARITY,Remediating disclosed vulnerabilities and communicating unresolved threats downstream are the two halves of coordinated vulnerability handling.,3,8
5.6-5,5.3.1-2.2,L,0.5015901771336555,2981.0,200.0,14.905,False,sample,8,NO_RELATION,Disabling unnecessary software services versus notifying users of security-relevant updates.,3,8
5.6-6,5.2.4-2,L,0.0936795491143317,2981.0,200.0,14.905,False,sample,8,NO_RELATION,Code minimization versus documenting the origin of public training data.,3,8
5.3-6A,5.1.4-5,L,0.3498389694041868,2981.0,200.0,14.905,False,sample,8,NO_RELATION,User control over automatic updates versus awareness of prohibited use cases.,3,8
5.8-1,5.1.2-4,M,0.7301127214170693,1490.0,200.0,7.45,False,sample,8,NO_RELATION,Encryption of personal data in transit versus risk assessment of external AI components.,3,8
5.9-3,5.1.1-1,,,,,,,pilot,9,NO_RELATION,Orderly network reconnection versus the AI content of a staff security training programme.,3,9
5.1-4,5.2.4-2,L,0.4297906602254429,2981.0,200.0,14.905,False,sample,9,NO_RELATION,Changing an authentication value versus documenting the provenance of public training data.,3,9
5.12-2,5.1.1-2,H,0.7936392914653785,497.0,250.0,1.988,False,sample,9,NO_RELATION,Guidance aimed at consumers versus threat awareness maintained by an organization's own staff.,3,9
5.3-12,5.3.1-2.2,,,,,,,pilot,9,OVERLAP,"Both require users to be told about updates; A covers disruption to functionality, B covers security relevance and explanation.",3,9
5.6-2,5.2.2-2,,,,,,,pilot,9,OVERLAP,"Both restrict what an attacker can extract through an exposed interface, A by limiting disclosure, B by limiting access rate.",2,9
5.5-6,5.2.4-3,L,0.3140499194847021,2981.0,200.0,14.905,False,sample,9,NO_RELATION,Encryption of security parameters in transit versus an audit log of prompt and configuration changes.,3,9
5.12-2,5.2.4-3,H,0.8674718196457327,497.0,250.0,1.988,False,sample,9,NO_RELATION,Consumer setup guidance versus logging changes to model configuration.,3,9
5.3-14,5.2.1-4.1,H,0.8037842190016103,497.0,250.0,1.988,False,sample,9,NO_RELATION,Publishing the rationale for absent updates versus sanitising data and inputs at design time.,3,9
5.1-2,5.1.2-2,M,0.7287439613526571,1490.0,200.0,7.45,False,sample,9,NO_RELATION,Password generation resistant to automated attack versus general robustness to adversarial AI attacks; B does not name credentials.,2,9
5.1-5,5.2.2-2,,,,,,,pilot,9,OVERLAP,"Both make automated attack through an exposed interface impracticable, A against brute-forced authentication, B against model access rate.",3,9
5.5-5,5.2.2-1,L,0.5577697262479872,2981.0,200.0,14.905,True,sample,9,OVERLAP,"Both require access control over security-relevant surfaces, A on device configuration interfaces, B on APIs, models and pipelines.",2,9
5.12-2,5.1.3-1.2,M,0.687157809983897,1490.0,200.0,7.45,False,sample,9,NO_RELATION,Secure setup guidance versus the risk carried by unused model capabilities.,3,9
5.6-6,5.1.3-1.2,,,,,,,pilot,9,OVERLAP,"Both cut attack surface by removing unnecessary capability; A mandates minimizing code, B mandates managing the risk of superfluous model functionality.",3,9
5.3-15B,5.2.2-1,L,0.1549114331723027,2981.0,200.0,14.905,False,sample,9,NO_RELATION,Hardware replaceability versus evaluation of access control frameworks.,3,9
5.5-8,5.1.1-1,M,0.7497181964573268,1490.0,200.0,7.45,False,sample,9,NO_RELATION,Lifecycle management of security parameters versus AI content in a training programme.,3,9
5.8-3,5.2.4-1.2,M,0.6246376811594203,1490.0,200.0,7.45,False,sample,9,NO_RELATION,Documenting sensing capabilities versus publishing hashes of model components.,3,9
5.2-3,5.1.2-4,H,0.859500805152979,497.0,250.0,1.988,False,sample,9,COMPLEMENTARITY,Vulnerability management of one's own product and due diligence on external components are the two halves of product security assurance across the supply chain.,2,9
5.6-5,5.3.1-2.1,H,0.7754428341384864,497.0,250.0,1.988,False,sample,9,NO_RELATION,Disabling unnecessary services versus guidance on appropriate use and failure modes.,3,9
5.13-1A,5.2.4-2,M,0.6209339774557165,1490.0,200.0,7.45,False,sample,9,NO_RELATION,Runtime validation of user interface input versus documentation that allows poisoned training data to be traced after the fact.,2,9
5.3-5,5.2.2-1,L,0.3242351046698873,2981.0,200.0,14.905,False,sample,9,NO_RELATION,Checking for available updates versus evaluation of access control frameworks.,3,9
5.5-2,5.2.2-3,M,0.6896135265700483,1490.0,200.0,7.45,False,sample,9,NO_RELATION,Use of reviewed cryptographic implementations versus separated development and tuning environments.,3,9
5.11-2,5.5.1-1,M,0.740499194847021,1490.0,200.0,7.45,False,sample,9,OVERLAP,"Both require secure disposal of data held in back-end services, A on user request, B on transfer of ownership.",2,9
5.2-3,5.2.2-1,H,0.8813204508856682,497.0,250.0,1.988,False,sample,9,NO_RELATION,Continuous vulnerability monitoring versus a review of organizational access control frameworks.,2,9
5.3-4B,5.5.1-1,M,0.7655394524959742,1490.0,200.0,7.45,False,sample,9,NO_RELATION,Automatic update activation versus secure disposal of assets on transfer of ownership.,3,9
5.5-5,5.2.2-5,L,0.3427133655394525,2981.0,200.0,14.905,False,sample,9,NO_RELATION,Authentication before configuration change versus incident management and recovery planning.,3,9
5.7-2,5.2.2-1,L,0.3665458937198068,2981.0,200.0,14.905,False,sample,9,NO_RELATION,Alerting on unauthorized software change versus evaluation of access control frameworks.,3,9
5.7-2,5.2.3-2,H,0.7953703703703704,497.0,250.0,1.988,False,sample,9,NO_RELATION,Detection of unauthorized change versus justifying the use of poorly documented components.,3,9
5.0-1,5.2.2-5,L,0.5241545893719806,2981.0,200.0,14.905,False,sample,9,NO_RELATION,Recording justifications for non-applicable provisions versus incident and recovery planning.,3,9
5.1-1,5.2.4-2,L,0.4154589371980676,2981.0,200.0,14.905,True,sample,9,NO_RELATION,Per-device password uniqueness versus documenting where public training data came from.,3,9
5.12-3,5.1.3-4,H,0.832085346215781,497.0,250.0,1.988,False,sample,9,COMPLEMENTARITY,User-side checking and operator-side continuous monitoring are different obligations that together keep a deployed system in a secure state.,2,9
5.8-2,5.4.1-1,M,0.5867954911433173,1490.0,200.0,7.45,False,sample,9,NO_RELATION,Encryption of sensitive personal data in transit versus the delivery chain for security patches.,3,9
5.4-4,5.1.3-1.2,H,0.7807568438003221,497.0,250.0,1.988,False,sample,9,NO_RELATION,Uniqueness of security parameters versus the risk of unused model capability.,3,9
5.2-3,5.3.1-2.2,H,0.7991143317230274,497.0,250.0,1.988,False,sample,9,COMPLEMENTARITY,Rectifying vulnerabilities and notifying users of the resulting security updates are consecutive steps of one handling process.,3,9
5.1-2,5.2.4-3,M,0.6643719806763285,1490.0,200.0,7.45,False,sample,9,NO_RELATION,Password generation mechanism versus an audit log of model configuration changes.,3,9
5.3-16,5.2.4-3,M,0.5727455716586152,1490.0,200.0,7.45,False,sample,9,NO_RELATION,Recognizable model designation on a device versus logging changes to system prompts.,3,9
5.6-7,5.2.2-3,H,0.7890096618357487,497.0,250.0,1.988,True,sample,9,OVERLAP,"Both mandate least privilege, A for software running on the device, B for development and tuning environments.",3,9
5.8-3,5.3.1-3,H,0.7773349436392915,497.0,250.0,1.988,False,sample,9,NO_RELATION,Documenting sensing capabilities versus supporting users through an incident.,3,9
5.4-3,5.2.4-1.2,M,0.6881642512077295,1490.0,200.0,7.45,False,sample,9,NO_RELATION,Prohibiting hard-coded security parameters versus publishing hashes for model components.,3,9
5.3-7,5.1.2-2,M,0.5661835748792271,1490.0,200.0,7.45,False,sample,9,NO_RELATION,Cryptography for the update mechanism versus general robustness of the AI system to adversarial input.,2,9
5.9-3,5.2.4-1.2,L,0.2052334943639291,2981.0,200.0,14.905,False,sample,9,NO_RELATION,Orderly network reconnection versus cryptographic hashes for model components.,3,9
5.3-14,5.2.3-1,M,0.6835346215780997,1490.0,200.0,7.45,False,sample,10,NO_RELATION,Publishing the rationale for absent updates versus secure software supply chain processes.,3,10
5.8-2,5.3.1-2,M,0.561352657004831,1490.0,200.0,7.45,False,sample,10,NO_RELATION,Encryption of sensitive personal data in transit versus accessible user guidance on system configuration.,3,10
5.3-14,5.2.5-4.1,L,0.4991143317230274,2981.0,200.0,14.905,False,sample,10,NO_RELATION,Transparency about hardware replacement support versus evaluating model outputs for unintended influence.,3,10
5.8-2,5.1.2-6,H,0.7957326892109501,497.0,250.0,1.988,False,sample,10,NO_RELATION,Confidentiality of data in transit versus the permissions an AI system holds on connected systems.,2,10
5.3-1,5.4.1-1,H,0.8136876006441224,497.0,250.0,1.988,True,sample,10,OVERLAP,"Both ensure security fixes can reach the deployed product; A mandates updateable components, B the provision and delivery of patches.",3,10
5.5-3,5.2.5-1,L,0.2085346215780998,2981.0,200.0,14.905,False,sample,10,NO_RELATION,Replaceability of cryptographic primitives versus security testing before release.,3,10
5.3-8,5.4.1-1,H,0.9316022544283415,497.0,250.0,1.988,True,sample,10,OVERLAP,"Both govern delivery of security updates; A adds the timeliness obligation, B the notification chain through operators to end-users.",3,10
5.6-4A,5.4.1-2,L,0.5287037037037037,2981.0,200.0,14.905,False,sample,10,NO_RELATION,Disabling debug interfaces versus re-testing after a major system update.,3,10
5.9-3,5.2.4-3,L,0.2681964573268921,2981.0,200.0,14.905,False,sample,10,NO_RELATION,Orderly network reconnection versus an audit log of model configuration changes.,3,10
5.9-1,5.2.1-3,M,0.7662640901771336,1490.0,200.0,7.45,True,sample,10,OVERLAP,"Both pursue continuity of service under disruption, A by designed-in resilience to outages, B by recovery planning against attacks.",2,10
5.6-4A,5.2.5-4,M,0.5638888888888889,1490.0,200.0,7.45,False,sample,10,OVERLAP,"Both close channels through which internals can be extracted, A the debug interface, B the model output.",2,10
5.10-1,5.1.3-4,M,0.5853462157809984,1490.0,200.0,7.45,False,sample,10,OVERLAP,"Both require ongoing monitoring for security problems, A specifically of telemetry, B of the system infrastructure at large.",2,10
5.11-2,5.4.2-2,L,0.3453703703703704,2981.0,200.0,14.905,False,sample,10,NO_RELATION,Deletion of personal data from services versus log analysis for model anomalies.,3,10
5.6-4A,5.2.1-1,L,0.4676731078904992,2981.0,200.0,14.905,False,sample,10,NO_RELATION,Disabling debug interfaces versus maintaining an asset inventory.,3,10
5.8-2,5.5.1-2,M,0.5585346215780999,1490.0,200.0,7.45,False,sample,10,COMPLEMENTARITY,Confidentiality in transit and secure deletion at decommissioning cover different stages of one data protection lifecycle.,2,10
5.2-1,5.5.1-2,M,0.622061191626409,1490.0,200.0,7.45,False,sample,10,NO_RELATION,Publishing a vulnerability disclosure policy versus secure deletion on decommissioning.,3,10
5.6-4B,5.2.1-2,L,0.3349033816425121,2981.0,200.0,14.905,False,sample,10,NO_RELATION,Physical protection of debug ports versus tooling for tracking and version-controlling AI assets.,3,10
5.8-1,5.2.4-1.1,M,0.6504830917874396,1490.0,200.0,7.45,False,sample,10,NO_RELATION,Encryption of personal data in transit versus the security content of model documentation.,3,10
5.0-1,5.1.2-7,H,0.9144122383252816,497.0,250.0,1.988,False,sample,10,COMPLEMENTARITY,Recording why a provision is unmet and assessing a provider's adherence are different obligations that together demonstrate conformance across the supply chain.,2,10
5.6-8,5.2.1-4,H,0.8878019323671499,497.0,250.0,1.988,False,sample,10,NO_RELATION,"Memory access control is an exploit mitigation, not a data confidentiality control; B concerns unauthorized access to training data.",2,10
5.0-1,5.1.1-2,H,0.8544685990338164,497.0,250.0,1.988,False,sample,10,NO_RELATION,Recording justifications for non-applicable provisions versus staff threat awareness.,3,10
5.6-7,5.1.2-1,L,0.4771739130434782,2981.0,200.0,14.905,False,sample,10,NO_RELATION,Least privilege at runtime versus the business case assessment preceding an AI system.,3,10
5.3-4B,5.1.3-4,M,0.7501207729468599,1490.0,200.0,7.45,False,sample,10,NO_RELATION,Activation of automatic updates versus continuous infrastructure monitoring against risk appetite.,2,10
5.12-2,5.4.1-3,L,0.452536231884058,2981.0,200.0,14.905,False,sample,10,NO_RELATION,Setup guidance for consumers versus preview access that lets operators evaluate model changes.,2,10
5.1-2A,5.4.2-2,L,0.2527375201288245,2981.0,200.0,14.905,False,sample,10,NO_RELATION,Password use in machine-to-machine authentication versus log analysis for model drift and poisoning.,3,10
5.13-1B,5.2.1-3.1,L,0.3553140096618358,2981.0,200.0,14.905,False,sample,10,COMPLEMENTARITY,Input validation prevents manipulation and restorable known good state recovers from it; together they form the response to system manipulation.,2,10
5.3-4A,5.1.3-1.3,L,0.1753220611916264,2981.0,200.0,14.905,False,sample,10,NO_RELATION,Automating an update mechanism versus selecting risk controls against corporate risk tolerance.,3,10
5.5-7,5.2.2-1,,,,,,,pilot,10,NO_RELATION,Confidentiality of security parameters on the wire versus an organizational review of access control frameworks; B does not name credential protection.,2,10
5.3-16,5.2.1-1,L,0.499194847020934,2981.0,200.0,14.905,False,sample,10,COMPLEMENTARITY,Recognizable device designation and a maintained asset inventory are the outward and inward halves of asset identification.,2,10
5.5-8,5.4.1-1,H,0.7904589371980676,497.0,250.0,1.988,False,sample,10,NO_RELATION,Lifecycle management of security parameters versus the patch delivery chain.,3,10
5.5-7,5.2.5-3,L,0.1726650563607085,2981.0,200.0,14.905,False,sample,10,NO_RELATION,Confidentiality of security parameters over the network versus sharing test findings with operators.,3,10
5.3-4B,5.3.1-2.2,H,0.8640901771336555,497.0,250.0,1.988,False,sample,10,OVERLAP,"Both concern how security updates reach the user; A through consented automation, B through proactive notification.",2,10
5.5-3,5.1.2-2,L,0.3166666666666667,2981.0,200.0,14.905,False,sample,10,NO_RELATION,Cryptographic agility versus robustness of the model to adversarial input; different failure modes.,2,10
5.8-1,5.1.1-2.2,M,0.7052737520128826,1490.0,200.0,7.45,False,sample,10,NO_RELATION,Encryption of personal data in transit versus secure coding training for AI developers.,3,10
5.3-8,5.2.4-3,H,0.7810789049919485,497.0,250.0,1.988,False,sample,10,NO_RELATION,Update timeliness versus an audit log of prompt and configuration changes.,3,10
5.5-2,5.4.2-1,M,0.694243156199678,1490.0,200.0,7.45,False,sample,10,NO_RELATION,Use of reviewed cryptographic implementations versus logging system and user actions.,3,10
5.3-3,5.2.1-4.2,L,0.2600644122383252,2981.0,200.0,14.905,False,sample,10,NO_RELATION,Ease of applying an update versus protection of confidential training data and weights.,3,10
5.6-9,5.1.3-1.2,H,0.8232689210950082,497.0,250.0,1.988,False,sample,10,COMPLEMENTARITY,A secure development process and the specific obligation to strip superfluous model capability both fall under secure development of the artefact.,2,10
5.3-6B,5.2.1-4.1,H,0.7789855072463769,497.0,250.0,1.988,False,sample,10,NO_RELATION,User control over update notifications versus sanitisation of data and inputs.,3,10
5.4-2,5.1.4-5,L,0.297061191626409,2981.0,200.0,14.905,False,sample,10,NO_RELATION,Tamper resistance of a hard-coded device identity versus awareness of prohibited use cases.,3,10
5.4-4,5.2.5-1,H,0.9028582930756844,497.0,250.0,1.988,False,sample,11,NO_RELATION,Uniqueness of device security parameters versus security testing before release.,3,11
5.5-8,5.3.1-2.1,H,0.7713768115942029,497.0,250.0,1.988,False,sample,11,NO_RELATION,Management of critical security parameters versus guidance on appropriate use and failure modes.,3,11
5.6-1,5.1.2-6,H,0.8579911433172303,497.0,250.0,1.988,False,sample,11,OVERLAP,"Both remove access that is not needed for operation, A by disabling unused interfaces, B by limiting the permissions the system holds elsewhere.",3,11
5.6-2,5.2.4-2,M,0.7299919484702093,1490.0,200.0,7.45,False,sample,11,NO_RELATION,Limiting unauthenticated disclosure over network interfaces versus documenting training data provenance.,3,11
5.7-1,5.1.2-6,M,0.6273752012882448,1490.0,200.0,7.45,False,sample,11,NO_RELATION,Secure boot verification versus the permissions an AI system holds on other systems.,3,11
5.5-8,5.1.2-1,H,0.7979871175523349,497.0,250.0,1.988,False,sample,11,NO_RELATION,Lifecycle management of security parameters versus the assessment preceding a decision to build.,3,11
5.3-2,5.1.2-1.1,L,0.4544685990338165,2981.0,200.0,14.905,False,sample,11,NO_RELATION,Presence of a secure update mechanism versus involving Data Custodians in requirements discussions.,3,11
5.2-1,5.3.1-3,H,0.80414653784219,497.0,250.0,1.988,False,sample,11,COMPLEMENTARITY,Publishing a disclosure route and supporting users through an incident are separate obligations under one external incident-handling capability.,2,11
5.6-4B,5.2.2-6,L,0.1706924315619968,2981.0,200.0,14.905,False,sample,11,NO_RELATION,Physical protection of debug ports versus contractual terms with cloud providers.,3,11
5.9-3,5.4.2-4,L,0.538647342995169,2981.0,200.0,14.905,False,sample,11,NO_RELATION,Orderly network reconnection versus monitoring model behaviour for security-relevant drift.,3,11
5.6-9,5.1.3-2,H,0.826328502415459,497.0,250.0,1.988,False,sample,11,NO_RELATION,Secure development process versus communicating unresolvable threats down the supply chain.,2,11
5.7-1,5.2.3-1,,,,,,,pilot,11,COMPLEMENTARITY,Secure boot verifies the software at runtime and supply chain process governs how it was built; together they assure software integrity.,2,11
5.2-3,5.2.1-2,H,0.8502012882447664,497.0,250.0,1.988,False,sample,11,COMPLEMENTARITY,"Vulnerability rectification depends on knowing which assets and versions are deployed, which is what B mandates.",2,11
5.12-2,5.3.1-2,H,0.9391304347826086,497.0,250.0,1.988,True,sample,11,OVERLAP,Both require accessible guidance to the end user on setting up and configuring the system securely.,3,11
5.5-2,5.1.2-6,H,0.7752415458937197,497.0,250.0,1.988,False,sample,11,NO_RELATION,Reviewed cryptographic implementations versus permissions granted on connected systems.,3,11
5.6-9,5.2.3-3,M,0.7419887278582931,1490.0,200.0,7.45,False,sample,11,NO_RELATION,Secure development of one's own software versus re-evaluating third-party released models.,2,11
5.2-1,5.4.1-3,L,0.412962962962963,2981.0,200.0,14.905,False,sample,11,NO_RELATION,Vulnerability disclosure policy versus preview access that lets operators evaluate model changes.,3,11
5.5-1,5.1.2-1,H,0.8006441223832528,497.0,250.0,1.988,False,sample,11,NO_RELATION,Cryptography for secure communication versus the business case assessment preceding an AI system.,3,11
5.5-2,5.2.5-2.1,H,0.8460950080515298,497.0,250.0,1.988,True,sample,11,OVERLAP,"Both require independent competent review of the security implementation, A of the cryptographic implementation, B through independent testers.",3,11
5.3-3,5.1.3-1.2,M,0.6179951690821256,1490.0,200.0,7.45,False,sample,11,NO_RELATION,Ease of applying an update versus the risk of unused model capability.,3,11
5.13-1B,5.2.1-2,M,0.7360305958132044,1490.0,200.0,7.45,False,sample,11,NO_RELATION,Validation of network input versus asset tracking and version control.,3,11
5.3-11,5.1.4-3,M,0.5720209339774558,1490.0,200.0,7.45,False,sample,11,NO_RELATION,Informing the user that an update is needed versus technical measures supporting human oversight of a model.,2,11
5.8-1,5.1.4-3,M,0.5931159420289855,1490.0,200.0,7.45,False,sample,11,NO_RELATION,Encryption of personal data in transit versus measures enabling human oversight.,3,11
5.8-1,5.2.2-1,H,0.8172302737520128,497.0,250.0,1.988,False,sample,11,NO_RELATION,Transit encryption versus an organizational review of access control frameworks; B does not reach data in transit.,2,11
5.3-8,5.1.3-1.1,H,0.8745169082125603,497.0,250.0,1.988,False,sample,11,NO_RELATION,Timeliness of security updates versus threat modelling on configuration change.,3,11
5.3-5,5.3.1-2.2,H,0.9243156199677938,497.0,250.0,1.988,False,sample,11,OVERLAP,"Both ensure users learn that a security update exists, A by the device checking, B by the operator notifying.",2,11
5.3-10,5.1.3-1.3,L,0.3843397745571658,2981.0,200.0,14.905,False,sample,11,NO_RELATION,Verifying update authenticity versus selecting controls against corporate risk tolerance.,3,11
5.3-14,5.4.1-1.1,H,0.8270531400966185,497.0,250.0,1.988,True,sample,11,OVERLAP,"Both address products that cannot be updated; A mandates transparency and replacement support, B contingency mitigation of the residual risk.",3,11
5.8-1,5.2.2-5,L,0.2043075684380032,2981.0,200.0,14.905,False,sample,11,NO_RELATION,Encryption of personal data in transit versus incident management and recovery planning.,3,11
5.12-3,5.3.1-3,H,0.939573268921095,497.0,250.0,1.988,False,sample,11,NO_RELATION,Guidance on checking a secure state versus support offered during and after an incident.,2,11
5.5-2,5.1.4-1,M,0.6253623188405797,1490.0,200.0,7.45,False,sample,11,NO_RELATION,Reviewed cryptographic implementations versus designed-in human oversight capability.,3,11
5.6-6,5.4.1-1,L,0.24158615136876,2981.0,200.0,14.905,False,sample,11,NO_RELATION,Code minimization versus the provision and delivery of security patches.,3,11
5.13-1A,5.1.2-3,M,0.7437600644122383,1490.0,200.0,7.45,False,sample,11,NO_RELATION,Validation of user interface input versus maintaining an audit trail over models and datasets.,3,11
5.5-2,5.4.1-1,H,0.850523349436393,497.0,250.0,1.988,False,sample,11,NO_RELATION,Reviewed cryptographic implementations versus security update delivery.,3,11
5.12-1,5.3.1-2.2,H,0.8704911433172302,497.0,250.0,1.988,False,sample,11,COMPLEMENTARITY,Minimizing security decisions asked of the user and explaining security updates clearly are different obligations serving usable security.,2,11
5.6-8,5.2.2-3,H,0.8428743961352657,497.0,250.0,1.988,False,sample,11,OVERLAP,"Both contain a compromise by enforced isolation, A between memory regions, B between development and production environments.",2,11
5.6-9,5.4.1-1.1,H,0.8534219001610307,497.0,250.0,1.988,False,sample,11,NO_RELATION,Secure development processes versus contingency planning where updates cannot be provided.,3,11
5.6-6,5.1.3-3,L,0.150805152979066,2981.0,200.0,14.905,False,sample,11,NO_RELATION,Code minimization versus assurance that an external risk owner can address its risks.,3,11
5.6-1,5.2.1-4,H,0.7991143317230274,497.0,250.0,1.988,False,sample,11,NO_RELATION,Disabling unused interfaces reduces attack surface; B concerns confidentiality of training and test data.,2,11
5.6-4A,5.3.1-2,M,0.5740338164251207,1490.0,200.0,7.45,False,sample,11,NO_RELATION,Disabling debug interfaces versus accessible user guidance on system configuration.,3,11
5.9-1,5.3.1-2,L,0.2998792270531401,2981.0,200.0,14.905,False,sample,12,NO_RELATION,Resilience to power and network outages versus accessible guidance on system configuration.,3,12
5.12-3,5.3.1-2.2,H,0.8161433172302738,497.0,250.0,1.988,False,sample,12,OVERLAP,"Both keep users informed so they can maintain a secure state; A through checking guidance, B through proactive update notices.",2,12
5.8-1,5.2.1-4,H,0.8303140096618357,497.0,250.0,1.988,True,sample,12,OVERLAP,"Both protect sensitive data from unauthorized access, A on the wire, B wherever training and test data are held.",2,12
5.5-4,5.5.1-2,L,0.2803945249597423,2981.0,200.0,14.905,False,sample,12,NO_RELATION,Authentication before network access versus secure deletion at decommissioning.,3,12
5.5-2,5.2.5-3,M,0.6843800322061192,1490.0,200.0,7.45,False,sample,12,NO_RELATION,Using reviewed implementations versus passing test findings to downstream operators.,2,12
5.3-12,5.2.3-4,H,0.860950080515298,497.0,250.0,1.988,False,sample,12,OVERLAP,"Both require advance notice to users before an update lands, A when it disrupts function, B whenever a model is updated.",3,12
5.3-16,5.1.1-2.2,L,0.2265297906602254,2981.0,200.0,14.905,False,sample,12,NO_RELATION,Recognizable model designation versus secure coding training for developers.,3,12
5.1-3,5.5.1-2,M,0.589170692431562,1490.0,200.0,7.45,False,sample,12,NO_RELATION,Cryptographic strength of authentication versus secure deletion at decommissioning.,3,12
5.4-3,5.2.4-3,M,0.558816425120773,1490.0,200.0,7.45,False,sample,12,NO_RELATION,Prohibiting hard-coded security parameters versus an audit log of configuration changes.,3,12
5.8-3,5.3.1-1,H,0.933695652173913,497.0,250.0,1.988,True,sample,12,OVERLAP,"Both require accessible disclosure of what the product does with data, A of sensing capabilities, B of where and how data is used and stored.",3,12
5.2-1,5.2.2-1,L,0.5305958132045088,2981.0,200.0,14.905,False,sample,12,NO_RELATION,Vulnerability disclosure policy versus evaluation of access control frameworks.,3,12
5.6-8,5.2.1-2,H,0.909500805152979,497.0,250.0,1.988,False,sample,12,NO_RELATION,Hardware memory access control versus asset tracking and version control.,3,12
5.5-1,5.2.3-2,H,0.8291062801932366,497.0,250.0,1.988,False,sample,12,NO_RELATION,Best practice cryptography for communication versus justifying use of poorly documented components.,3,12
5.3-9,5.2.4-1.2,,,,,,,pilot,12,OVERLAP,"Both establish authenticity of a distributed artefact; A obliges the recipient to verify, B obliges the publisher to release the hashes.",3,12
5.1-2,5.3.1-1,H,0.7754025764895329,497.0,250.0,1.988,False,sample,12,NO_RELATION,Password generation mechanism versus transparency about data use and storage.,3,12
5.3-13,5.2.4-1,H,0.9028582930756844,497.0,250.0,1.988,False,sample,12,OVERLAP,"Both publish maintenance commitments, A the support period to users, B the design and post-deployment plans to downstream parties.",2,12
5.3-6B,5.2.1-4,M,0.7037037037037036,1490.0,200.0,7.45,False,sample,12,NO_RELATION,User control over update notifications versus protection of sensitive training data.,3,12
5.7-2,5.1.2-2,M,0.575925925925926,1490.0,200.0,7.45,False,sample,12,NO_RELATION,Detection of and response to software tampering versus general robustness to adversarial input and system failure.,2,12
5.3-11,5.4.1-1.1,H,0.8309581320450885,497.0,250.0,1.988,False,sample,12,COMPLEMENTARITY,Informing users of a needed update and planning for the case where no update exists are the two branches of managing unpatched risk.,2,12
5.9-3,5.2.2-3,L,0.3177133655394525,2981.0,200.0,14.905,False,sample,12,NO_RELATION,Orderly network reconnection versus separation of development and tuning environments.,3,12
5.5-5,5.2.4-1.1,M,0.6192834138486313,1490.0,200.0,7.45,False,sample,12,NO_RELATION,Authentication before configuration change versus the required content of model documentation.,3,12
5.6-4A,5.1.2-2,M,0.5745169082125604,1490.0,200.0,7.45,False,sample,12,NO_RELATION,Disabling debug interfaces versus general robustness of the model to adversarial input.,2,12
5.6-2,5.2.5-4,,,,,,,pilot,12,OVERLAP,"Both prevent internals leaking through an exposed channel, A through network interface disclosure, B through model outputs.",3,12
5.12-2,5.4.1-1.1,H,0.7864331723027376,497.0,250.0,1.988,False,sample,12,NO_RELATION,Setup guidance for consumers versus contingency planning where updates cannot be provided.,3,12
5.5-5,5.2.1-4,H,0.7719806763285024,497.0,250.0,1.988,False,sample,12,NO_RELATION,Authentication on a configuration interface versus confidentiality of training and test data; different assets.,2,12
5.7-1,5.2.2-5,L,0.2416666666666667,2981.0,200.0,14.905,False,sample,12,NO_RELATION,Secure boot verification versus incident management and recovery planning.,3,12
5.3-13,5.3.1-1,H,0.960708534621578,497.0,250.0,1.988,False,sample,12,NO_RELATION,Both are accessible disclosures to users but of unrelated content: support duration versus data handling.,2,12
5.11-3,5.2.5-1,L,0.496135265700483,2981.0,200.0,14.905,False,sample,12,NO_RELATION,Instructions for deleting personal data versus security testing before release.,3,12
5.8-3,5.2.4-1,H,0.8670692431561997,497.0,250.0,1.988,False,sample,12,NO_RELATION,Documenting sensing capabilities for users versus an internal audit trail shared with downstream operators.,2,12
5.6-9,5.4.1-2,H,0.9301127214170692,497.0,250.0,1.988,False,sample,12,OVERLAP,"Both govern the engineering discipline applied to released software; A the development process, B re-testing after a major change.",2,12
5.3-6A,5.1.2-4,L,0.2911030595813205,2981.0,200.0,14.905,False,sample,12,NO_RELATION,User control over automatic updates versus due diligence on external components.,3,12
5.4-1,5.4.2-1,M,0.6010064412238325,1490.0,200.0,7.45,False,sample,12,NO_RELATION,Secure storage of security parameters versus logging of system and user actions.,3,12
5.2-2,5.2.3-2.2,L,0.2488325281803542,2981.0,200.0,14.905,False,sample,12,NO_RELATION,Timely remediation of vulnerabilities versus sharing documentation with End-users.,3,12
5.1-2A,5.2.2-1,,,,,,,pilot,12,NO_RELATION,Choice of machine-to-machine authentication method versus an organizational access control review.,2,12
5.3-11,5.3.1-2.2,,,,,,,pilot,12,EQUIVALENCE,"Both require the user to be told, in an accessible and recognizable way, that a security update applies and what it addresses; the scope is the same.",3,12
5.1-2,5.2.4-2,M,0.6386876006441223,1490.0,200.0,7.45,False,sample,12,NO_RELATION,Password generation mechanism versus documentation of public training data provenance.,3,12
5.7-1,5.2.1-2,H,0.8316425120772946,497.0,250.0,1.988,False,sample,12,COMPLEMENTARITY,Boot-time verification and the process that authenticates and version-controls assets serve one component integrity control from opposite ends.,2,12
5.2-1,5.2.4-1.1,H,0.8898550724637682,497.0,250.0,1.988,False,sample,12,NO_RELATION,Vulnerability disclosure policy versus the security content of model documentation.,3,12
5.3-13,5.4.1-1,,,,,,,pilot,12,COMPLEMENTARITY,Declaring the support period and actually supplying patches within it are separate obligations that together constitute update support.,2,12
5.4-2,5.4.2-4,L,0.4833333333333334,2981.0,200.0,14.905,False,sample,12,NO_RELATION,Tamper resistance of a device identity versus monitoring model behaviour over time.,3,12
5.3-4A,5.2.1-4.2,L,0.3853059581320451,2981.0,200.0,14.905,False,sample,13,NO_RELATION,Automating an update mechanism versus protection of confidential training data and weights.,3,13
5.5-4,5.1.2-3,L,0.2384460547504026,2981.0,200.0,14.905,False,sample,13,NO_RELATION,Authentication before network access versus maintaining an audit trail over models and datasets.,3,13
5.1-1,5.2.4-3,L,0.5208937198067634,2981.0,200.0,14.905,False,sample,13,NO_RELATION,Per-device password uniqueness versus an audit log of model configuration changes.,3,13
5.3-3,5.2.5-1,M,0.6043075684380032,1490.0,200.0,7.45,False,sample,13,NO_RELATION,Ease of applying an update versus security testing before release.,3,13
5.12-3,5.2.4-3,H,0.789573268921095,497.0,250.0,1.988,False,sample,13,NO_RELATION,User guidance on checking secure setup versus logging changes to system prompts.,3,13
5.2-2,5.4.2-1,H,0.8212962962962964,497.0,250.0,1.988,False,sample,13,COMPLEMENTARITY,"B names vulnerability remediation as a purpose of logging, and A is the remediation itself; the two make up one handling capability.",2,13
5.1-2A,5.1.1-2.2,L,0.17914653784219,2981.0,200.0,14.905,False,sample,13,NO_RELATION,Machine-to-machine authentication method versus secure coding training.,3,13
5.9-2,5.1.1-2.2,L,0.0960950080515297,2981.0,200.0,14.905,False,sample,13,NO_RELATION,Local operation during network loss versus secure coding training.,3,13
5.7-2,5.4.1-2,H,0.7747987117552335,497.0,250.0,1.988,False,sample,13,NO_RELATION,Alerting on detected tampering versus re-testing after a major system update.,3,13
5.1-4,5.1.1-2.1,L,0.1971014492753623,2981.0,200.0,14.905,False,sample,13,NO_RELATION,Changing an authentication value versus internal channels for disseminating threat updates to staff.,3,13
5.2-2,5.2.3-2,M,0.7112721417069243,1490.0,200.0,7.45,False,sample,13,NO_RELATION,Timely action on disclosed vulnerabilities versus justifying the use of poorly documented components.,3,13
5.6-4B,5.2.3-4,L,0.1902979066022544,2981.0,200.0,14.905,False,sample,13,NO_RELATION,Physical protection of debug ports versus advance notice of model updates.,3,13
5.1-5,5.1.3-1.1,M,0.5843397745571658,1490.0,200.0,7.45,False,sample,13,NO_RELATION,Brute-force resistance versus threat modelling on configuration change.,3,13
5.3-13,5.2.3-2.2,H,0.8218196457326892,497.0,250.0,1.988,False,sample,13,NO_RELATION,"Both are accessible disclosures to users, but of unrelated documents: support period versus component justification records.",2,13
5.3-11,5.2.2-5,L,0.311634460547504,2981.0,200.0,14.905,False,sample,13,NO_RELATION,Informing the user of a required update versus incident management and recovery planning.,3,13
5.6-9,5.1.4-3,H,0.8319243156199677,497.0,250.0,1.988,False,sample,13,NO_RELATION,Secure development processes versus technical measures supporting human oversight.,3,13
5.6-4A,5.2.2-3,,,,,,,pilot,13,OVERLAP,"Both keep development-time capability out of reach in production, A by disabling debug interfaces, B by separating development environments.",2,13
5.1-3,5.1.2-1.1,L,0.5157407407407407,2981.0,200.0,14.905,False,sample,13,NO_RELATION,Cryptographic strength of authentication versus involving Data Custodians in requirements discussions.,3,13
5.5-8,5.2.5-1,H,0.8869162640901772,497.0,250.0,1.988,False,sample,13,NO_RELATION,Management of critical security parameters versus security testing before release.,3,13
5.3-8,5.3.1-3,H,0.9316022544283412,497.0,250.0,1.988,False,sample,13,COMPLEMENTARITY,Prompt patching and support to affected users during an incident are different obligations under one response capability.,2,13
5.1-2,5.2.1-4.2,,,,,,,pilot,13,NO_RELATION,Password generation mechanism versus protection of confidential model weights.,3,13
5.3-6A,5.3.1-2.2,H,0.817109500805153,497.0,250.0,1.988,False,sample,13,OVERLAP,"Both govern how updates reach the user; A gives the user control over automation, B obliges proactive notification.",2,13
5.6-9,5.5.1-1,H,0.7822061191626409,497.0,250.0,1.988,False,sample,13,NO_RELATION,Secure development processes versus secure disposal on transfer of ownership.,3,13
5.6-4A,5.2.1-4,M,0.7173107890499195,1490.0,200.0,7.45,False,sample,13,NO_RELATION,Disabling debug interfaces versus confidentiality of training and test data.,2,13
5.3-6A,5.3.1-2,,,,,,,pilot,13,NO_RELATION,Control over the automatic update mechanism versus general guidance on system use and configuration.,2,13
5.3-16,5.3.1-1,H,0.7901771336553944,497.0,250.0,1.988,False,sample,13,NO_RELATION,Recognizable model designation versus transparency about data use and storage.,3,13
5.6-9,5.2.1-3,L,0.5023752012882448,2981.0,200.0,14.905,False,sample,13,NO_RELATION,Secure development processes versus disaster recovery planning.,3,13
5.6-3,5.2.4-1,L,0.3861513687600644,2981.0,200.0,14.905,False,sample,13,NO_RELATION,Physical interface exposure versus documentation of design and maintenance plans.,3,13
5.4-4,5.1.3-1,H,0.9227455716586151,497.0,250.0,1.988,False,sample,13,NO_RELATION,"Uniqueness of security parameters versus a threat modelling process naming data poisoning, model inversion and membership inference.",3,13
5.12-2,5.1.3-2,H,0.9544283413848632,497.0,250.0,1.988,False,sample,13,COMPLEMENTARITY,Setup guidance and communication of unresolved threats are different obligations that together equip the downstream party to manage risk.,2,13
5.6-5,5.3.1-2,H,0.7965780998389694,497.0,250.0,1.988,False,sample,13,NO_RELATION,Disabling unnecessary services versus accessible user guidance.,3,13
5.6-4B,5.1.2-5,L,0.1289452495974235,2981.0,200.0,14.905,False,sample,13,NO_RELATION,Physical protection of debug ports versus matching intended usage to data sensitivity.,3,13
5.3-11,5.2.5-3,M,0.5620772946859904,1490.0,200.0,7.45,False,sample,13,NO_RELATION,Informing end users of a required update versus passing test findings to operators.,2,13
5.7-2,5.3.1-3,H,0.7946859903381642,497.0,250.0,1.988,False,sample,13,OVERLAP,"Both contain an incident and involve the right stakeholder, A automatically on the device, B as a documented support process.",2,13
5.5-2,5.2.1-3.1,L,0.2424315619967794,2981.0,200.0,14.905,False,sample,13,NO_RELATION,Reviewed cryptographic implementations versus restorability of a known good state.,3,13
5.7-1,5.2.2-4,L,0.3262479871175523,2981.0,200.0,14.905,False,sample,13,NO_RELATION,Secure boot verification versus publishing a vulnerability disclosure policy.,3,13
5.3-6B,5.4.1-1,H,0.9421900161030596,497.0,250.0,1.988,False,sample,13,OVERLAP,"Both concern the update notification relationship with the user, A the user's control over it, B the obligation to notify and deliver.",2,13
5.5-5,5.3.1-3,M,0.763888888888889,1490.0,200.0,7.45,False,sample,13,NO_RELATION,Authentication before configuration change versus incident support for end users.,3,13
5.6-9,5.1.1-2,H,0.8020933977455715,497.0,250.0,1.988,False,sample,13,COMPLEMENTARITY,"A secure development process depends on staff who know the current threats, which is what B mandates.",2,13
5.12-2,5.1.3-1,H,0.8376006441223833,497.0,250.0,1.988,False,sample,13,NO_RELATION,Setup guidance for consumers versus threat analysis and risk management by the developer.,3,13
5.6-9,5.2.5-1,H,0.9091384863123994,497.0,250.0,1.988,False,sample,14,OVERLAP,"Both assure the security of what is released, A through the development process, B through testing before release.",2,14
5.3-8,5.1.2-4,H,0.7793880837359098,497.0,250.0,1.988,False,sample,14,NO_RELATION,Timeliness of security updates versus due diligence on external components.,3,14
5.3-7,5.4.1-1.1,H,0.8254428341384863,497.0,250.0,1.988,False,sample,14,NO_RELATION,Cryptography for the update mechanism versus contingency planning where no update can be provided.,3,14
5.6-3,5.2.1-1,L,0.4742351046698873,2981.0,200.0,14.905,False,sample,14,NO_RELATION,Physical interface exposure versus maintaining an asset inventory.,3,14
5.1-3,5.3.1-2,H,0.772584541062802,497.0,250.0,1.988,False,sample,14,NO_RELATION,Cryptographic strength of authentication versus accessible user guidance.,3,14
5.13-1A,5.1.2-2,,,,,,,pilot,14,SUBSUMPTION_B_BROADER,"B requires the system to withstand unexpected inputs and failure generally, which covers A's input validation and demands more besides.",2,14
5.5-4,5.4.2-3,L,0.3937600644122383,2981.0,200.0,14.905,False,sample,14,NO_RELATION,Authentication before network access versus monitoring the internal states of a model.,3,14
5.4-3,5.2.4-2.1,M,0.621256038647343,1490.0,200.0,7.45,False,sample,14,NO_RELATION,Prohibiting hard-coded security parameters versus recording where training data came from.,3,14
5.5-5,5.2.2-2,M,0.7316022544283414,1490.0,200.0,7.45,False,sample,14,OVERLAP,"Both protect a remotely reachable interface from misuse, A by requiring authentication, B by applying controls on the API.",2,14
5.2-1,5.4.2-1,H,0.817914653784219,497.0,250.0,1.988,False,sample,14,NO_RELATION,Publishing a disclosure policy versus logging system and user actions.,2,14
5.6-6,5.1.2-6,L,0.5525764895330113,2981.0,200.0,14.905,False,sample,14,OVERLAP,"Both restrict the system to what is needed to function, A in code, B in the permissions it holds elsewhere.",3,14
5.0-1,5.1.3-1.1,H,0.9664653784219002,497.0,250.0,1.988,False,sample,14,COMPLEMENTARITY,Recording why a provision is unmet and running threat modelling on configuration change are separate parts of documented risk management.,2,14
5.3-5,5.4.2-3,M,0.7171497584541063,1490.0,200.0,7.45,False,sample,14,NO_RELATION,Checking for available updates versus monitoring internal model states.,3,14
5.13-1B,5.1.4-4,H,0.8571658615136876,497.0,250.0,1.988,False,sample,14,NO_RELATION,Validation of network input versus verifying that Data Custodian controls were built in.,3,14
5.5-2,5.4.1-1.1,H,0.7876409017713366,497.0,250.0,1.988,False,sample,14,NO_RELATION,Reviewed cryptographic implementations versus contingency planning where updates are unavailable.,3,14
5.4-4,5.3.1-2.2,H,0.8408615136876006,497.0,250.0,1.988,False,sample,14,NO_RELATION,Uniqueness of security parameters versus notifying users of security updates.,3,14
5.3-16,5.1.2-6,L,0.4908212560386473,2981.0,200.0,14.905,False,sample,14,NO_RELATION,Recognizable model designation versus permissions granted on connected systems.,3,14
5.6-2,5.2.5-1,H,0.8159420289855073,497.0,250.0,1.988,False,sample,14,NO_RELATION,Limiting unauthenticated disclosure over network interfaces versus security testing before release.,3,14
5.1-2,5.1.2-1.1,L,0.5030595813204509,2981.0,200.0,14.905,False,sample,14,NO_RELATION,Password generation mechanism versus involving Data Custodians in requirements discussions.,3,14
5.3-1,5.2.5-2.1,M,0.6019726247987117,1490.0,200.0,7.45,False,sample,14,NO_RELATION,Updateability of software components versus the use of independent security testers.,3,14
5.1-5,5.2.2-4,L,0.4157004830917875,2981.0,200.0,14.905,False,sample,14,NO_RELATION,Brute-force resistance versus publishing a vulnerability disclosure policy.,3,14
5.6-5,5.1.3-1,L,0.3405797101449275,2981.0,200.0,14.905,False,sample,14,NO_RELATION,Disabling unnecessary services versus a threat modelling process naming AI-specific attacks.,3,14
5.6-9,5.1.3-1,H,0.8685185185185185,497.0,250.0,1.988,False,sample,14,COMPLEMENTARITY,Secure development process and threat analysis are distinct processes that together make up a secure development lifecycle.,2,14
5.3-2,5.4.1-3,L,0.282367149758454,2981.0,200.0,14.905,False,sample,14,NO_RELATION,Presence of a secure update mechanism versus preview access for evaluating model changes.,3,14
5.12-3,5.4.1-1,H,0.8031803542673106,497.0,250.0,1.988,False,sample,14,OVERLAP,"Both keep a deployed product in a maintained state, A by guiding and informing the user, B by supplying and delivering patches.",2,14
5.7-1,5.2.4-1.2,,,,,,,pilot,14,OVERLAP,"Both establish component authenticity cryptographically, A by verifying at boot, B by publishing the hashes to verify against.",3,14
5.5-5,5.2.4-1,L,0.5534219001610305,2981.0,200.0,14.905,False,sample,14,NO_RELATION,Authentication before configuration change versus documentation of design and maintenance plans.,3,14
5.8-2,5.1.4-4,M,0.6008051529790659,1490.0,200.0,7.45,False,sample,14,NO_RELATION,Encryption of sensitive data in transit versus verification that specified controls were implemented.,2,14
5.6-6,5.2.4-1,L,0.2848228663446054,2981.0,200.0,14.905,False,sample,14,NO_RELATION,Code minimization versus documentation of design and maintenance plans.,3,14
5.5-1,5.2.3-1,M,0.6605072463768116,1490.0,200.0,7.45,False,sample,14,NO_RELATION,Cryptography for secure communication versus secure software supply chain processes.,3,14
5.3-6A,5.2.5-3,L,0.2561191626409018,2981.0,200.0,14.905,False,sample,14,NO_RELATION,User control over automatic updates versus sharing test findings with operators.,3,14
5.2-1,5.1.3-2,H,0.9411835748792272,497.0,250.0,1.988,False,sample,14,COMPLEMENTARITY,An inbound disclosure route and outbound communication of unresolved threats are the two directions of one external security communication capability.,2,14
5.3-7,5.1.1-2.1,L,0.3576489533011272,2981.0,200.0,14.905,False,sample,14,NO_RELATION,Cryptography for the update mechanism versus internal channels for disseminating threat updates.,3,14
5.6-3,5.1.3-2,M,0.595048309178744,1490.0,200.0,7.45,False,sample,14,NO_RELATION,Physical interface exposure versus communication of unresolvable threats downstream.,3,14
5.5-8,5.1.2-5.1,M,0.5704106280193237,1490.0,200.0,7.45,False,sample,14,NO_RELATION,Management of critical security parameters versus encouraging staff to report risks.,3,14
5.1-5,5.2.2-5,L,0.2950080515297907,2981.0,200.0,14.905,True,sample,14,NO_RELATION,Brute-force resistance versus incident management and recovery planning.,3,14
5.5-6,5.2.1-4,,,,,,,pilot,14,OVERLAP,"Both keep sensitive material from unauthorized parties, A by encrypting parameters in transit, B by protecting training and test data.",2,14
5.11-4,5.3.1-2,L,0.5365136876006441,2981.0,200.0,14.905,False,sample,14,NO_RELATION,Confirmation that personal data was deleted versus general guidance on system use and configuration.,2,14
5.3-7,5.1.1-1.1,L,0.3665056360708534,2981.0,200.0,14.905,False,sample,14,NO_RELATION,Cryptography for the update mechanism versus role-tailored security training.,3,14
5.1-2,5.1.4-3,M,0.7161030595813205,1490.0,200.0,7.45,False,sample,14,NO_RELATION,Password generation mechanism versus technical measures supporting human oversight.,3,14
5.3-4B,5.4.1-3,M,0.7196054750402576,1490.0,200.0,7.45,False,sample,15,NO_RELATION,Consented automatic updating on a device versus preview access that lets operators evaluate model changes.,2,15
5.2-2,5.1.1-1,L,0.4794685990338164,2981.0,200.0,14.905,False,sample,15,NO_RELATION,Timely action on disclosed vulnerabilities versus AI content in a training programme.,3,15
5.1-1,5.1.1-2.2,L,0.3977455716586151,2981.0,200.0,14.905,False,sample,15,NO_RELATION,Per-device password uniqueness versus secure coding training.,3,15
5.3-1,5.2.1-3,L,0.3168679549114331,2981.0,200.0,14.905,False,sample,15,NO_RELATION,Updateability of software components versus disaster recovery planning.,3,15
5.12-3,5.2.5-1,H,0.8908615136876007,497.0,250.0,1.988,False,sample,15,NO_RELATION,User guidance on checking secure setup versus security testing before release.,3,15
5.3-4A,5.4.1-1,,,,,,,pilot,15,OVERLAP,"Both concern getting fixes onto the deployed product, A through an automatable mechanism, B through the supply and delivery obligation.",2,15
5.2-1,5.2.2-3,M,0.6115539452495973,1490.0,200.0,7.45,False,sample,15,NO_RELATION,Vulnerability disclosure policy versus separation of development environments.,3,15
5.10-1,5.4.2-4,,,,,,,pilot,15,OVERLAP,"Both examine operational data for security-relevant anomalies, A in device telemetry, B in model behaviour over time.",3,15
5.3-1,5.3.1-2.2,H,0.830072463768116,497.0,250.0,1.988,False,sample,15,NO_RELATION,Technical updateability of components versus the obligation to notify users of updates.,2,15
5.4-1,5.2.1-4.2,,,,,,,pilot,15,OVERLAP,"Both protect confidential material held at rest, A security parameters in device storage, B training data and model weights.",2,15
5.3-8,5.4.1-1.1,H,0.9250805152979066,497.0,250.0,1.988,False,sample,15,COMPLEMENTARITY,Prompt patching and mitigation where patching is impossible are the two arms of managing known vulnerabilities.,2,15
5.3-15A,5.4.1-1.1,L,0.5360708534621578,2981.0,200.0,14.905,True,sample,15,SUBSUMPTION_B_BROADER,"Both address products that cannot be updated; A names isolation, B requires mechanisms and contingency plans generally, of which isolation is one.",2,15
5.1-3,5.2.2-1,,,,,,,pilot,15,NO_RELATION,Cryptographic strength of authentication versus an organizational access control review.,2,15
5.2-2,5.4.1-1.1,M,0.7376811594202899,1490.0,200.0,7.45,False,sample,15,COMPLEMENTARITY,Acting on disclosed vulnerabilities and planning for the unpatchable case cover the two outcomes of a vulnerability report.,2,15
5.8-2,5.1.4-2,L,0.1581320450885668,2981.0,200.0,14.905,False,sample,15,NO_RELATION,Encryption of sensitive personal data versus interpretability of model outputs.,3,15
5.2-3,5.4.2-3,H,0.8826086956521738,497.0,250.0,1.988,False,sample,15,OVERLAP,"Both require ongoing observation to surface security problems, A of the product, B of the model's internal states.",2,15
5.5-5,5.3.1-2,H,0.7751207729468599,497.0,250.0,1.988,False,sample,15,NO_RELATION,Authentication before configuration change versus accessible user guidance.,3,15
5.9-3,5.2.5-4,,,,,,,pilot,15,NO_RELATION,Orderly network reconnection versus evaluating outputs for reverse engineering risk.,3,15
5.8-2,5.1.3-1.1,H,0.7869162640901772,497.0,250.0,1.988,False,sample,15,NO_RELATION,Encryption of sensitive personal data versus threat modelling on configuration change.,3,15
5.9-3,5.3.1-1,L,0.4196457326892109,2981.0,200.0,14.905,False,sample,15,NO_RELATION,Orderly network reconnection versus transparency about data use and storage.,3,15
5.2-3,5.3.1-3,H,0.9510064412238324,497.0,250.0,1.988,False,sample,15,COMPLEMENTARITY,Finding and fixing vulnerabilities and supporting affected users through an incident are separate parts of one response capability.,2,15
5.2-3,5.2.2-4,,,,,,,pilot,15,COMPLEMENTARITY,Internal monitoring and rectification and a published disclosure route are the inward and outward halves of vulnerability management.,2,15
5.4-1,5.2.2-4,M,0.6152979066022544,1490.0,200.0,7.45,False,sample,15,NO_RELATION,Secure storage of security parameters versus publishing a vulnerability disclosure policy.,3,15
5.3-1,5.4.1-2,M,0.6976650563607085,1490.0,200.0,7.45,False,sample,15,OVERLAP,"Both govern how software change is handled safely, A by requiring components to be securely updateable, B by re-testing after a major change.",2,15
5.3-7,5.2.3-1,M,0.7693236714975845,1490.0,200.0,7.45,False,sample,15,COMPLEMENTARITY,Cryptographic protection of the update path and secure supply chain process together establish that delivered software is trustworthy.,2,15
5.3-3,5.2.1-4.1,H,0.8065619967793882,497.0,250.0,1.988,False,sample,15,NO_RELATION,Ease of applying an update versus sanitisation of data and inputs.,3,15
5.5-1,5.2.2-1,,,,,,,pilot,15,NO_RELATION,Cryptography for secure communication versus an organizational access control review.,2,15
5.12-1,5.2.3-1,H,0.8067230273752013,497.0,250.0,1.988,False,sample,15,NO_RELATION,Usability of installation and maintenance versus secure software supply chain processes.,3,15
5.6-8,5.2.1-1,,,,,,,pilot,15,NO_RELATION,Hardware memory access control versus maintaining an asset inventory.,3,15
5.7-2,5.2.4-2,M,0.6366747181964573,1490.0,200.0,7.45,False,sample,15,NO_RELATION,Alerting on detected software tampering versus documenting public training data provenance.,3,15
5.5-1,5.2.3-2.2,L,0.4705716586151369,2981.0,200.0,14.905,False,sample,15,NO_RELATION,Cryptography for secure communication versus sharing documentation with End-users.,3,15
5.3-3,5.2.4-3,M,0.5882447665056361,1490.0,200.0,7.45,False,sample,15,NO_RELATION,Ease of applying an update versus an audit log of configuration changes.,3,15
5.6-9,5.2.1-4.1,H,0.8145330112721417,497.0,250.0,1.988,False,sample,15,COMPLEMENTARITY,A secure development process and design-time sanitisation of data and inputs are distinct obligations within secure engineering of the artefact.,2,15
5.1-1,5.3.1-2.1,L,0.3795893719806763,2981.0,200.0,14.905,False,sample,15,NO_RELATION,Password uniqueness versus guidance on appropriate use and failure modes.,3,15
5.5-7,5.2.2-2,H,0.7847020933977455,497.0,250.0,1.988,False,sample,15,OVERLAP,"Both harden a remotely accessible interface, A by protecting the credentials it carries, B by limiting how it can be exercised.",2,15
5.11-3,5.2.2-4,M,0.6442028985507247,1490.0,200.0,7.45,False,sample,15,NO_RELATION,Instructions for deleting personal data versus publishing a vulnerability disclosure policy.,3,15
5.6-9,5.1.2-5.1,M,0.6561594202898551,1490.0,200.0,7.45,False,sample,15,COMPLEMENTARITY,"A secure development process relies on staff raising risks they notice, which is what B mandates.",2,15
5.3-14,5.1.2-4,M,0.6785426731078905,1490.0,200.0,7.45,False,sample,15,NO_RELATION,Publishing the rationale for absent updates versus due diligence on external components.,3,15
5.12-1,5.5.1-2,L,0.5572866344605475,2981.0,200.0,14.905,False,sample,15,NO_RELATION,Usability of installation and maintenance versus secure deletion at decommissioning.,3,15
5.5-5,5.4.1-1,M,0.7067632850241546,1490.0,200.0,7.45,False,sample,15,NO_RELATION,Authentication before configuration change versus the patch delivery chain.,3,15
5.4-1,5.1.2-4,L,0.4454106280193237,2981.0,200.0,14.905,False,sample,16,NO_RELATION,Secure storage of security parameters versus due diligence on external components.,3,16
5.10-1,5.1.3-1,H,0.7918679549114331,497.0,250.0,1.988,False,sample,16,NO_RELATION,"Examining telemetry for anomalies versus a threat modelling process that names data poisoning, model inversion and membership inference.",2,16
5.4-1,5.3.1-3,L,0.5115539452495975,2981.0,200.0,14.905,False,sample,16,NO_RELATION,Secure storage of security parameters versus incident support for end users.,3,16
5.13-1B,5.2.1-4,H,0.8446457326892111,497.0,250.0,1.988,False,sample,16,NO_RELATION,Validation of network input versus confidentiality of training and test data.,3,16
5.6-1,5.4.1-1,M,0.5692431561996779,1490.0,200.0,7.45,False,sample,16,NO_RELATION,Disabling unused interfaces versus the patch delivery chain.,3,16
5.5-6,5.1.2-5,H,0.8130032206119162,497.0,250.0,1.988,False,sample,16,NO_RELATION,Encryption of security parameters in transit versus matching intended usage to data sensitivity.,3,16
5.6-8,5.2.1-4.2,M,0.6081320450885668,1490.0,200.0,7.45,False,sample,16,NO_RELATION,Memory access control is an exploit mitigation; B concerns confidentiality of training data and weights.,2,16
5.4-1,5.1.3-2,L,0.4667069243156199,2981.0,200.0,14.905,False,sample,16,NO_RELATION,Secure storage of security parameters versus communication of unresolvable threats.,3,16
5.9-3,5.2.1-3,,,,,,,pilot,16,NO_RELATION,Orderly network reconnection versus disaster recovery planning.,3,16
5.12-3,5.3.1-2.1,M,0.7382850241545894,1490.0,200.0,7.45,False,sample,16,OVERLAP,"Both require guidance that lets the user operate the product safely, A on verifying secure setup, B on limitations and failure modes.",2,16
5.10-1,5.1.4-4,M,0.6654186795491144,1490.0,200.0,7.45,False,sample,16,NO_RELATION,Examining telemetry for anomalies versus verifying that specified controls were built in.,3,16
5.12-2,5.2.4-1,H,0.7928341384863125,497.0,250.0,1.988,False,sample,16,NO_RELATION,Setup guidance for consumers versus an audit trail shared with downstream operators.,2,16
5.5-1,5.2.5-1,H,0.8258454106280194,497.0,250.0,1.988,False,sample,16,NO_RELATION,Cryptography for secure communication versus security testing before release.,3,16
5.9-1,5.3.1-3,M,0.6342190016103061,1490.0,200.0,7.45,False,sample,16,COMPLEMENTARITY,Designed-in resilience and a support process during an incident are different obligations that together limit the impact of disruption.,2,16
5.3-6B,5.3.1-2.2,,,,,,,pilot,16,OVERLAP,"Both concern security update notifications to the user; A gives the user control over them, B obliges the operator to send them.",3,16
5.3-15A,5.1.2-3,L,0.2119967793880837,2981.0,200.0,14.905,False,sample,16,NO_RELATION,Isolability of a non-updatable device versus maintaining an audit trail.,3,16
5.6-4A,5.1.1-2.2,M,0.5735104669887279,1490.0,200.0,7.45,False,sample,16,NO_RELATION,Disabling debug interfaces versus secure coding training.,3,16
5.5-6,5.1.2-4,M,0.6849436392914654,1490.0,200.0,7.45,False,sample,16,NO_RELATION,Encryption of security parameters in transit versus due diligence on external components.,3,16
5.5-4,5.2.5-1,L,0.1931964573268921,2981.0,200.0,14.905,False,sample,16,NO_RELATION,Authentication before network access versus security testing before release.,3,16
5.0-1,5.2.3-2,H,0.875523349436393,497.0,250.0,1.988,True,sample,16,OVERLAP,"Both require a documented justification when the security baseline is departed from, A for unfulfilled provisions, B for poorly secured components.",3,16
5.7-2,5.1.3-1.2,M,0.6560789049919485,1490.0,200.0,7.45,False,sample,16,NO_RELATION,Alerting on software tampering versus the risk of unused model capability.,3,16
5.5-2,5.1.1-2.1,M,0.6752415458937199,1490.0,200.0,7.45,False,sample,16,NO_RELATION,Reviewed cryptographic implementations versus internal channels for threat updates.,3,16
5.5-3,5.1.2-3,L,0.1226247987117552,2981.0,200.0,14.905,False,sample,16,NO_RELATION,Replaceability of cryptographic primitives versus maintaining an audit trail.,3,16
5.3-9,5.5.1-2,L,0.4209742351046698,2981.0,200.0,14.905,False,sample,16,NO_RELATION,Verifying update authenticity versus secure deletion at decommissioning.,3,16
5.3-11,5.1.2-1,M,0.7424315619967794,1490.0,200.0,7.45,False,sample,16,NO_RELATION,Informing the user of a required update versus the assessment preceding a decision to build.,3,16
5.7-2,5.2.3-4,M,0.6722624798711755,1490.0,200.0,7.45,False,sample,16,NO_RELATION,Alerting on detected tampering versus advance notice of model updates.,3,16
5.5-8,5.2.4-1,,,,,,,pilot,16,NO_RELATION,Management of critical security parameters versus documentation of design and maintenance plans.,2,16
5.8-3,5.1.2-3,,,,,,,pilot,16,NO_RELATION,Both are documentation duties but of unrelated content and audience: sensing capabilities for users versus an internal audit trail.,2,16
5.9-2,5.1.3-3,L,0.2394927536231884,2981.0,200.0,14.905,False,sample,16,NO_RELATION,Local operation during network loss versus assurance over an external risk owner.,3,16
5.3-11,5.3.1-1,H,0.812037037037037,497.0,250.0,1.988,False,sample,16,NO_RELATION,Notifying the user of a required update versus disclosing how their data is used and stored.,2,16
5.3-15A,5.2.4-2.1,L,0.2099436392914653,2981.0,200.0,14.905,False,sample,16,NO_RELATION,Isolability of a non-updatable device versus documentation of training data sources.,3,16
5.5-2,5.2.5-1,H,0.8822061191626409,497.0,250.0,1.988,False,sample,16,OVERLAP,"Both require assurance before release, A that implementations have been reviewed or evaluated, B that the system was security tested.",2,16
5.2-1,5.2.1-1,M,0.6200483091787439,1490.0,200.0,7.45,False,sample,16,NO_RELATION,Publishing a vulnerability disclosure policy versus maintaining an asset inventory.,3,16
5.3-14,5.1.4-1,L,0.4901368760064412,2981.0,200.0,14.905,False,sample,16,NO_RELATION,Transparency about absent updates versus designed-in human oversight capability.,3,16
5.10-1,5.4.2-3,H,0.8323268921095008,497.0,250.0,1.988,False,sample,16,OVERLAP,"Both instrument the running system to surface security problems, A through telemetry, B through internal model state.",3,16
5.3-16,5.4.2-2,L,0.2443639291465378,2981.0,200.0,14.905,False,sample,16,NO_RELATION,Recognizable model designation versus log analysis for model anomalies.,3,16
5.3-12,5.4.1-1,M,0.6995571658615136,1490.0,200.0,7.45,False,sample,16,OVERLAP,"Both govern the update reaching the user with notice, A of the disruption it causes, B of its availability and delivery.",2,16
5.5-8,5.2.1-2,H,0.8801529790660225,497.0,250.0,1.988,False,sample,16,OVERLAP,"Both require managed handling of security-relevant assets across their lifecycle, A of security parameters, B of AI assets.",2,16
5.8-1,5.2.5-2.1,L,0.3863526570048309,2981.0,200.0,14.905,False,sample,16,NO_RELATION,Encryption of personal data in transit versus the use of independent security testers.,3,16
5.9-3,5.2.2-1,L,0.3686795491143317,2981.0,200.0,14.905,False,sample,16,NO_RELATION,Orderly network reconnection versus evaluation of access control frameworks.,3,16
5.1-3,5.1.2-6,H,0.8518518518518519,497.0,250.0,1.988,False,sample,17,NO_RELATION,Cryptographic strength of authentication versus the permissions an AI system holds elsewhere.,3,17
5.11-1,5.3.1-3,M,0.6618357487922705,1490.0,200.0,7.45,False,sample,17,NO_RELATION,Erasure of user data versus support offered during an incident.,3,17
5.0-1,5.2.4-1.1,,,,,,,pilot,17,NO_RELATION,Recording why a provision is unmet versus the required security content of model documentation.,2,17
5.10-1,5.4.2-1,M,0.6580917874396135,1490.0,200.0,7.45,True,sample,17,OVERLAP,"Both build the operational record used to spot security problems, A by examining telemetry, B by logging system and user actions.",2,17
5.11-4,5.1.2-6,M,0.5777375201288245,1490.0,200.0,7.45,False,sample,17,NO_RELATION,Confirmation of data deletion versus permissions granted on connected systems.,3,17
5.7-2,5.4.2-2,,,,,,,pilot,17,OVERLAP,"Both detect that the system is no longer behaving as intended, A through integrity alerting, B through log analysis for anomalies.",2,17
5.3-14,5.4.1-2,M,0.7559178743961353,1490.0,200.0,7.45,False,sample,17,NO_RELATION,Transparency about absent updates versus re-testing after a major update.,3,17
5.3-11,5.3.1-3,H,0.7772946859903381,497.0,250.0,1.988,False,sample,17,NO_RELATION,Notifying users of a required update versus supporting them through an incident.,2,17
5.3-14,5.4.1-1,H,0.8731884057971013,497.0,250.0,1.988,False,sample,17,OVERLAP,"Both define the update support owed to the user; A covers what is published when updates are impossible, B the supply and delivery when they are not.",2,17
5.6-5,5.1.3-1.2,,,,,,,pilot,17,OVERLAP,"Both cut functionality that is not needed, A by enabling only required services, B by managing the risk of superfluous model capability.",3,17
5.2-1,5.1.3-4,L,0.5487117552334944,2981.0,200.0,14.905,False,sample,17,NO_RELATION,Publishing a disclosure policy versus continuous infrastructure monitoring against risk appetite.,3,17
5.6-3,5.2.3-2.1,M,0.6818840579710145,1490.0,200.0,7.45,False,sample,17,NO_RELATION,Physical interface exposure versus mitigating controls around poorly secured third-party components.,3,17
5.4-4,5.3.1-1,M,0.7642512077294686,1490.0,200.0,7.45,False,sample,17,NO_RELATION,Uniqueness of security parameters versus transparency about data use and storage.,3,17
5.0-1,5.2.4-1.2,H,0.7797504025764896,497.0,250.0,1.988,False,sample,17,NO_RELATION,Recording justifications for unmet provisions versus publishing hashes for model components.,3,17
5.3-2,5.1.1-2.2,L,0.4761674718196457,2981.0,200.0,14.905,False,sample,17,NO_RELATION,Presence of a secure update mechanism versus secure coding training.,3,17
5.8-1,5.2.3-2,L,0.4367149758454106,2981.0,200.0,14.905,False,sample,17,NO_RELATION,Encryption of personal data in transit versus justifying use of poorly documented components.,3,17
5.3-11,5.2.2-1,L,0.3651771336553945,2981.0,200.0,14.905,False,sample,17,NO_RELATION,Notifying users of a required update versus evaluation of access control frameworks.,3,17
5.6-8,5.1.1-2.2,M,0.576328502415459,1490.0,200.0,7.45,False,sample,17,COMPLEMENTARITY,Hardware mitigation of memory exploits and training that stops such flaws being written are distinct measures against one exploitation route.,2,17
5.5-3,5.4.1-1,,,,,,,pilot,17,COMPLEMENTARITY,Replaceable primitives and a working patch supply are separate preconditions for fixing a security weakness after deployment.,2,17
5.3-4B,5.4.1-1,,,,,,,pilot,17,OVERLAP,"Both get security fixes onto the deployed product, A through an activated automatic mechanism, B through the supply and delivery chain.",3,17
5.3-2,5.1.3-2,M,0.5889291465378421,1490.0,200.0,7.45,False,sample,17,NO_RELATION,Presence of a secure update mechanism versus communicating unresolvable threats downstream.,3,17
5.13-1A,5.2.3-2.1,M,0.6570450885668278,1490.0,200.0,7.45,False,sample,17,NO_RELATION,Validation of user interface input versus mitigating controls around poorly secured components.,3,17
5.3-2,5.2.2-3,M,0.5614734299516908,1490.0,200.0,7.45,False,sample,17,NO_RELATION,Presence of a secure update mechanism versus separation of development environments.,3,17
5.8-1,5.2.3-4,L,0.3097423510466988,2981.0,200.0,14.905,False,sample,17,NO_RELATION,Encryption of personal data in transit versus advance notice of model updates.,3,17
5.11-2,5.2.3-4,L,0.4952898550724637,2981.0,200.0,14.905,False,sample,17,NO_RELATION,Deletion of personal data from services versus advance notice of model updates.,3,17
5.5-1,5.4.2-3,H,0.774597423510467,497.0,250.0,1.988,False,sample,17,NO_RELATION,Cryptography for secure communication versus monitoring internal model states.,3,17
5.4-2,5.2.4-1.2,,,,,,,pilot,17,COMPLEMENTARITY,Tamper resistance of an identity and published hashes for components are distinct measures under one authenticity assurance.,2,17
5.1-1,5.2.2-1,,,,,,,pilot,17,NO_RELATION,Password uniqueness versus an organizational review of access control frameworks.,2,17
5.1-3,5.2.5-1,H,0.8694847020933978,497.0,250.0,1.988,False,sample,17,NO_RELATION,Cryptographic strength of authentication versus security testing before release.,3,17
5.7-2,5.2.1-3.1,,,,,,,pilot,17,OVERLAP,"Both recover from unauthorized modification through a known good state, which A's text names explicitly and B mandates outright.",3,17
5.8-2,5.1.2-5,H,0.9446054750402576,497.0,250.0,1.988,False,sample,17,COMPLEMENTARITY,Protection proportionate to risk and usage proportionate to data sensitivity are two sides of matching controls to what the data is worth.,2,17
5.7-1,5.2.5-4.1,L,0.4375603864734299,2981.0,200.0,14.905,False,sample,17,NO_RELATION,Secure boot verification versus evaluating outputs for unintended influence over the system.,3,17
5.3-13,5.2.2-6,M,0.756159420289855,1490.0,200.0,7.45,False,sample,17,NO_RELATION,Publishing the support period versus contractual terms with cloud providers.,3,17
5.4-1,5.2.2-2,L,0.3384863123993559,2981.0,200.0,14.905,False,sample,17,NO_RELATION,Secure storage of security parameters versus controls on an externally exposed model API.,3,17
5.6-8,5.1.2-3,M,0.5838969404186796,1490.0,200.0,7.45,False,sample,17,NO_RELATION,Hardware memory access control versus maintaining an audit trail.,3,17
5.5-4,5.2.2-2,,,,,,,pilot,17,OVERLAP,"Both restrict use of a remotely reachable interface, A by requiring authentication, B by applying attack-mitigating controls.",2,17
5.3-6B,5.2.4-3,H,0.8410225442834138,497.0,250.0,1.988,False,sample,17,NO_RELATION,User control over update notifications versus an audit log of configuration changes.,3,17
5.11-1,5.2.5-1,M,0.5663446054750403,1490.0,200.0,7.45,False,sample,17,NO_RELATION,Erasure of user data versus security testing before release.,3,17
5.5-2,5.4.2-4,H,0.7856280193236714,497.0,250.0,1.988,False,sample,17,NO_RELATION,Reviewed cryptographic implementations versus monitoring model behaviour over time.,3,17
5.1-2A,5.2.5-3,L,0.2553140096618357,2981.0,200.0,14.905,False,sample,17,NO_RELATION,Machine-to-machine authentication method versus sharing test findings with operators.,3,17
5.8-1,5.1.3-2,M,0.5700885668276973,1490.0,200.0,7.45,False,sample,18,NO_RELATION,Encryption of personal data in transit versus communication of unresolvable threats downstream.,3,18
5.5-3,5.2.5-3,L,0.0940821256038647,2981.0,200.0,14.905,False,sample,18,NO_RELATION,Replaceability of cryptographic primitives versus sharing test findings with operators.,3,18
5.9-2,5.2.4-1.1,L,0.2366747181964573,2981.0,200.0,14.905,False,sample,18,NO_RELATION,Local operation during network loss versus the required content of model documentation.,3,18
5.7-2,5.1.4-5,M,0.6722222222222222,1490.0,200.0,7.45,False,sample,18,NO_RELATION,Alerting on detected software tampering versus awareness of prohibited use cases.,3,18
5.2-2,5.2.2-4,,,,,,,pilot,18,OVERLAP,"Both constitute coordinated vulnerability handling; A obliges timely action on reports, B the published policy and route by which they arrive.",3,18
5.3-10,5.2.5-2.1,L,0.3500603864734299,2981.0,200.0,14.905,False,sample,18,NO_RELATION,Verifying update authenticity versus the use of independent security testers.,3,18
5.5-1,5.3.1-2,M,0.7325281803542673,1490.0,200.0,7.45,False,sample,18,NO_RELATION,Cryptography for secure communication versus accessible user guidance.,3,18
